post_id,campaign_id,creator_id,post_date,platform,format,views_at_24h,views_at_7d,views_at_30d,views_final,total_payout_earned,flagged_suspicious
PO00001,CA001,CR1167,2025-01-01,youtube,short,8211,33688,54183,56460,950,False
PO00002,CA001,CR0598,2025-01-01,youtube,short,34502,143153,237802,240557,9500,False
PO00003,CA001,CR0308,2025-01-01,youtube,short,21425,197766,1048390,1153752,33250,True
PO00004,CA001,CR0268,2025-01-01,youtube,reel,22633,47082,82555,81328,3800,False
PO00005,CA001,CR0268,2025-01-01,youtube,reel,2006,7465,11990,13066,0,False
PO00006,CA001,CR0773,2025-01-01,youtube,carousel,8223,26356,47274,51297,950,False
PO00007,CA001,CR0833,2025-01-01,youtube,short,12814,32617,44524,46669,950,False
PO00008,CA001,CR0087,2025-01-01,youtube,short,18789,60504,383215,433186,9500,True
PO00009,CA001,CR1167,2025-01-01,youtube,short,9388,32798,70197,75130,3800,False
PO00010,CA001,CR0816,2025-01-01,youtube,short,19715,40938,92915,100831,3800,False
PO00011,CA001,CR0100,2025-01-01,youtube,short,23947,54418,119346,131657,3800,False
PO00012,CA001,CR0670,2025-01-01,youtube,short,37541,79437,135960,159162,9500,False
PO00013,CA001,CR0095,2025-01-01,youtube,short,13269,33375,48549,53902,950,False
PO00014,CA001,CR0450,2025-01-01,youtube,short,53011,215509,295308,331647,9500,False
PO00015,CA001,CR1067,2025-01-01,youtube,reel,20669,108436,168633,187209,9500,False
PO00016,CA001,CR0816,2025-01-01,youtube,short,192592,735471,1089404,1208728,33250,False
PO00017,CA001,CR1067,2025-01-01,youtube,reel,80996,300102,476575,472093,9500,False
PO00018,CA001,CR0887,2025-01-01,youtube,long_form,121197,261476,572403,580105,33250,False
PO00019,CA001,CR0664,2025-01-01,youtube,long_form,2631,5252,10630,10535,0,False
PO00020,CA001,CR1067,2025-01-01,youtube,reel,79473,194685,418457,411594,9500,False
PO00021,CA001,CR0598,2025-01-01,youtube,short,10979,82192,120549,135935,3800,False
PO00022,CA001,CR0103,2025-01-01,youtube,carousel,2928,19354,200961,213670,9500,True
PO00023,CA001,CR0366,2025-01-01,youtube,short,8857,43978,71825,73625,3800,False
PO00024,CA001,CR1139,2025-01-01,youtube,short,3676,16231,22641,23599,950,False
PO00025,CA001,CR0706,2025-01-01,youtube,long_form,156,368,589,701,0,False
PO00026,CA001,CR0450,2025-01-01,youtube,short,7013,35795,48372,54517,950,False
PO00027,CA001,CR1167,2025-01-01,youtube,short,41427,142600,233803,274659,9500,False
PO00028,CA001,CR0103,2025-01-01,youtube,short,16523,22155,51015,61422,3800,False
PO00029,CA001,CR0816,2025-01-01,youtube,short,18088,43741,87915,94794,3800,False
PO00030,CA001,CR0670,2025-01-01,youtube,short,66064,174048,275116,315126,9500,False
PO00031,CA001,CR1067,2025-01-01,youtube,short,345199,581926,1428332,1450083,33250,False
PO00032,CA001,CR0099,2025-01-01,youtube,short,7337,44357,70272,74851,3800,False
PO00033,CA001,CR1167,2025-01-01,youtube,short,15677,31901,68782,68677,3800,False
PO00034,CA001,CR0103,2025-01-01,youtube,short,15829,69743,143075,156085,9500,False
PO00035,CA001,CR0833,2025-01-01,youtube,short,15631,53143,77058,82532,3800,False
PO00036,CA001,CR0087,2025-01-01,youtube,short,35697,130017,297116,299041,9500,False
PO00037,CA001,CR0366,2025-01-01,youtube,long_form,16518,153242,984366,1094631,33250,True
PO00038,CA001,CR0478,2025-01-01,youtube,reel,2473,4088,9155,11303,0,False
PO00039,CA001,CR0670,2025-01-01,youtube,short,1583,8721,14796,15118,950,False
PO00040,CA001,CR1098,2025-01-01,youtube,carousel,3669,19882,41148,42732,950,False
PO00041,CA001,CR0232,2025-01-01,youtube,reel,40012,192890,307384,323021,9500,False
PO00042,CA001,CR0308,2025-01-01,youtube,short,30254,133251,261669,275195,9500,False
PO00043,CA001,CR1098,2025-01-01,youtube,short,8128,27417,54383,57644,950,False
PO00044,CA001,CR1167,2025-01-01,youtube,long_form,3665,17671,30897,31189,950,False
PO00045,CA001,CR0232,2025-01-01,youtube,short,2849,13006,26361,26338,950,False
PO00046,CA001,CR0887,2025-01-01,youtube,long_form,57379,429696,571605,636193,33250,False
PO00047,CA001,CR1167,2025-01-01,youtube,short,13566,44897,58703,69507,3800,False
PO00048,CA001,CR0268,2025-01-01,youtube,short,4937,15124,112778,130916,3800,True
PO00049,CA001,CR1067,2025-01-01,youtube,short,2024,7083,13988,16469,950,False
PO00050,CA001,CR0598,2025-01-01,youtube,short,17569,42781,75694,80752,3800,False
PO00051,CA001,CR0308,2025-01-01,youtube,short,66337,321813,459034,482830,9500,False
PO00052,CA001,CR1087,2025-01-01,youtube,short,2524,5988,9002,10198,0,False
PO00053,CA002,CR0802,2025-01-04,instagram,short,901,2859,4225,4294,0,False
PO00054,CA002,CR0177,2025-01-04,instagram,long_form,237,454,1214,1243,0,False
PO00055,CA002,CR0731,2025-01-04,instagram,reel,474,1625,3259,3471,0,False
PO00056,CA002,CR0449,2025-01-04,instagram,short,348,543,1305,1422,0,False
PO00057,CA002,CR0651,2025-01-04,instagram,reel,412,1392,2016,2016,0,False
PO00058,CA002,CR0291,2025-01-04,instagram,reel,179074,614871,965468,1131217,21100,False
PO00059,CA002,CR0989,2025-01-04,instagram,reel,586,1863,2281,2695,0,False
PO00060,CA002,CR0924,2025-01-04,instagram,reel,2533,6878,10433,12765,600,False
PO00061,CA002,CR0662,2025-01-04,instagram,long_form,147,381,672,783,0,False
PO00062,CA002,CR0695,2025-01-04,instagram,short,100,588,2536,3075,0,True
PO00063,CA002,CR0821,2025-01-04,instagram,short,6280,9794,25438,25121,600,False
PO00064,CA002,CR1003,2025-01-04,instagram,long_form,374,1547,2585,3054,0,False
PO00065,CA002,CR0470,2025-01-04,instagram,reel,100,133,259,293,0,False
PO00066,CA002,CR1101,2025-01-04,instagram,reel,100,179,366,358,0,False
PO00067,CA002,CR1089,2025-01-04,instagram,short,1218,8528,12262,13157,600,False
PO00068,CA002,CR0086,2025-01-04,instagram,reel,7542,14808,32237,31861,2400,False
PO00069,CA002,CR0745,2025-01-04,instagram,reel,146,889,1239,1304,0,False
PO00070,CA002,CR1131,2025-01-04,instagram,reel,102,336,418,507,0,False
PO00071,CA002,CR0338,2025-01-04,instagram,carousel,3966,9512,26182,25661,600,False
PO00072,CA002,CR0367,2025-01-04,instagram,carousel,100,184,373,457,0,False
PO00073,CA002,CR0372,2025-01-04,instagram,reel,419,2362,3867,3900,0,False
PO00074,CA002,CR0622,2025-01-04,instagram,short,1600,7585,11461,12318,600,False
PO00075,CA002,CR0266,2025-01-04,instagram,reel,94269,205149,359528,351843,21100,False
PO00076,CA002,CR0107,2025-01-04,instagram,carousel,490,1702,2734,3271,0,False
PO00077,CA002,CR0279,2025-01-04,instagram,carousel,100,137,268,276,0,False
PO00078,CA002,CR0628,2025-01-04,instagram,carousel,100,100,150,164,0,False
PO00079,CA002,CR0057,2025-01-04,instagram,reel,25338,45502,82612,96347,6050,False
PO00080,CA002,CR0659,2025-01-04,instagram,short,62235,449972,681954,761566,21100,False
PO00081,CA002,CR0537,2025-01-04,instagram,short,2248,15560,78346,94550,6050,True
PO00082,CA002,CR0564,2025-01-04,instagram,reel,382,1021,1550,1751,0,False
PO00083,CA002,CR0021,2025-01-04,instagram,carousel,100,378,699,826,0,False
PO00084,CA002,CR0379,2025-01-04,instagram,reel,602,2133,3449,4267,0,False
PO00085,CA002,CR0903,2025-01-04,instagram,reel,137,230,520,542,0,False
PO00086,CA002,CR0143,2025-01-04,instagram,short,716,3472,4952,6051,0,False
PO00087,CA002,CR0547,2025-01-04,instagram,short,1365,2158,4958,5558,0,False
PO00088,CA002,CR0309,2025-01-04,instagram,short,553,1223,2557,2580,0,False
PO00089,CA002,CR0310,2025-01-04,instagram,reel,34184,148544,407105,403914,21100,False
PO00090,CA002,CR0357,2025-01-04,instagram,long_form,114,390,593,621,0,False
PO00091,CA002,CR0160,2025-01-04,instagram,reel,45267,90398,154098,173972,6050,False
PO00092,CA002,CR0739,2025-01-04,instagram,short,2940,5933,10506,12706,600,False
PO00093,CA002,CR1068,2025-01-04,instagram,reel,100,339,553,593,0,False
PO00094,CA002,CR0414,2025-01-04,instagram,short,262,833,1480,1592,0,False
PO00095,CA002,CR0441,2025-01-04,instagram,reel,329,1449,1960,2099,0,False
PO00096,CA002,CR1096,2025-01-04,instagram,reel,343,1042,1978,2058,0,False
PO00097,CA002,CR0406,2025-01-04,instagram,reel,10635,31899,45189,45970,2400,False
PO00098,CA002,CR0069,2025-01-04,instagram,reel,1525,4179,6116,6179,0,False
PO00099,CA002,CR0601,2025-01-04,instagram,reel,180,492,764,835,0,False
PO00100,CA002,CR0477,2025-01-04,instagram,short,1240,3436,5038,5053,0,False
PO00101,CA002,CR1159,2025-01-04,instagram,reel,1181,2755,4860,4754,0,False
PO00102,CA002,CR0225,2025-01-04,instagram,reel,812,4404,5998,6407,0,False
PO00103,CA002,CR1171,2025-01-04,instagram,reel,441,1304,2072,2114,0,False
PO00104,CA002,CR0290,2025-01-04,instagram,reel,196,1057,1491,1713,0,False
PO00105,CA002,CR1111,2025-01-04,instagram,reel,9024,53653,102247,106907,6050,False
PO00106,CA002,CR0239,2025-01-04,instagram,reel,100,360,915,894,0,False
PO00107,CA002,CR0321,2025-01-04,instagram,reel,113,254,407,440,0,False
PO00108,CA002,CR0502,2025-01-04,instagram,long_form,700,1628,2578,2815,0,False
PO00109,CA002,CR1165,2025-01-04,instagram,reel,1585,5280,10256,10419,600,False
PO00110,CA002,CR1002,2025-01-04,instagram,reel,303,1507,2168,2401,0,False
PO00111,CA002,CR1061,2025-01-04,instagram,reel,139,1478,7094,8248,600,True
PO00112,CA002,CR1192,2025-01-04,instagram,long_form,724,1805,2558,3019,0,False
PO00113,CA002,CR1028,2025-01-04,instagram,carousel,219,582,911,1090,0,False
PO00114,CA002,CR0543,2025-01-04,instagram,long_form,100,138,623,797,0,True
PO00115,CA002,CR0618,2025-01-04,instagram,short,334,1779,2606,2612,0,False
PO00116,CA002,CR0427,2025-01-04,instagram,reel,517,928,1768,1903,0,False
PO00117,CA002,CR0708,2025-01-04,instagram,carousel,144,806,1258,1424,0,False
PO00118,CA002,CR0722,2025-01-04,instagram,carousel,765,1976,2976,3101,0,False
PO00119,CA002,CR0526,2025-01-04,instagram,short,100,452,1096,1081,0,False
PO00120,CA002,CR0126,2025-01-04,instagram,short,3738,5394,11906,13859,600,False
PO00121,CA002,CR1036,2025-01-04,instagram,reel,153,263,512,560,0,False
PO00122,CA002,CR0265,2025-01-04,instagram,short,2121,5624,9484,9990,600,False
PO00123,CA002,CR0285,2025-01-04,instagram,short,100,116,192,199,0,False
PO00124,CA002,CR1006,2025-01-04,instagram,reel,100,100,100,100,0,False
PO00125,CA002,CR0637,2025-01-04,instagram,reel,680,1952,2936,3109,0,False
PO00126,CA002,CR0676,2025-01-04,instagram,carousel,143,283,427,531,0,False
PO00127,CA002,CR1134,2025-01-04,instagram,reel,1394,3375,6537,7084,600,False
PO00128,CA002,CR0112,2025-01-04,instagram,reel,892,4159,7536,8265,600,False
PO00129,CA002,CR0494,2025-01-04,instagram,short,106,320,1817,2375,0,True
PO00130,CA002,CR0567,2025-01-04,instagram,short,5518,18305,27629,34042,2400,False
PO00131,CA002,CR0561,2025-01-04,instagram,reel,208,544,1235,1272,0,False
PO00132,CA002,CR0970,2025-01-04,instagram,reel,710,1810,2568,3148,0,False
PO00133,CA002,CR0374,2025-01-04,instagram,reel,485,921,2162,2236,0,False
PO00134,CA002,CR1081,2025-01-04,instagram,carousel,100,202,348,430,0,False
PO00135,CA002,CR0121,2025-01-04,instagram,reel,435,908,1581,1721,0,False
PO00136,CA002,CR0237,2025-01-04,instagram,reel,124,312,630,708,0,False
PO00137,CA002,CR0945,2025-01-04,instagram,reel,531,707,1670,1913,0,False
PO00138,CA002,CR0730,2025-01-04,instagram,reel,276,1090,2023,2134,0,False
PO00139,CA002,CR0151,2025-01-04,instagram,reel,15294,69213,124765,147158,6050,False
PO00140,CA002,CR0207,2025-01-04,instagram,reel,1416,3821,7414,8581,600,False
PO00141,CA002,CR0998,2025-01-04,instagram,carousel,10723,25875,48636,50746,2400,False
PO00142,CA002,CR0482,2025-01-04,instagram,short,309,1434,1737,2064,0,False
PO00143,CA002,CR0649,2025-01-04,instagram,reel,1247,3615,5579,5815,0,False
PO00144,CA002,CR0033,2025-01-04,instagram,reel,103,177,338,408,0,False
PO00145,CA002,CR0525,2025-01-04,instagram,short,289,946,5483,6726,0,True
PO00146,CA002,CR0255,2025-01-04,instagram,reel,2785,12044,21228,25332,600,False
PO00147,CA002,CR0966,2025-01-04,instagram,reel,612,2360,4566,5019,0,False
PO00148,CA002,CR1153,2025-01-04,instagram,reel,100,231,1698,1900,0,True
PO00149,CA002,CR0590,2025-01-04,instagram,short,100,489,3603,4734,0,True
PO00150,CA002,CR0660,2025-01-04,instagram,reel,1762,4786,7159,7811,600,False
PO00151,CA002,CR0324,2025-01-04,instagram,carousel,142,646,1154,1356,0,False
PO00152,CA002,CR0702,2025-01-04,instagram,reel,331,636,1318,1427,0,False
PO00153,CA002,CR0076,2025-01-04,instagram,reel,931,6622,9564,11398,600,False
PO00154,CA002,CR0229,2025-01-04,instagram,short,284448,844723,1272805,1299960,21100,False
PO00155,CA002,CR0657,2025-01-04,instagram,reel,1915,5157,6700,8057,600,False
PO00156,CA002,CR0327,2025-01-04,instagram,reel,269,710,1594,1702,0,False
PO00157,CA002,CR1060,2025-01-04,instagram,reel,294,916,1811,1842,0,False
PO00158,CA002,CR0610,2025-01-04,instagram,carousel,100,427,592,620,0,False
PO00159,CA002,CR1124,2025-01-04,instagram,short,100,323,513,514,0,False
PO00160,CA002,CR0307,2025-01-04,instagram,reel,6125,9881,21805,22547,600,False
PO00161,CA002,CR0496,2025-01-04,instagram,reel,129,564,889,886,0,False
PO00162,CA002,CR0826,2025-01-04,instagram,long_form,362,1053,1719,1890,0,False
PO00163,CA002,CR0148,2025-01-04,instagram,short,7847,30431,56334,67922,2400,False
PO00164,CA002,CR0389,2025-01-04,instagram,reel,100,643,1037,1028,0,False
PO00165,CA002,CR0605,2025-01-04,instagram,long_form,19466,67779,100473,98674,6050,False
PO00166,CA002,CR0851,2025-01-04,instagram,reel,3548,10013,13403,15088,600,False
PO00167,CA002,CR0855,2025-01-04,instagram,reel,2675,6863,10097,10454,600,False
PO00168,CA002,CR0788,2025-01-04,instagram,carousel,100,169,255,311,0,False
PO00169,CA002,CR0022,2025-01-04,instagram,short,289,837,1161,1383,0,False
PO00170,CA002,CR1182,2025-01-04,instagram,short,100,507,887,906,0,False
PO00171,CA002,CR0848,2025-01-04,instagram,short,437,1265,1627,1829,0,False
PO00172,CA002,CR0836,2025-01-04,instagram,reel,542,1187,2873,2865,0,False
PO00173,CA002,CR0602,2025-01-04,instagram,carousel,100,274,563,566,0,False
PO00174,CA002,CR0055,2025-01-04,instagram,short,439,2205,4001,4482,0,False
PO00175,CA002,CR0889,2025-01-04,instagram,short,231,1728,2241,2784,0,False
PO00176,CA002,CR0315,2025-01-04,instagram,reel,350,1598,2958,3063,0,False
PO00177,CA002,CR0351,2025-01-04,instagram,carousel,100,100,524,691,0,True
PO00178,CA002,CR0877,2025-01-04,instagram,short,421,1168,1632,1906,0,False
PO00179,CA002,CR0993,2025-01-04,instagram,reel,100,169,307,366,0,False
PO00180,CA002,CR1088,2025-01-04,instagram,reel,157,720,903,1057,0,False
PO00181,CA002,CR1108,2025-01-04,instagram,reel,16867,63654,121619,132893,6050,False
PO00182,CA002,CR1070,2025-01-04,instagram,short,184,748,1184,1393,0,False
PO00183,CA002,CR0875,2025-01-04,instagram,long_form,100,100,184,210,0,False
PO00184,CA002,CR1170,2025-01-04,instagram,reel,487,864,1575,1789,0,False
PO00185,CA002,CR1055,2025-01-04,instagram,short,6406,14901,24009,23528,600,False
PO00186,CA002,CR0446,2025-01-04,instagram,reel,147838,220832,458362,554279,21100,False
PO00187,CA002,CR1014,2025-01-04,instagram,reel,438,738,1934,2002,0,False
PO00188,CA002,CR0392,2025-01-04,instagram,reel,1349,3483,7658,7486,600,False
PO00189,CA002,CR1120,2025-01-04,instagram,reel,2123,3545,9522,10106,600,False
PO00190,CA002,CR1109,2025-01-04,instagram,reel,314,787,1378,1644,0,False
PO00191,CA002,CR0253,2025-01-04,instagram,reel,781,2731,3720,4182,0,False
PO00192,CA002,CR0658,2025-01-04,instagram,long_form,100,154,433,429,0,False
PO00193,CA002,CR0397,2025-01-04,instagram,short,432,1279,2208,2231,0,False
PO00194,CA002,CR0753,2025-01-04,instagram,short,100,100,164,185,0,False
PO00195,CA002,CR0641,2025-01-04,instagram,long_form,2120,6922,14052,13849,600,False
PO00196,CA002,CR1115,2025-01-04,instagram,long_form,1654,5206,6800,7939,600,False
PO00197,CA002,CR0611,2025-01-04,instagram,reel,210,519,4739,5514,0,True
PO00198,CA002,CR1123,2025-01-04,instagram,reel,129081,227556,512465,500420,21100,False
PO00199,CA002,CR0793,2025-01-04,instagram,long_form,4925,14090,19279,22166,600,False
PO00200,CA002,CR0771,2025-01-04,instagram,carousel,291,691,1264,1297,0,False
PO00201,CA002,CR0153,2025-01-04,instagram,long_form,122,559,742,833,0,False
PO00202,CA002,CR1130,2025-01-04,instagram,long_form,45599,95751,154769,175294,6050,False
PO00203,CA002,CR0020,2025-01-04,instagram,reel,1899,6985,10812,12418,600,False
PO00204,CA002,CR0729,2025-01-04,instagram,reel,323,566,952,1161,0,False
PO00205,CA002,CR0078,2025-01-04,instagram,short,168,459,644,681,0,False
PO00206,CA002,CR0975,2025-01-04,instagram,carousel,1006,2686,3643,4004,0,False
PO00207,CA002,CR0062,2025-01-04,instagram,short,2019,7437,12718,13313,600,False
PO00208,CA002,CR0639,2025-01-04,instagram,reel,2857,7881,13032,13429,600,False
PO00209,CA002,CR0068,2025-01-04,instagram,reel,1544,8387,16280,17943,600,False
PO00210,CA002,CR0416,2025-01-04,instagram,reel,100,100,100,100,0,False
PO00211,CA002,CR0292,2025-01-04,instagram,long_form,100,242,372,449,0,False
PO00212,CA002,CR0385,2025-01-04,instagram,reel,2105,5934,11340,12220,600,False
PO00213,CA002,CR1091,2025-01-04,instagram,carousel,141,484,780,806,0,False
PO00214,CA002,CR0738,2025-01-04,instagram,short,2822,5634,11959,11652,600,False
PO00215,CA002,CR0539,2025-01-04,instagram,reel,100,102,132,158,0,False
PO00216,CA002,CR0007,2025-01-04,instagram,short,100,113,166,166,0,False
PO00217,CA002,CR0026,2025-01-04,instagram,reel,255,1096,1682,1946,0,False
PO00218,CA002,CR0604,2025-01-04,instagram,short,100,207,300,373,0,False
PO00219,CA003,CR0531,2025-01-07,youtube,carousel,1444,10855,15882,16826,450,False
PO00220,CA003,CR1162,2025-01-07,youtube,short,153,275,473,570,0,False
PO00221,CA003,CR0439,2025-01-07,youtube,reel,1327,3352,4711,4806,0,False
PO00222,CA003,CR1200,2025-01-07,youtube,short,100,390,536,661,0,False
PO00223,CA003,CR0175,2025-01-07,youtube,long_form,17067,35141,58867,72216,1800,False
PO00224,CA003,CR0549,2025-01-07,youtube,long_form,605,2680,5182,5869,0,False
PO00225,CA003,CR0209,2025-01-07,youtube,short,667,2509,3872,4801,0,False
PO00226,CA003,CR0925,2025-01-07,youtube,short,14948,40988,80981,85827,4550,False
PO00227,CA003,CR0286,2025-01-07,youtube,long_form,6934,19526,31060,31379,1800,False
PO00228,CA003,CR0781,2025-01-07,youtube,short,188,596,1223,1192,0,False
PO00229,CA003,CR1012,2025-01-07,youtube,reel,162,885,1339,1475,0,False
PO00230,CA003,CR0598,2025-01-07,youtube,long_form,4744,31413,51698,51088,1800,False
PO00231,CA003,CR0378,2025-01-07,youtube,short,1690,3269,31048,38204,1800,True
PO00232,CA003,CR0023,2025-01-07,youtube,long_form,100,100,140,171,0,False
PO00233,CA003,CR1098,2025-01-07,youtube,long_form,5107,26191,53211,53253,1800,False
PO00234,CA003,CR0809,2025-01-07,youtube,long_form,218,532,1401,1381,0,False
PO00235,CA003,CR0668,2025-01-07,youtube,short,222,631,1350,1450,0,False
PO00236,CA003,CR0298,2025-01-07,youtube,reel,3183,5631,11357,11984,450,False
PO00237,CA003,CR0197,2025-01-07,youtube,short,534,1127,2795,2750,0,False
PO00238,CA003,CR1198,2025-01-07,youtube,long_form,103,638,907,1049,0,False
PO00239,CA003,CR0142,2025-01-07,youtube,reel,2573,7363,11257,13836,450,False
PO00240,CA003,CR0671,2025-01-07,youtube,reel,100,338,659,701,0,False
PO00241,CA003,CR0344,2025-01-07,youtube,short,100,155,245,282,0,False
PO00242,CA003,CR0125,2025-01-07,youtube,reel,723,3438,5621,6027,0,False
PO00243,CA003,CR0159,2025-01-07,youtube,short,699,5146,7586,8277,450,False
PO00244,CA003,CR0393,2025-01-07,youtube,short,100,122,167,176,0,False
PO00245,CA003,CR0782,2025-01-07,youtube,short,530,1786,2873,3130,0,False
PO00246,CA003,CR1026,2025-01-07,youtube,long_form,573,1456,2303,2357,0,False
PO00247,CA003,CR0366,2025-01-07,youtube,long_form,203633,409726,632306,743905,15950,False
PO00248,CA003,CR1019,2025-01-07,youtube,carousel,126,567,992,1107,0,False
PO00249,CA003,CR1043,2025-01-07,youtube,short,943,3405,5095,5157,0,False
PO00250,CA003,CR0039,2025-01-07,youtube,short,6333,13826,21586,25439,450,False
PO00251,CA003,CR1141,2025-01-07,youtube,long_form,671,1658,2532,2656,0,False
PO00252,CA003,CR0844,2025-01-07,youtube,short,500,1734,2725,2898,0,False
PO00253,CA003,CR0992,2025-01-07,youtube,short,2048,4600,8636,9792,450,False
PO00254,CA003,CR0355,2025-01-07,youtube,short,345,813,1558,1521,0,False
PO00255,CA003,CR0734,2025-01-07,youtube,reel,535,2493,4350,4441,0,False
PO00256,CA003,CR0247,2025-01-07,youtube,reel,1627,3454,5589,6596,0,False
PO00257,CA003,CR0866,2025-01-07,youtube,short,2833,6638,14431,14824,450,False
PO00258,CA003,CR0541,2025-01-07,youtube,short,872,1932,2812,3237,0,False
PO00259,CA003,CR0811,2025-01-07,youtube,long_form,653,1539,3103,3527,0,False
PO00260,CA003,CR0382,2025-01-07,youtube,long_form,1087,2733,4237,5096,0,False
PO00261,CA003,CR0223,2025-01-07,youtube,short,1339,3203,3929,4876,0,False
PO00262,CA003,CR0632,2025-01-07,youtube,short,2274,7522,16866,17890,450,False
PO00263,CA003,CR1110,2025-01-07,youtube,short,1278,4587,10529,12857,450,False
PO00264,CA003,CR1139,2025-01-07,youtube,short,1635,3275,6836,7081,0,False
PO00265,CA003,CR0164,2025-01-07,youtube,carousel,165,488,685,799,0,False
PO00266,CA003,CR0437,2025-01-07,youtube,short,276,518,1079,1061,0,False
PO00267,CA003,CR1023,2025-01-07,youtube,long_form,209,702,1537,1864,0,False
PO00268,CA003,CR0704,2025-01-07,youtube,carousel,489,1347,2000,2360,0,False
PO00269,CA003,CR0368,2025-01-07,youtube,short,367,1892,2563,3138,0,False
PO00270,CA003,CR0929,2025-01-07,youtube,short,587,1000,2466,2431,0,False
PO00271,CA003,CR0056,2025-01-07,youtube,long_form,100,358,504,534,0,False
PO00272,CA003,CR0961,2025-01-07,youtube,reel,491,1334,2068,2526,0,False
PO00273,CA003,CR0346,2025-01-07,youtube,long_form,1376,4550,6053,6626,0,False
PO00274,CA003,CR0789,2025-01-07,youtube,long_form,120,567,778,949,0,False
PO00275,CA003,CR0923,2025-01-07,youtube,carousel,3931,11896,18364,21274,450,False
PO00276,CA003,CR0480,2025-01-07,youtube,short,217,1334,1642,1987,0,False
PO00277,CA003,CR0587,2025-01-07,youtube,short,105,600,1192,1259,0,False
PO00278,CA003,CR0096,2025-01-07,youtube,short,185,635,1621,1718,0,False
PO00279,CA003,CR0450,2025-01-07,youtube,short,5053,7856,19730,20869,450,False
PO00280,CA003,CR0689,2025-01-07,youtube,reel,891,1467,3696,3985,0,False
PO00281,CA004,CR0107,2025-01-10,instagram,carousel,100,254,408,453,0,False
PO00282,CA004,CR1089,2025-01-10,instagram,short,192,985,1208,1495,0,False
PO00283,CA004,CR0628,2025-01-10,instagram,short,126,297,646,681,0,False
PO00284,CA004,CR0695,2025-01-10,instagram,short,608,1601,2459,2658,0,False
PO00285,CA004,CR0753,2025-01-10,instagram,short,381,1070,1783,1806,0,False
PO00286,CA004,CR0068,2025-01-10,instagram,reel,212,906,1616,1707,0,False
PO00287,CA004,CR0385,2025-01-10,instagram,reel,293,487,932,1127,0,False
PO00288,CA004,CR0612,2025-01-10,instagram,reel,100,149,362,419,0,False
PO00289,CA004,CR1036,2025-01-10,instagram,reel,100,148,820,916,0,True
PO00290,CA004,CR0471,2025-01-10,instagram,long_form,227,837,1180,1354,0,False
PO00291,CA004,CR0372,2025-01-10,instagram,reel,302,454,890,1105,0,False
PO00292,CA004,CR0225,2025-01-10,instagram,reel,188,516,712,772,0,False
PO00293,CA004,CR1175,2025-01-10,instagram,reel,11817,35552,214275,254782,15700,True
PO00294,CA004,CR0596,2025-01-10,instagram,short,531,1549,1919,2394,0,False
PO00295,CA004,CR0569,2025-01-10,instagram,reel,174,356,542,639,0,False
PO00296,CA004,CR1123,2025-01-10,instagram,reel,25945,87410,121094,136114,4500,False
PO00297,CA004,CR0256,2025-01-10,instagram,reel,1027,2227,3913,4679,0,False
PO00298,CA004,CR0496,2025-01-10,instagram,reel,4077,10700,18423,20133,450,False
PO00299,CA004,CR0738,2025-01-10,instagram,reel,406,567,1374,1532,0,False
PO00300,CA004,CR0676,2025-01-10,instagram,reel,167,231,625,633,0,False
PO00301,CA004,CR0353,2025-01-10,instagram,short,10761,28546,36809,43804,1800,False
PO00302,CA004,CR0915,2025-01-10,instagram,reel,2450,5515,9973,11708,450,False
PO00303,CA004,CR0766,2025-01-10,instagram,long_form,100,100,100,100,0,False
PO00304,CA004,CR0836,2025-01-10,instagram,reel,341,1154,1718,1807,0,False
PO00305,CA004,CR0392,2025-01-10,instagram,short,652,2194,5026,5215,0,False
PO00306,CA004,CR0852,2025-01-10,instagram,reel,628022,2073767,2894556,3314354,15700,False
PO00307,CA004,CR0602,2025-01-10,instagram,long_form,467,794,1585,1812,0,False
PO00308,CA004,CR0143,2025-01-10,instagram,reel,100,135,172,204,0,False
PO00309,CA004,CR0904,2025-01-10,instagram,reel,100,943,4236,4798,0,True
PO00310,CA004,CR0889,2025-01-10,instagram,short,143,347,560,662,0,False
PO00311,CA004,CR0740,2025-01-10,instagram,long_form,324,1493,2324,2415,0,False
PO00312,CA004,CR0672,2025-01-10,instagram,long_form,100,100,100,100,0,False
PO00313,CA004,CR1028,2025-01-10,instagram,long_form,100,100,102,100,0,False
PO00314,CA004,CR0847,2025-01-10,instagram,long_form,1612,5615,7640,9196,450,False
PO00315,CA004,CR0176,2025-01-10,instagram,reel,100,178,455,445,0,False
PO00316,CA004,CR0499,2025-01-10,instagram,reel,1018,2060,4604,4991,0,False
PO00317,CA004,CR0716,2025-01-10,instagram,short,466,1821,2615,3168,0,False
PO00318,CA004,CR0134,2025-01-10,instagram,short,100,100,136,170,0,False
PO00319,CA004,CR0309,2025-01-10,instagram,carousel,197,464,715,725,0,False
PO00320,CA004,CR0993,2025-01-10,instagram,reel,867,2782,4831,5806,0,False
PO00321,CA004,CR0526,2025-01-10,instagram,reel,206,879,1666,1830,0,False
PO00322,CA004,CR0292,2025-01-10,instagram,short,122,641,1174,1405,0,False
PO00323,CA004,CR0302,2025-01-10,instagram,reel,100,100,105,115,0,False
PO00324,CA004,CR0237,2025-01-10,instagram,reel,100,226,388,396,0,False
PO00325,CA004,CR1168,2025-01-10,instagram,reel,456,1529,3428,3331,0,False
PO00326,CA004,CR0043,2025-01-10,instagram,reel,127,748,1080,1138,0,False
PO00327,CA004,CR0970,2025-01-10,instagram,short,100,513,746,734,0,False
PO00328,CA004,CR0470,2025-01-10,instagram,long_form,100,100,151,166,0,False
PO00329,CA004,CR0048,2025-01-10,instagram,short,135,444,697,776,0,False
PO00330,CA004,CR0729,2025-01-10,instagram,carousel,100,151,774,930,0,True
PO00331,CA004,CR0657,2025-01-10,instagram,reel,201,612,890,888,0,False
PO00332,CA004,CR0989,2025-01-10,instagram,reel,154,534,706,793,0,False
PO00333,CA004,CR0690,2025-01-10,instagram,carousel,642,2319,3027,3474,0,False
PO00334,CA004,CR0436,2025-01-10,instagram,long_form,377,811,1905,1974,0,False
PO00335,CA004,CR0826,2025-01-10,instagram,short,100,330,459,483,0,False
PO00336,CA004,CR0678,2025-01-10,instagram,long_form,387,1804,3284,3445,0,False
PO00337,CA004,CR0394,2025-01-10,instagram,reel,278,638,887,1098,0,False
PO00338,CA004,CR1003,2025-01-10,instagram,carousel,195,440,721,711,0,False
PO00339,CA004,CR0350,2025-01-10,instagram,long_form,226,1063,1557,1561,0,False
PO00340,CA004,CR0788,2025-01-10,instagram,reel,100,100,100,100,0,False
PO00341,CA004,CR0020,2025-01-10,instagram,reel,4646,12547,22317,27316,1800,False
PO00342,CA004,CR0062,2025-01-10,instagram,reel,100,181,319,398,0,False
PO00343,CA004,CR0369,2025-01-10,instagram,carousel,2518,3811,8966,9840,450,False
PO00344,CA004,CR0265,2025-01-10,instagram,long_form,2138,5541,8317,9416,450,False
PO00345,CA004,CR1077,2025-01-10,instagram,reel,183,507,1171,1274,0,False
PO00346,CA004,CR0180,2025-01-10,instagram,carousel,8674,31138,48280,53084,1800,False
PO00347,CA004,CR1132,2025-01-10,instagram,long_form,100,135,262,288,0,False
PO00348,CA004,CR0637,2025-01-10,instagram,short,531,2654,4307,4860,0,False
PO00349,CA004,CR1091,2025-01-10,instagram,reel,100,187,295,294,0,False
PO00350,CA004,CR0314,2025-01-10,instagram,reel,157,254,519,611,0,False
PO00351,CA004,CR0112,2025-01-10,instagram,short,100,100,125,125,0,False
PO00352,CA004,CR0656,2025-01-10,instagram,short,106,818,7819,9030,450,True
PO00353,CA004,CR0525,2025-01-10,instagram,reel,1486,6543,13016,14328,450,False
PO00354,CA004,CR0494,2025-01-10,instagram,reel,100,172,298,303,0,False
PO00355,CA004,CR0434,2025-01-10,instagram,short,13815,46292,72343,77727,4500,False
PO00356,CA004,CR0120,2025-01-10,instagram,reel,100,100,100,100,0,False
PO00357,CA004,CR0663,2025-01-10,instagram,reel,100,266,360,450,0,False
PO00358,CA004,CR0414,2025-01-10,instagram,reel,952,2480,4102,4261,0,False
PO00359,CA004,CR0618,2025-01-10,instagram,short,100,100,100,100,0,False
PO00360,CA004,CR0084,2025-01-10,instagram,reel,441,2040,2806,3273,0,False
PO00361,CA004,CR0251,2025-01-10,instagram,long_form,486,1380,2431,3036,0,False
PO00362,CA004,CR0543,2025-01-10,instagram,reel,100,100,108,122,0,False
PO00363,CA004,CR1070,2025-01-10,instagram,reel,793,1918,2504,2870,0,False
PO00364,CA004,CR0896,2025-01-10,instagram,short,833,2474,5190,5138,0,False
PO00365,CA004,CR1192,2025-01-10,instagram,long_form,127,450,888,990,0,False
PO00366,CA004,CR1096,2025-01-10,instagram,reel,115,548,919,923,0,False
PO00367,CA004,CR0055,2025-01-10,instagram,short,100,320,476,525,0,False
PO00368,CA004,CR0564,2025-01-10,instagram,reel,2080,4208,8526,8361,450,False
PO00369,CA004,CR0642,2025-01-10,instagram,reel,87119,176925,279533,337222,15700,False
PO00370,CA004,CR0719,2025-01-10,instagram,reel,6023,14962,38394,40283,1800,False
PO00371,CA004,CR0539,2025-01-10,instagram,short,170,268,573,616,0,False
PO00372,CA004,CR0121,2025-01-10,instagram,short,483,1270,1993,2407,0,False
PO00373,CA004,CR1149,2025-01-10,instagram,short,100,352,2249,2368,0,True
PO00374,CA004,CR1104,2025-01-10,instagram,long_form,7799,14077,27971,28378,1800,False
PO00375,CA004,CR0518,2025-01-10,instagram,reel,100,268,652,764,0,False
PO00376,CA004,CR0730,2025-01-10,instagram,reel,100,189,271,293,0,False
PO00377,CA004,CR0185,2025-01-10,instagram,reel,881,2965,3825,4391,0,False
PO00378,CA004,CR0848,2025-01-10,instagram,short,100,189,247,278,0,False
PO00379,CA004,CR0605,2025-01-10,instagram,long_form,1419,5979,8042,9344,450,False
PO00380,CA004,CR0321,2025-01-10,instagram,reel,100,100,134,147,0,False
PO00381,CA004,CR0080,2025-01-10,instagram,short,144,319,499,592,0,False
PO00382,CA004,CR0924,2025-01-10,instagram,short,100,100,155,170,0,False
PO00383,CA004,CR0535,2025-01-10,instagram,carousel,100,408,3342,3734,0,True
PO00384,CA004,CR0285,2025-01-10,instagram,short,100,234,374,398,0,False
PO00385,CA004,CR1060,2025-01-10,instagram,reel,113,459,752,802,0,False
PO00386,CA004,CR0007,2025-01-10,instagram,reel,289,598,1008,1084,0,False
PO00387,CA004,CR0279,2025-01-10,instagram,short,112,816,3956,4343,0,True
PO00388,CA004,CR0397,2025-01-10,instagram,reel,129,444,1036,1058,0,False
PO00389,CA004,CR0540,2025-01-10,instagram,short,100,136,315,380,0,False
PO00390,CA004,CR0982,2025-01-10,instagram,reel,100,133,283,352,0,False
PO00391,CA004,CR0273,2025-01-10,instagram,short,9826,26385,56167,59638,1800,False
PO00392,CA004,CR0800,2025-01-10,instagram,reel,100,179,255,319,0,False
PO00393,CA004,CR1171,2025-01-10,instagram,short,100,280,342,401,0,False
PO00394,CA004,CR0658,2025-01-10,instagram,long_form,103,354,754,734,0,False
PO00395,CA004,CR0739,2025-01-10,instagram,short,125,257,2174,2863,0,True
PO00396,CA004,CR0446,2025-01-10,instagram,reel,19560,78588,160285,163648,4500,False
PO00397,CA004,CR0177,2025-01-10,instagram,reel,236,795,1096,1152,0,False
PO00398,CA004,CR1076,2025-01-10,instagram,reel,1985,3809,6653,7865,450,False
PO00399,CA004,CR1131,2025-01-10,instagram,reel,268,853,1368,1379,0,False
PO00400,CA004,CR0903,2025-01-10,instagram,reel,177,447,1073,1067,0,False
PO00401,CA004,CR0589,2025-01-10,instagram,carousel,514,1085,2326,2459,0,False
PO00402,CA004,CR0722,2025-01-10,instagram,reel,1055,2232,4598,5090,0,False
PO00403,CA004,CR0967,2025-01-10,instagram,carousel,100,183,375,391,0,False
PO00404,CA004,CR1124,2025-01-10,instagram,short,100,234,537,571,0,False
PO00405,CA004,CR1006,2025-01-10,instagram,short,100,150,414,423,0,False
PO00406,CA004,CR0287,2025-01-10,instagram,reel,766,3187,3984,4746,0,False
PO00407,CA004,CR0584,2025-01-10,instagram,reel,332,820,1195,1229,0,False
PO00408,CA004,CR0191,2025-01-10,instagram,reel,342,1411,1952,2055,0,False
PO00409,CA004,CR0542,2025-01-10,instagram,reel,421,2133,4374,4533,0,False
PO00410,CA004,CR0367,2025-01-10,instagram,reel,710,1606,3082,3022,0,False
PO00411,CA004,CR0335,2025-01-10,instagram,carousel,100,100,138,139,0,False
PO00412,CA004,CR0854,2025-01-10,instagram,short,100,322,406,479,0,False
PO00413,CA004,CR0327,2025-01-10,instagram,carousel,137,254,425,521,0,False
PO00414,CA004,CR0731,2025-01-10,instagram,long_form,100,181,241,286,0,False
PO00415,CA004,CR0389,2025-01-10,instagram,short,100,129,283,279,0,False
PO00416,CA004,CR0357,2025-01-10,instagram,short,100,343,516,540,0,False
PO00417,CA004,CR0153,2025-01-10,instagram,short,137,875,1260,1408,0,False
PO00418,CA004,CR0441,2025-01-10,instagram,reel,100,100,155,152,0,False
PO00419,CA004,CR0231,2025-01-10,instagram,reel,842,1972,3133,3487,0,False
PO00420,CA004,CR0619,2025-01-10,instagram,long_form,100,100,211,210,0,False
PO00421,CA004,CR1101,2025-01-10,instagram,short,211,444,732,886,0,False
PO00422,CA004,CR0050,2025-01-10,instagram,reel,106,192,386,457,0,False
PO00423,CA004,CR0777,2025-01-10,instagram,long_form,100,280,587,615,0,False
PO00424,CA004,CR0966,2025-01-10,instagram,carousel,157,623,871,934,0,False
PO00425,CA004,CR1061,2025-01-10,instagram,reel,120,842,1219,1298,0,False
PO00426,CA004,CR1112,2025-01-10,instagram,reel,210,582,830,1017,0,False
PO00427,CA004,CR0303,2025-01-10,instagram,carousel,5531,23171,38664,38989,1800,False
PO00428,CA004,CR0221,2025-01-10,instagram,short,1935,7034,13252,13417,450,False
PO00429,CA004,CR0425,2025-01-10,instagram,reel,100,100,110,133,0,False
PO00430,CA004,CR0819,2025-01-10,instagram,reel,166,365,653,718,0,False
PO00431,CA004,CR0652,2025-01-10,instagram,reel,100,100,100,100,0,False
PO00432,CA004,CR0851,2025-01-10,instagram,reel,100,155,365,372,0,False
PO00433,CA004,CR0983,2025-01-10,instagram,reel,1187,3167,5925,6093,0,False
PO00434,CA004,CR0919,2025-01-10,instagram,reel,304,784,1229,1236,0,False
PO00435,CA004,CR0428,2025-01-10,instagram,short,200,408,810,789,0,False
PO00436,CA004,CR0253,2025-01-10,instagram,long_form,100,336,446,541,0,False
PO00437,CA004,CR0067,2025-01-10,instagram,reel,83646,207083,299734,335360,15700,False
PO00438,CA004,CR0737,2025-01-10,instagram,reel,100,197,264,285,0,False
PO00439,CA004,CR0639,2025-01-10,instagram,short,121,380,610,726,0,False
PO00440,CA004,CR0324,2025-01-10,instagram,short,723,1104,2883,3101,0,False
PO00441,CA004,CR0476,2025-01-10,instagram,reel,100,334,1599,1684,0,True
PO00442,CA004,CR0026,2025-01-10,instagram,short,127,251,668,694,0,False
PO00443,CA004,CR0078,2025-01-10,instagram,carousel,100,163,324,336,0,False
PO00444,CA004,CR1147,2025-01-10,instagram,reel,100,138,212,217,0,False
PO00445,CA004,CR0315,2025-01-10,instagram,reel,2138,5260,11302,12962,450,False
PO00446,CA004,CR0702,2025-01-10,instagram,reel,304,747,1445,1456,0,False
PO00447,CA004,CR0877,2025-01-10,instagram,reel,100,269,388,457,0,False
PO00448,CA004,CR1182,2025-01-10,instagram,long_form,100,379,745,758,0,False
PO00449,CA004,CR0069,2025-01-10,instagram,short,466,1573,2366,2836,0,False
PO00450,CA004,CR0949,2025-01-10,instagram,reel,770,1749,3053,3367,0,False
PO00451,CA004,CR0174,2025-01-10,instagram,short,655,1543,2287,2359,0,False
PO00452,CA005,CR0444,2025-01-13,youtube,short,5278,29374,45003,45438,1500,False
PO00453,CA005,CR1005,2025-01-13,youtube,short,4772,11501,14754,18228,400,False
PO00454,CA005,CR0190,2025-01-13,youtube,long_form,356,2171,3256,3432,0,False
PO00455,CA005,CR0742,2025-01-13,youtube,short,455,1062,1575,1818,0,False
PO00456,CA005,CR0883,2025-01-13,youtube,carousel,827,2047,4931,5149,0,False
PO00457,CA005,CR0194,2025-01-13,youtube,short,4243,7902,17529,18171,400,False
PO00458,CA005,CR0100,2025-01-13,youtube,reel,31588,56976,101675,118155,3800,False
PO00459,CA005,CR1062,2025-01-13,youtube,carousel,571,1158,1971,2179,0,False
PO00460,CA005,CR0885,2025-01-13,youtube,short,8647,36126,51391,59368,1500,False
PO00461,CA005,CR0705,2025-01-13,youtube,short,2779,7849,14053,16374,400,False
PO00462,CA005,CR0887,2025-01-13,youtube,reel,65420,184182,387498,399483,13300,False
PO00463,CA005,CR1075,2025-01-13,youtube,short,3340,17171,32345,34681,400,False
PO00464,CA005,CR0322,2025-01-13,youtube,short,1308,5834,7896,8781,0,False
PO00465,CA005,CR0444,2025-01-13,youtube,short,612,3878,5181,5920,0,False
PO00466,CA005,CR0971,2025-01-13,youtube,carousel,3719,8687,19672,20214,400,False
PO00467,CA005,CR1154,2025-01-13,youtube,short,9054,18742,42048,40836,400,False
PO00468,CA005,CR0757,2025-01-13,youtube,long_form,1712,4703,7395,8654,0,False
PO00469,CA005,CR0871,2025-01-13,youtube,short,1132,7332,10473,12528,400,False
PO00470,CA005,CR0454,2025-01-13,youtube,short,8207,21705,38437,38456,400,False
PO00471,CA005,CR0429,2025-01-13,youtube,short,5252,15106,28166,31695,400,False
PO00472,CA005,CR0468,2025-01-13,youtube,short,608,1515,2422,2890,0,False
PO00473,CA005,CR0040,2025-01-13,youtube,short,4078,8507,14981,15678,400,False
PO00474,CA005,CR0095,2025-01-13,youtube,reel,647,1837,3518,4293,0,False
PO00475,CA005,CR1107,2025-01-13,youtube,long_form,257,1530,2168,2214,0,False
PO00476,CA005,CR0004,2025-01-13,youtube,long_form,12766,29749,63550,72614,1500,False
PO00477,CA005,CR0295,2025-01-13,youtube,short,100,722,3458,4464,0,True
PO00478,CA005,CR0182,2025-01-13,youtube,reel,649,2561,5786,5949,0,False
PO00479,CA005,CR0418,2025-01-13,youtube,short,1305,2120,4403,5114,0,False
PO00480,CA005,CR0712,2025-01-13,youtube,short,1101,2645,3868,4136,0,False
PO00481,CA005,CR0979,2025-01-13,youtube,reel,5124,8092,20772,21571,400,False
PO00482,CA005,CR1038,2025-01-13,youtube,long_form,1339,3680,7091,7377,0,False
PO00483,CA005,CR0087,2025-01-13,youtube,long_form,19296,130935,230789,231053,3800,False
PO00484,CA005,CR0144,2025-01-13,youtube,reel,3843,9105,18783,21312,400,False
PO00485,CA005,CR0888,2025-01-13,youtube,short,7060,20520,33464,35582,400,False
PO00486,CA005,CR1098,2025-01-13,youtube,reel,4532,27645,37667,45513,1500,False
PO00487,CA005,CR0030,2025-01-13,youtube,short,1097,5151,9255,9758,0,False
PO00488,CA005,CR0468,2025-01-13,youtube,long_form,2349,4597,8190,10009,0,False
PO00489,CA005,CR0704,2025-01-13,youtube,short,15779,54158,99221,101578,1500,False
PO00490,CA005,CR0653,2025-01-13,youtube,short,5589,12175,27192,31726,400,False
PO00491,CA005,CR0465,2025-01-13,youtube,short,593,961,2660,2587,0,False
PO00492,CA005,CR0467,2025-01-13,youtube,reel,14003,35553,68773,70599,1500,False
PO00493,CA005,CR0283,2025-01-13,youtube,long_form,645,3543,6398,6747,0,False
PO00494,CA005,CR0277,2025-01-13,youtube,long_form,462,1136,2393,2597,0,False
PO00495,CA005,CR0293,2025-01-13,youtube,short,4042,17381,27341,33688,400,False
PO00496,CA005,CR0099,2025-01-13,youtube,short,86646,353491,648474,647157,13300,False
PO00497,CA005,CR1161,2025-01-13,youtube,short,2162,11006,19281,20143,400,False
PO00498,CA005,CR1199,2025-01-13,youtube,reel,2007,9556,11807,13942,400,False
PO00499,CA005,CR0560,2025-01-13,youtube,reel,7038,32921,58174,66831,1500,False
PO00500,CA005,CR0920,2025-01-13,youtube,reel,3249,22202,29474,34055,400,False
PO00501,CA005,CR1009,2025-01-13,youtube,carousel,395,2019,2777,3145,0,False
PO00502,CA005,CR0920,2025-01-13,youtube,short,5752,13927,23045,23011,400,False
PO00503,CA005,CR0898,2025-01-13,youtube,long_form,212,524,761,765,0,False
PO00504,CA005,CR0004,2025-01-13,youtube,long_form,1993,2764,6660,7815,0,False
PO00505,CA005,CR0132,2025-01-13,youtube,short,1040,3493,7689,9034,0,False
PO00506,CA005,CR0454,2025-01-13,youtube,short,1200,4382,8126,9266,0,False
PO00507,CA005,CR0575,2025-01-13,youtube,short,142099,568041,777109,959189,13300,False
PO00508,CA005,CR0306,2025-01-13,youtube,long_form,23242,42370,76714,85671,1500,False
PO00509,CA005,CR0797,2025-01-13,youtube,reel,10839,32568,52464,61720,1500,False
PO00510,CA005,CR0653,2025-01-13,youtube,short,7486,37316,57738,62840,1500,False
PO00511,CA005,CR0478,2025-01-13,youtube,long_form,899,1212,2947,3289,0,False
PO00512,CA005,CR0871,2025-01-13,youtube,reel,2325,11085,21110,20855,400,False
PO00513,CA005,CR1069,2025-01-13,youtube,short,11640,44580,58890,67658,1500,False
PO00514,CA005,CR1039,2025-01-13,youtube,short,13964,33205,57392,58150,1500,False
PO00515,CA005,CR0948,2025-01-13,youtube,short,13072,17874,39169,48057,1500,False
PO00516,CA005,CR0447,2025-01-13,youtube,long_form,4811,20192,29541,34991,400,False
PO00517,CA005,CR0665,2025-01-13,youtube,short,1909,5846,14100,14651,400,False
PO00518,CA005,CR0438,2025-01-13,youtube,short,6635,23139,34887,38832,400,False
PO00519,CA005,CR0634,2025-01-13,youtube,long_form,135,243,620,605,0,False
PO00520,CA005,CR1031,2025-01-13,youtube,long_form,813,4013,6362,7103,0,False
PO00521,CA005,CR0458,2025-01-13,youtube,short,348,1198,2421,2963,0,False
PO00522,CA005,CR0052,2025-01-13,youtube,long_form,223,602,892,973,0,False
PO00523,CA005,CR0906,2025-01-13,youtube,long_form,1173,6706,9605,11605,400,False
PO00524,CA005,CR0322,2025-01-13,youtube,reel,4576,15393,41105,40946,400,False
PO00525,CA005,CR0653,2025-01-13,youtube,reel,7280,15464,26963,29175,400,False
PO00526,CA005,CR0288,2025-01-13,youtube,short,578,1070,1996,2314,0,False
PO00527,CA005,CR0936,2025-01-13,youtube,short,413,3042,4174,4861,0,False
PO00528,CA005,CR0971,2025-01-13,youtube,short,2005,3527,6047,7372,0,False
PO00529,CA005,CR0325,2025-01-13,youtube,long_form,100,240,290,362,0,False
PO00530,CA005,CR0144,2025-01-13,youtube,short,1288,6125,9050,9341,0,False
PO00531,CA005,CR0073,2025-01-13,youtube,short,632,1337,2400,2732,0,False
PO00532,CA005,CR0144,2025-01-13,youtube,reel,765,6859,64272,69753,1500,True
PO00533,CA005,CR0141,2025-01-13,youtube,long_form,310,1763,2563,2966,0,False
PO00534,CA005,CR0575,2025-01-13,youtube,short,18243,87563,118696,144059,3800,False
PO00535,CA005,CR0216,2025-01-13,youtube,reel,3965,8640,14552,18108,400,False
PO00536,CA005,CR0208,2025-01-13,youtube,carousel,2400,6947,11860,13060,400,False
PO00537,CA005,CR0797,2025-01-13,youtube,short,8836,17497,49699,49811,1500,False
PO00538,CA005,CR0979,2025-01-13,youtube,short,2977,5944,13021,15123,400,False
PO00539,CA005,CR0944,2025-01-13,youtube,short,1809,7890,12825,14361,400,False
PO00540,CA005,CR0102,2025-01-13,youtube,reel,100,350,1534,2005,0,True
PO00541,CA005,CR0216,2025-01-13,youtube,long_form,5331,21980,57335,59275,1500,False
PO00542,CA005,CR0277,2025-01-13,youtube,reel,100,541,851,864,0,False
PO00543,CA005,CR0059,2025-01-13,youtube,long_form,4923,9420,18955,19744,400,False
PO00544,CA005,CR0757,2025-01-13,youtube,short,14949,28172,70849,71004,1500,False
PO00545,CA005,CR0613,2025-01-13,youtube,short,2452,6217,15064,14754,400,False
PO00546,CA005,CR0754,2025-01-13,youtube,long_form,100,100,129,154,0,False
PO00547,CA005,CR0264,2025-01-13,youtube,short,1463,3259,6047,6458,0,False
PO00548,CA005,CR1005,2025-01-13,youtube,long_form,307,745,961,1179,0,False
PO00549,CA005,CR0977,2025-01-13,youtube,short,293,804,1499,1537,0,False
PO00550,CA005,CR0233,2025-01-13,youtube,short,2749,6229,8515,10019,0,False
PO00551,CA005,CR1015,2025-01-13,youtube,reel,507,2650,3800,3983,0,False
PO00552,CA005,CR0712,2025-01-13,youtube,short,982,3362,4599,5606,0,False
PO00553,CA005,CR0573,2025-01-13,youtube,long_form,3476,5195,10267,12472,400,False
PO00554,CA005,CR0670,2025-01-13,youtube,short,4404,20604,50199,54551,1500,False
PO00555,CA005,CR1114,2025-01-13,youtube,short,2266,9735,17344,20804,400,False
PO00556,CA005,CR0844,2025-01-13,youtube,short,3823,13423,24489,25644,400,False
PO00557,CA005,CR0194,2025-01-13,youtube,long_form,1340,2246,4640,4862,0,False
PO00558,CA005,CR0293,2025-01-13,youtube,short,2057,9886,17429,18996,400,False
PO00559,CA005,CR0623,2025-01-13,youtube,long_form,2169,4785,6469,7913,0,False
PO00560,CA005,CR0354,2025-01-13,youtube,short,306,1461,2322,2638,0,False
PO00561,CA005,CR0444,2025-01-13,youtube,short,2167,6391,10861,11685,400,False
PO00562,CA005,CR0944,2025-01-13,youtube,short,1958,3721,9545,9280,0,False
PO00563,CA005,CR0348,2025-01-13,youtube,long_form,758,2898,4574,4812,0,False
PO00564,CA005,CR0615,2025-01-13,youtube,long_form,4645,10956,20560,21717,400,False
PO00565,CA005,CR0581,2025-01-13,youtube,short,1167,7241,58841,62659,1500,True
PO00566,CA005,CR0347,2025-01-13,youtube,short,356,964,1396,1405,0,False
PO00567,CA005,CR0332,2025-01-13,youtube,long_form,881,2565,3747,4426,0,False
PO00568,CA005,CR0613,2025-01-13,youtube,long_form,1329,6076,9107,9405,0,False
PO00569,CA005,CR0869,2025-01-13,youtube,short,3254,12844,17457,20600,400,False
PO00570,CA005,CR0625,2025-01-13,youtube,short,6115,12557,30113,33223,400,False
PO00571,CA005,CR0073,2025-01-13,youtube,short,100,188,1416,1542,0,True
PO00572,CA005,CR0775,2025-01-13,youtube,short,100,116,280,303,0,False
PO00573,CA005,CR0322,2025-01-13,youtube,short,997,11093,73321,82523,1500,True
PO00574,CA005,CR0752,2025-01-13,youtube,short,12440,17841,45242,45590,1500,False
PO00575,CA005,CR0946,2025-01-13,youtube,long_form,465,1834,2855,3060,0,False
PO00576,CA005,CR0625,2025-01-13,youtube,short,8609,35256,45868,52937,1500,False
PO00577,CA005,CR0008,2025-01-13,youtube,short,8417,13030,31503,33408,400,False
PO00578,CA005,CR1107,2025-01-13,youtube,short,1271,2204,4064,4678,0,False
PO00579,CA005,CR0190,2025-01-13,youtube,short,2104,9012,22765,22426,400,False
PO00580,CA005,CR0217,2025-01-13,youtube,reel,4244,22050,45688,51525,1500,False
PO00581,CA005,CR0488,2025-01-13,youtube,short,6310,18079,40316,50373,1500,False
PO00582,CA005,CR0132,2025-01-13,youtube,short,8021,48291,84124,90176,1500,False
PO00583,CA005,CR0261,2025-01-13,youtube,short,1145,3853,29368,32467,400,True
PO00584,CA005,CR0559,2025-01-13,youtube,long_form,3214,16302,27055,27906,400,False
PO00585,CA005,CR1114,2025-01-13,youtube,short,7675,34339,49737,55625,1500,False
PO00586,CA005,CR0705,2025-01-13,youtube,long_form,16462,43228,70483,76676,1500,False
PO00587,CA005,CR0492,2025-01-13,youtube,short,681,2660,4048,3932,0,False
PO00588,CA005,CR0559,2025-01-13,youtube,short,7883,22669,55935,61857,1500,False
PO00589,CA005,CR0306,2025-01-13,youtube,long_form,9185,25840,37696,43543,1500,False
PO00590,CA005,CR0337,2025-01-13,youtube,short,10565,42530,91497,107845,3800,False
PO00591,CA005,CR0366,2025-01-13,youtube,short,60041,127070,240980,238049,3800,False
PO00592,CA005,CR0797,2025-01-13,youtube,short,12066,27461,44286,47981,1500,False
PO00593,CA005,CR1160,2025-01-13,youtube,short,1073,2418,4779,5876,0,False
PO00594,CA005,CR1039,2025-01-13,youtube,reel,8458,14191,28583,32723,400,False
PO00595,CA005,CR0209,2025-01-13,youtube,short,628,2304,3470,3373,0,False
PO00596,CA005,CR0232,2025-01-13,youtube,long_form,20742,50069,103776,105851,3800,False
PO00597,CA005,CR0833,2025-01-13,youtube,short,1407,6660,30746,40959,400,True
PO00598,CA005,CR0217,2025-01-13,youtube,short,131,1695,9533,10979,400,True
PO00599,CA005,CR0995,2025-01-13,youtube,short,9712,42129,50196,60864,1500,False
PO00600,CA005,CR0592,2025-01-13,youtube,long_form,2103,10635,18692,19005,400,False
PO00601,CA005,CR0093,2025-01-13,youtube,reel,2998,13075,15757,19140,400,False
PO00602,CA005,CR0664,2025-01-13,youtube,short,321,1423,2234,2372,0,False
PO00603,CA005,CR0632,2025-01-13,youtube,long_form,1918,4805,7503,7417,0,False
PO00604,CA005,CR0175,2025-01-13,youtube,short,401,979,1722,1679,0,False
PO00605,CA005,CR1114,2025-01-13,youtube,short,164,445,612,726,0,False
PO00606,CA005,CR1018,2025-01-13,youtube,short,1503,4321,6609,6735,0,False
PO00607,CA005,CR0699,2025-01-13,youtube,short,2823,6308,11035,10970,400,False
PO00608,CA005,CR0551,2025-01-13,youtube,carousel,100,100,100,100,0,False
PO00609,CA005,CR0447,2025-01-13,youtube,short,1730,7995,14688,15959,400,False
PO00610,CA005,CR0492,2025-01-13,youtube,short,2135,15422,21992,22118,400,False
PO00611,CA005,CR0413,2025-01-13,youtube,short,2329,4222,9114,9989,0,False
PO00612,CA005,CR0278,2025-01-13,youtube,short,1093,3250,8085,8372,0,False
PO00613,CA005,CR0870,2025-01-13,youtube,short,1901,3474,8226,8094,0,False
PO00614,CA005,CR0946,2025-01-13,youtube,short,8043,43620,72768,84855,1500,False
PO00615,CA005,CR0418,2025-01-13,youtube,long_form,1028,2527,5079,6039,0,False
PO00616,CA005,CR0768,2025-01-13,youtube,short,148,324,562,556,0,False
PO00617,CA005,CR0332,2025-01-13,youtube,short,307,1781,2295,2821,0,False
PO00618,CA005,CR0623,2025-01-13,youtube,short,46179,119156,205546,251506,3800,False
PO00619,CA005,CR0426,2025-01-13,youtube,carousel,687,3608,5272,5404,0,False
PO00620,CA005,CR0467,2025-01-13,youtube,short,4239,8085,76747,92665,1500,True
PO00621,CA005,CR0498,2025-01-13,youtube,carousel,1361,4924,9954,11019,400,False
PO00622,CA005,CR1037,2025-01-13,youtube,short,2562,8426,11501,12643,400,False
PO00623,CA005,CR0492,2025-01-13,youtube,short,2361,7133,9617,11514,400,False
PO00624,CA005,CR0388,2025-01-13,youtube,short,7835,25344,39221,42042,1500,False
PO00625,CA005,CR0736,2025-01-13,youtube,reel,2965,12839,31455,32717,400,False
PO00626,CA005,CR1107,2025-01-13,youtube,short,2050,4892,7733,9292,0,False
PO00627,CA005,CR0059,2025-01-13,youtube,reel,4594,11402,24202,23987,400,False
PO00628,CA005,CR0059,2025-01-13,youtube,short,10507,27488,45390,46191,1500,False
PO00629,CA005,CR0283,2025-01-13,youtube,short,1345,1874,4681,4932,0,False
PO00630,CA005,CR1018,2025-01-13,youtube,long_form,383,2355,4448,4324,0,False
PO00631,CA005,CR0208,2025-01-13,youtube,short,21735,91291,137362,137138,3800,False
PO00632,CA005,CR0944,2025-01-13,youtube,short,2540,6204,9089,10885,400,False
PO00633,CA005,CR0573,2025-01-13,youtube,reel,3923,13912,27372,30749,400,False
PO00634,CA005,CR0308,2025-01-13,youtube,short,16746,106010,152629,162354,3800,False
PO00635,CA005,CR0581,2025-01-13,youtube,reel,2715,7641,12870,13571,400,False
PO00636,CA005,CR0816,2025-01-13,youtube,short,26858,163822,289198,321772,3800,False
PO00637,CA005,CR0920,2025-01-13,youtube,long_form,2429,8312,16591,17186,400,False
PO00638,CA005,CR0073,2025-01-13,youtube,reel,439,826,2004,1969,0,False
PO00639,CA005,CR0040,2025-01-13,youtube,carousel,5294,9432,24890,24881,400,False
PO00640,CA005,CR0680,2025-01-13,youtube,short,845,2304,3237,3521,0,False
PO00641,CA005,CR0680,2025-01-13,youtube,short,1795,3733,7302,7706,0,False
PO00642,CA005,CR0141,2025-01-13,youtube,long_form,2046,11051,21909,22411,400,False
PO00643,CA005,CR0812,2025-01-13,youtube,short,868,3375,16176,18922,400,True
PO00644,CA005,CR0693,2025-01-13,youtube,reel,4832,32213,37415,46468,1500,False
PO00645,CA005,CR1140,2025-01-13,youtube,short,982,3953,9478,10448,0,False
PO00646,CA005,CR0478,2025-01-13,youtube,carousel,924,3243,4358,5031,0,False
PO00647,CA005,CR0103,2025-01-13,youtube,short,16395,64564,85600,97664,1500,False
PO00648,CA005,CR1140,2025-01-13,youtube,short,10907,23403,38676,40995,400,False
PO00649,CA005,CR0283,2025-01-13,youtube,short,791,2824,6874,7233,0,False
PO00650,CA006,CR0833,2025-01-16,youtube,long_form,6660,25224,40892,46062,2400,False
PO00651,CA006,CR0671,2025-01-16,youtube,short,218,449,870,947,0,False
PO00652,CA006,CR0375,2025-01-16,youtube,long_form,455,1256,2600,2935,0,False
PO00653,CA006,CR0775,2025-01-16,youtube,reel,3013,7304,11267,12644,600,False
PO00654,CA006,CR0689,2025-01-16,youtube,long_form,100,375,608,650,0,False
PO00655,CA006,CR0996,2025-01-16,youtube,short,2999,6342,11362,11116,600,False
PO00656,CA006,CR0342,2025-01-16,youtube,long_form,815,3194,6119,7047,0,False
PO00657,CA006,CR0870,2025-01-16,youtube,short,564,3798,6604,6575,0,False
PO00658,CA006,CR0573,2025-01-16,youtube,carousel,4358,6776,17810,17392,600,False
PO00659,CA006,CR0485,2025-01-16,youtube,long_form,332,2151,3562,3980,0,False
PO00660,CA006,CR0346,2025-01-16,youtube,long_form,745,3084,4985,5953,0,False
PO00661,CA006,CR1009,2025-01-16,youtube,short,100,246,546,551,0,False
PO00662,CA006,CR0888,2025-01-16,youtube,short,1686,2839,5896,6608,0,False
PO00663,CA006,CR0867,2025-01-16,youtube,long_form,100,119,248,304,0,False
PO00664,CA006,CR1128,2025-01-16,youtube,long_form,832,3518,6843,8061,0,False
PO00665,CA006,CR1154,2025-01-16,youtube,long_form,454,2940,5043,5262,0,False
PO00666,CA006,CR0286,2025-01-16,youtube,short,433,1615,2353,2481,0,False
PO00667,CA006,CR0866,2025-01-16,youtube,reel,1566,3071,6696,7435,0,False
PO00668,CA006,CR0113,2025-01-16,youtube,long_form,100,113,747,818,0,True
PO00669,CA006,CR1058,2025-01-16,youtube,long_form,238,806,1833,1892,0,False
PO00670,CA006,CR1138,2025-01-16,youtube,reel,773,1449,3806,3957,0,False
PO00671,CA006,CR0688,2025-01-16,youtube,short,308,1607,3274,3810,0,False
PO00672,CA006,CR0087,2025-01-16,youtube,long_form,21957,55874,99081,120268,6000,False
PO00673,CA006,CR0558,2025-01-16,youtube,short,354,574,1261,1323,0,False
PO00674,CA006,CR0669,2025-01-16,youtube,short,453,1246,9838,12516,600,True
PO00675,CA006,CR0200,2025-01-16,youtube,short,186,311,638,690,0,False
PO00676,CA006,CR0923,2025-01-16,youtube,long_form,406,808,1975,2134,0,False
PO00677,CA006,CR0433,2025-01-16,youtube,short,429,1355,3185,3580,0,False
PO00678,CA006,CR0725,2025-01-16,youtube,short,388,1455,1919,2147,0,False
PO00679,CA006,CR0558,2025-01-16,youtube,reel,107,365,721,822,0,False
PO00680,CA006,CR0789,2025-01-16,youtube,long_form,4249,17741,31433,35682,600,False
PO00681,CA006,CR0402,2025-01-16,youtube,carousel,974,2114,3179,3708,0,False
PO00682,CA006,CR1023,2025-01-16,youtube,short,2051,3327,6750,7436,0,False
PO00683,CA006,CR0122,2025-01-16,youtube,short,1676,4171,6377,7283,0,False
PO00684,CA006,CR1001,2025-01-16,youtube,reel,1207,2960,5158,5156,0,False
PO00685,CA006,CR0781,2025-01-16,youtube,long_form,1649,4924,6450,7190,0,False
PO00686,CA006,CR0770,2025-01-16,youtube,short,1292,3308,4118,4926,0,False
PO00687,CA006,CR0961,2025-01-16,youtube,short,600,1058,2290,2302,0,False
PO00688,CA006,CR0257,2025-01-16,youtube,short,1537,2826,6850,6971,0,False
PO00689,CA006,CR0857,2025-01-16,youtube,short,3462,7540,12246,12510,600,False
PO00690,CA006,CR0723,2025-01-16,youtube,long_form,1142,3089,5011,5807,0,False
PO00691,CA006,CR0093,2025-01-16,youtube,short,19220,58192,76719,85145,2400,False
PO00692,CA006,CR0081,2025-01-16,youtube,reel,1048,3615,21426,25269,600,True
PO00693,CA006,CR0358,2025-01-16,youtube,short,142,577,723,871,0,False
PO00694,CA006,CR0703,2025-01-16,youtube,short,1689,9758,13044,15834,600,False
PO00695,CA006,CR0123,2025-01-16,youtube,short,278,1404,2362,2320,0,False
PO00696,CA006,CR0859,2025-01-16,youtube,short,100,302,429,508,0,False
PO00697,CA006,CR0492,2025-01-16,youtube,short,5314,21544,28083,32541,600,False
PO00698,CA006,CR0562,2025-01-16,youtube,long_form,354,1035,2057,2504,0,False
PO00699,CA006,CR0407,2025-01-16,youtube,short,3880,6477,11364,14064,600,False
PO00700,CA006,CR0954,2025-01-16,youtube,reel,100,143,264,317,0,False
PO00701,CA006,CR0586,2025-01-16,youtube,short,7598,12873,26143,28483,600,False
PO00702,CA006,CR0295,2025-01-16,youtube,long_form,4944,11364,19468,21086,600,False
PO00703,CA006,CR0992,2025-01-16,youtube,long_form,472,1932,2579,3019,0,False
PO00704,CA006,CR1094,2025-01-16,youtube,short,6038,12235,27005,28397,600,False
PO00705,CA006,CR1063,2025-01-16,youtube,short,100,100,138,155,0,False
PO00706,CA006,CR0955,2025-01-16,youtube,short,320,2606,3102,3774,0,False
PO00707,CA006,CR0979,2025-01-16,youtube,reel,36701,126678,222789,219487,6000,False
PO00708,CA006,CR0344,2025-01-16,youtube,reel,2179,6441,8049,9229,0,False
PO00709,CA006,CR0906,2025-01-16,youtube,long_form,1550,2476,5121,6044,0,False
PO00710,CA006,CR0830,2025-01-16,youtube,short,372,699,1329,1488,0,False
PO00711,CA006,CR0366,2025-01-16,youtube,short,47220,97379,245625,242335,6000,False
PO00712,CA006,CR0587,2025-01-16,youtube,long_form,5416,17047,34240,34657,600,False
PO00713,CA006,CR0042,2025-01-16,youtube,short,521,1199,2504,3037,0,False
PO00714,CA006,CR0311,2025-01-16,youtube,short,445,1973,2682,3326,0,False
PO00715,CA006,CR0929,2025-01-16,youtube,short,100,221,419,430,0,False
PO00716,CA006,CR1019,2025-01-16,youtube,reel,121,374,586,669,0,False
PO00717,CA006,CR0393,2025-01-16,youtube,long_form,141,613,884,1060,0,False
PO00718,CA006,CR0376,2025-01-16,youtube,short,910,2895,3580,4414,0,False
PO00719,CA006,CR0187,2025-01-16,youtube,short,2562,4687,10123,12142,600,False
PO00720,CA006,CR0926,2025-01-16,youtube,short,1906,4921,6259,7216,0,False
PO00721,CA006,CR0734,2025-01-16,youtube,long_form,137,700,5511,6687,0,True
PO00722,CA006,CR0421,2025-01-16,youtube,long_form,592,2236,4077,5003,0,False
PO00723,CA006,CR0439,2025-01-16,youtube,short,1355,2164,5176,5332,0,False
PO00724,CA006,CR1025,2025-01-16,youtube,reel,357,1610,3430,3978,0,False
PO00725,CA006,CR0985,2025-01-16,youtube,reel,1127,4369,5817,6253,0,False
PO00726,CA006,CR0008,2025-01-16,youtube,short,1554,7206,12046,13411,600,False
PO00727,CA006,CR0463,2025-01-16,youtube,long_form,1220,3791,4578,5493,0,False
PO00728,CA006,CR0579,2025-01-16,youtube,short,273,1177,3063,3124,0,False
PO00729,CA006,CR1043,2025-01-16,youtube,short,628,1990,4612,4901,0,False
PO00730,CA006,CR0098,2025-01-16,youtube,long_form,493,1832,4499,4467,0,False
PO00731,CA006,CR0108,2025-01-16,youtube,reel,116,373,751,764,0,False
PO00732,CA006,CR0212,2025-01-16,youtube,short,275,1611,2383,2729,0,False
PO00733,CA006,CR0972,2025-01-16,youtube,long_form,102,306,712,709,0,False
PO00734,CA006,CR0052,2025-01-16,youtube,short,1574,4550,10963,11617,600,False
PO00735,CA006,CR0114,2025-01-16,youtube,short,717,1424,2580,3015,0,False
PO00736,CA006,CR1015,2025-01-16,youtube,long_form,2889,17445,25749,26383,600,False
PO00737,CA006,CR0419,2025-01-16,youtube,long_form,114,431,3047,3772,0,True
PO00738,CA006,CR0223,2025-01-16,youtube,short,1281,2325,4895,5176,0,False
PO00739,CA006,CR1183,2025-01-16,youtube,short,670,3780,4558,5542,0,False
PO00740,CA006,CR1200,2025-01-16,youtube,short,2686,7315,12553,13472,600,False
PO00741,CA006,CR0849,2025-01-16,youtube,short,334,1147,2166,2478,0,False
PO00742,CA006,CR0355,2025-01-16,youtube,long_form,100,217,382,386,0,False
PO00743,CA006,CR0811,2025-01-16,youtube,short,502,1211,2724,2741,0,False
PO00744,CA006,CR0142,2025-01-16,youtube,short,1055,3788,4908,5648,0,False
PO00745,CA006,CR0401,2025-01-16,youtube,short,261,422,988,1050,0,False
PO00746,CA006,CR0154,2025-01-16,youtube,long_form,476,1167,1782,2106,0,False
PO00747,CA006,CR0096,2025-01-16,youtube,reel,157,633,984,990,0,False
PO00748,CA006,CR1018,2025-01-16,youtube,reel,3830,8561,20969,21283,600,False
PO00749,CA006,CR0566,2025-01-16,youtube,short,100,214,422,440,0,False
PO00750,CA006,CR0277,2025-01-16,youtube,long_form,1820,7599,13219,14729,600,False
PO00751,CA006,CR0247,2025-01-16,youtube,short,4147,17571,23451,26602,600,False
PO00752,CA006,CR1098,2025-01-16,youtube,long_form,9337,26442,38523,42286,2400,False
PO00753,CA006,CR0030,2025-01-16,youtube,short,4190,15615,22640,25383,600,False
PO00754,CA006,CR0742,2025-01-16,youtube,short,1808,5900,11504,13685,600,False
PO00755,CA006,CR0382,2025-01-16,youtube,short,282,1550,2112,2342,0,False
PO00756,CA006,CR0432,2025-01-16,youtube,short,1794,9185,17442,19194,600,False
PO00757,CA006,CR0149,2025-01-16,youtube,short,177,697,5734,7393,0,True
PO00758,CA006,CR0164,2025-01-16,youtube,short,471,3308,4866,4751,0,False
PO00759,CA006,CR1026,2025-01-16,youtube,short,5856,13390,20295,21509,600,False
PO00760,CA006,CR0925,2025-01-16,youtube,short,2617,15258,19845,23813,600,False
PO00761,CA006,CR0840,2025-01-16,youtube,short,385,2479,4035,4523,0,False
PO00762,CA006,CR0809,2025-01-16,youtube,short,217,754,967,1099,0,False
PO00763,CA006,CR1040,2025-01-16,youtube,reel,302,1874,3136,3295,0,False
PO00764,CA006,CR0209,2025-01-16,youtube,reel,310,2435,3403,3727,0,False
PO00765,CA006,CR0317,2025-01-16,youtube,long_form,893,2664,4611,5333,0,False
PO00766,CA006,CR0411,2025-01-16,youtube,short,410,1072,2705,2710,0,False
PO00767,CA006,CR1012,2025-01-16,youtube,long_form,100,226,327,368,0,False
PO00768,CA006,CR0066,2025-01-16,youtube,short,577,1181,1974,2444,0,False
PO00769,CA006,CR0462,2025-01-16,youtube,short,380,1520,2483,2490,0,False
PO00770,CA006,CR0373,2025-01-16,youtube,short,509,1200,2538,3126,0,False
PO00771,CA006,CR0025,2025-01-16,youtube,reel,1427,5156,6989,7566,0,False
PO00772,CA006,CR0159,2025-01-16,youtube,short,809,3485,5232,5156,0,False
PO00773,CA006,CR0149,2025-01-16,youtube,short,102,209,506,533,0,False
PO00774,CA006,CR0065,2025-01-16,youtube,long_form,100,413,505,612,0,False
PO00775,CA006,CR0345,2025-01-16,youtube,short,354,568,1357,1612,0,False
PO00776,CA006,CR0271,2025-01-16,youtube,long_form,448,905,7862,9227,0,True
PO00777,CA006,CR0668,2025-01-16,youtube,long_form,305,962,1422,1441,0,False
PO00778,CA006,CR0258,2025-01-16,youtube,short,1053,4339,10271,12122,600,False
PO00779,CA006,CR0023,2025-01-16,youtube,long_form,101,205,430,495,0,False
PO00780,CA006,CR1110,2025-01-16,youtube,short,111,642,901,993,0,False
PO00781,CA006,CR0125,2025-01-16,youtube,reel,155,444,1050,1029,0,False
PO00782,CA006,CR0368,2025-01-16,youtube,short,107,512,791,918,0,False
PO00783,CA006,CR0541,2025-01-16,youtube,short,7955,15479,35358,34495,600,False
PO00784,CA006,CR0598,2025-01-16,youtube,short,6890,25058,37966,38273,2400,False
PO00785,CA006,CR0270,2025-01-16,youtube,reel,388,2602,4168,4849,0,False
PO00786,CA006,CR0409,2025-01-16,youtube,short,599,1248,2340,2322,0,False
PO00787,CA006,CR0758,2025-01-16,youtube,long_form,125,508,670,795,0,False
PO00788,CA006,CR0197,2025-01-16,youtube,long_form,201,597,1047,1098,0,False
PO00789,CA006,CR0817,2025-01-16,youtube,short,100,100,109,118,0,False
PO00790,CA006,CR0944,2025-01-16,youtube,short,218,672,1091,1149,0,False
PO00791,CA006,CR1126,2025-01-16,youtube,long_form,100,159,304,369,0,False
PO00792,CA006,CR1189,2025-01-16,youtube,reel,162,660,1471,1454,0,False
PO00793,CA006,CR0150,2025-01-16,youtube,carousel,100,116,151,189,0,False
PO00794,CA006,CR0390,2025-01-16,youtube,short,100,265,496,517,0,False
PO00795,CA006,CR0549,2025-01-16,youtube,reel,282,1071,2193,2499,0,False
PO00796,CA006,CR0808,2025-01-16,youtube,short,297,892,1750,1787,0,False
PO00797,CA006,CR0812,2025-01-16,youtube,short,404,1843,3310,3252,0,False
PO00798,CA006,CR1141,2025-01-16,youtube,short,148,353,617,771,0,False
PO00799,CA006,CR0844,2025-01-16,youtube,carousel,100,293,449,440,0,False
PO00800,CA006,CR0263,2025-01-16,youtube,short,172,514,1249,1455,0,False
PO00801,CA006,CR0531,2025-01-16,youtube,short,1793,4912,8524,8477,0,False
PO00802,CA006,CR0298,2025-01-16,youtube,carousel,208,1169,1444,1719,0,False
PO00803,CA006,CR1139,2025-01-16,youtube,short,2104,3450,9523,9728,600,False
PO00804,CA006,CR0922,2025-01-16,youtube,short,732,3081,4047,5001,0,False
PO00805,CA006,CR0816,2025-01-16,youtube,short,37656,79033,127323,136068,6000,False
PO00806,CA006,CR1083,2025-01-16,youtube,long_form,646,1567,3211,3553,0,False
PO00807,CA006,CR0162,2025-01-16,youtube,short,100,125,322,323,0,False
PO00808,CA006,CR1163,2025-01-16,youtube,long_form,100,352,771,948,0,False
PO00809,CA006,CR0056,2025-01-16,youtube,short,658,1572,2689,2783,0,False
PO00810,CA006,CR0037,2025-01-16,youtube,long_form,550,1528,2246,2421,0,False
PO00811,CA006,CR0117,2025-01-16,youtube,short,232,969,1908,2369,0,False
PO00812,CA006,CR1038,2025-01-16,youtube,short,100,302,535,616,0,False
PO00813,CA006,CR1087,2025-01-16,youtube,short,372,1030,10820,12220,600,True
PO00814,CA006,CR0039,2025-01-16,youtube,long_form,1864,5099,6718,7815,0,False
PO00815,CA006,CR1167,2025-01-16,youtube,short,7931,28745,174427,218137,6000,True
PO00816,CA006,CR0634,2025-01-16,youtube,short,114,280,372,452,0,False
PO00817,CA006,CR0328,2025-01-16,youtube,reel,1189,4233,6377,7514,0,False
PO00818,CA006,CR1173,2025-01-16,youtube,short,5069,8858,21480,23543,600,False
PO00819,CA006,CR0843,2025-01-16,youtube,short,511,2700,3652,4277,0,False
PO00820,CA006,CR1162,2025-01-16,youtube,long_form,179,847,1147,1287,0,False
PO00821,CA006,CR0175,2025-01-16,youtube,short,2805,8211,10857,11787,600,False
PO00822,CA006,CR0456,2025-01-16,youtube,short,100,100,175,172,0,False
PO00823,CA006,CR1174,2025-01-16,youtube,carousel,631,1870,2672,2922,0,False
PO00824,CA006,CR1122,2025-01-16,youtube,short,667,4012,5312,6446,0,False
PO00825,CA006,CR0082,2025-01-16,youtube,short,3780,5528,14070,14021,600,False
PO00826,CA006,CR0635,2025-01-16,youtube,reel,1378,4807,7579,8950,0,False
PO00827,CA006,CR0378,2025-01-16,youtube,short,803,2119,3320,4086,0,False
PO00828,CA006,CR0524,2025-01-16,youtube,short,3779,6609,14873,17539,600,False
PO00829,CA006,CR0480,2025-01-16,youtube,long_form,337,971,1303,1605,0,False
PO00830,CA006,CR1169,2025-01-16,youtube,reel,790,2670,4511,4632,0,False
PO00831,CA006,CR0697,2025-01-16,youtube,long_form,100,100,199,224,0,False
PO00832,CA006,CR0675,2025-01-16,youtube,long_form,162,612,741,879,0,False
PO00833,CA006,CR1198,2025-01-16,youtube,long_form,182,448,769,895,0,False
PO00834,CA006,CR0827,2025-01-16,youtube,short,521,970,1972,2120,0,False
PO00835,CA007,CR1083,2025-01-19,youtube,long_form,341,1018,1839,2183,0,False
PO00836,CA007,CR0103,2025-01-19,youtube,carousel,11387,61568,101361,109258,9200,False
PO00837,CA007,CR0095,2025-01-19,youtube,long_form,1059,4156,7621,7522,0,False
PO00838,CA007,CR0212,2025-01-19,youtube,short,2853,4552,9097,10766,0,False
PO00839,CA007,CR0073,2025-01-19,youtube,short,403,1483,2247,2758,0,False
PO00840,CA007,CR0615,2025-01-19,youtube,short,2188,6698,44096,56266,2300,True
PO00841,CA007,CR0194,2025-01-19,youtube,short,1057,7733,10803,13088,0,False
PO00842,CA007,CR1062,2025-01-19,youtube,short,4485,18871,34264,40031,2300,False
PO00843,CA007,CR0438,2025-01-19,youtube,reel,8774,47169,73372,88576,9200,False
PO00844,CA007,CR0388,2025-01-19,youtube,long_form,1970,2973,6204,7331,0,False
PO00845,CA007,CR0979,2025-01-19,youtube,short,2515,4838,11366,11996,0,False
PO00846,CA007,CR0883,2025-01-19,youtube,short,1977,4629,10227,10689,0,False
PO00847,CA007,CR0944,2025-01-19,youtube,long_form,651,2215,3047,3789,0,False
PO00848,CA007,CR0827,2025-01-19,youtube,long_form,100,338,545,550,0,False
PO00849,CA007,CR1087,2025-01-19,youtube,long_form,664,1411,2282,2468,0,False
PO00850,CA007,CR1161,2025-01-19,youtube,short,3625,12482,18973,19017,2300,False
PO00851,CA007,CR1069,2025-01-19,youtube,short,5849,15276,28790,28652,2300,False
PO00852,CA007,CR0454,2025-01-19,youtube,reel,5127,9551,16159,19139,2300,False
PO00853,CA007,CR0869,2025-01-19,youtube,short,250,854,1769,1861,0,False
PO00854,CA007,CR0454,2025-01-19,youtube,short,2142,6881,14821,14548,0,False
PO00855,CA007,CR0308,2025-01-19,youtube,short,62068,116526,218820,243174,23050,False
PO00856,CA007,CR0261,2025-01-19,youtube,long_form,2393,10396,14448,14958,0,False
PO00857,CA007,CR0332,2025-01-19,youtube,reel,1044,2350,4533,5434,0,False
PO00858,CA007,CR1075,2025-01-19,youtube,short,10905,47179,70566,82319,9200,False
PO00859,CA007,CR0388,2025-01-19,youtube,short,1375,6749,10482,12009,0,False
PO00860,CA007,CR0653,2025-01-19,youtube,long_form,3273,5891,13312,16470,2300,False
PO00861,CA007,CR0581,2025-01-19,youtube,short,805,4890,7870,8204,0,False
PO00862,CA007,CR0332,2025-01-19,youtube,short,2326,8298,11097,12898,0,False
PO00863,CA007,CR0573,2025-01-19,youtube,long_form,234,1074,1366,1663,0,False
PO00864,CA007,CR0293,2025-01-19,youtube,short,9514,20685,49972,58571,2300,False
PO00865,CA007,CR0757,2025-01-19,youtube,reel,3454,9503,14960,15178,0,False
PO00866,CA007,CR0444,2025-01-19,youtube,short,862,4699,8113,8402,0,False
PO00867,CA007,CR0208,2025-01-19,youtube,short,23831,43383,102770,102599,9200,False
PO00868,CA007,CR0306,2025-01-19,youtube,short,1111,3960,7002,8310,0,False
PO00869,CA007,CR0277,2025-01-19,youtube,short,2719,9756,13535,14972,0,False
PO00870,CA007,CR1031,2025-01-19,youtube,long_form,3022,10679,25513,27123,2300,False
PO00871,CA007,CR0736,2025-01-19,youtube,long_form,1904,6260,12621,12550,0,False
PO00872,CA007,CR0887,2025-01-19,youtube,long_form,8619,33536,73811,75353,9200,False
PO00873,CA007,CR0278,2025-01-19,youtube,short,4684,12616,24416,26660,2300,False
PO00874,CA007,CR0093,2025-01-19,youtube,short,551,1015,2543,2515,0,False
PO00875,CA007,CR0936,2025-01-19,youtube,long_form,1162,6252,9055,10182,0,False
PO00876,CA007,CR0175,2025-01-19,youtube,short,2379,9592,15390,16218,0,False
PO00877,CA007,CR0613,2025-01-19,youtube,short,5037,15743,28081,31033,2300,False
PO00878,CA007,CR0132,2025-01-19,youtube,short,1244,2556,26315,27702,2300,True
PO00879,CA007,CR0623,2025-01-19,youtube,reel,36664,83246,124191,135489,9200,False
PO00880,CA007,CR0559,2025-01-19,youtube,short,59133,158288,282961,323512,23050,False
PO00881,CA007,CR0004,2025-01-19,youtube,long_form,17611,51142,84014,92345,9200,False
PO00882,CA007,CR0216,2025-01-19,youtube,long_form,2448,9977,16932,16842,2300,False
PO00883,CA007,CR0664,2025-01-19,youtube,long_form,100,189,501,511,0,False
PO00884,CA007,CR0261,2025-01-19,youtube,long_form,1706,6725,9896,10085,0,False
PO00885,CA007,CR0187,2025-01-19,youtube,long_form,5121,10688,22136,24884,2300,False
PO00886,CA007,CR0478,2025-01-19,youtube,long_form,1237,6712,9316,10224,0,False
PO00887,CA007,CR0757,2025-01-19,youtube,long_form,27696,54219,124285,126283,9200,False
PO00888,CA007,CR0971,2025-01-19,youtube,long_form,656,2418,22005,24084,2300,True
PO00889,CA007,CR0623,2025-01-19,youtube,long_form,1314,2916,6480,6575,0,False
PO00890,CA007,CR0217,2025-01-19,youtube,long_form,523,3988,5661,5703,0,False
PO00891,CA007,CR0833,2025-01-19,youtube,short,1110,4244,28390,34360,2300,True
PO00892,CA007,CR0498,2025-01-19,youtube,short,1361,4336,7568,7855,0,False
PO00893,CA007,CR0946,2025-01-19,youtube,short,494,2108,10797,11416,0,True
PO00894,CA007,CR1086,2025-01-19,youtube,short,137,395,568,578,0,False
PO00895,CA007,CR0099,2025-01-19,youtube,short,21447,89082,134397,139802,9200,False
PO00896,CA007,CR0934,2025-01-19,youtube,short,513,1285,2465,2680,0,False
PO00897,CA007,CR0268,2025-01-19,youtube,long_form,1437,5375,7766,9085,0,False
PO00898,CA007,CR0948,2025-01-19,youtube,short,1372,2387,5199,5229,0,False
PO00899,CA007,CR0812,2025-01-19,youtube,short,4813,13971,21159,21429,2300,False
PO00900,CA007,CR0704,2025-01-19,youtube,short,27924,61643,146287,168184,23050,False
PO00901,CA007,CR0102,2025-01-19,youtube,long_form,384,892,2218,2414,0,False
PO00902,CA007,CR1167,2025-01-19,youtube,short,1329,5071,11696,12016,0,False
PO00903,CA007,CR0736,2025-01-19,youtube,short,741,1675,2585,2726,0,False
PO00904,CA007,CR0040,2025-01-19,youtube,long_form,718,2196,3630,4006,0,False
PO00905,CA007,CR1018,2025-01-19,youtube,short,1663,5550,9187,10041,0,False
PO00906,CA007,CR0008,2025-01-19,youtube,reel,10022,21120,36302,45274,2300,False
PO00907,CA007,CR0888,2025-01-19,youtube,reel,13327,41039,75579,74485,9200,False
PO00908,CA007,CR1018,2025-01-19,youtube,short,3398,6282,14420,14239,0,False
PO00909,CA007,CR0059,2025-01-19,youtube,short,64054,170889,244805,245175,23050,False
PO00910,CA007,CR1114,2025-01-19,youtube,short,2414,9141,15741,15390,0,False
PO00911,CA007,CR0288,2025-01-19,youtube,short,10994,25462,68265,68438,9200,False
PO00912,CA007,CR0413,2025-01-19,youtube,reel,976,2499,4971,5573,0,False
PO00913,CA007,CR0190,2025-01-19,youtube,short,2999,11362,20635,20484,2300,False
PO00914,CA007,CR0797,2025-01-19,youtube,short,26797,59014,103763,107406,9200,False
PO00915,CA007,CR0693,2025-01-19,youtube,short,425,2050,2994,3268,0,False
PO00916,CA007,CR0467,2025-01-19,youtube,short,2376,7888,10845,12267,0,False
PO00917,CA007,CR0458,2025-01-19,youtube,long_form,1194,4493,8959,8878,0,False
PO00918,CA007,CR0885,2025-01-19,youtube,reel,5073,14371,21512,22176,2300,False
PO00919,CA007,CR1037,2025-01-19,youtube,long_form,12334,29440,40704,49430,2300,False
PO00920,CA007,CR0182,2025-01-19,youtube,short,680,2244,3581,3608,0,False
PO00921,CA007,CR0920,2025-01-19,youtube,short,13577,56429,100225,108215,9200,False
PO00922,CA007,CR0560,2025-01-19,youtube,long_form,10632,38544,55806,59918,2300,False
PO00923,CA007,CR1107,2025-01-19,youtube,short,4240,14672,28287,29170,2300,False
PO00924,CA007,CR0704,2025-01-19,youtube,long_form,1242,3677,5584,5545,0,False
PO00925,CA007,CR0429,2025-01-19,youtube,long_form,11010,23043,38062,41197,2300,False
PO00926,CA007,CR0468,2025-01-19,youtube,long_form,2227,6620,7806,9623,0,False
PO00927,CA007,CR0234,2025-01-19,youtube,short,175,802,1581,1808,0,False
PO00928,CA007,CR0752,2025-01-19,youtube,short,3796,5932,15023,16724,2300,False
PO00929,CA007,CR0773,2025-01-19,youtube,short,49204,206347,240032,298807,23050,False
PO00930,CA007,CR0665,2025-01-19,youtube,short,9042,14596,33645,34227,2300,False
PO00931,CA007,CR0447,2025-01-19,youtube,short,15027,31000,52852,55866,2300,False
PO00932,CA007,CR0264,2025-01-19,youtube,reel,1855,3292,6660,7606,0,False
PO00933,CA007,CR0625,2025-01-19,youtube,short,207,1301,2488,2566,0,False
PO00934,CA007,CR0995,2025-01-19,youtube,short,21343,89394,345815,460785,23050,True
PO00935,CA007,CR1015,2025-01-19,youtube,short,1755,3652,7096,8678,0,False
PO00936,CA007,CR0465,2025-01-19,youtube,short,9263,21244,34379,37214,2300,False
PO00937,CA007,CR0592,2025-01-19,youtube,long_form,2875,5059,9938,10300,0,False
PO00938,CA007,CR0117,2025-01-19,youtube,short,1719,5270,8734,10380,0,False
PO00939,CA007,CR0575,2025-01-19,youtube,long_form,6374,12825,29247,33309,2300,False
PO00940,CA007,CR0654,2025-01-19,youtube,short,140,463,633,706,0,False
PO00941,CA007,CR1039,2025-01-19,youtube,long_form,2684,14822,27679,27132,2300,False
PO00942,CA007,CR0632,2025-01-19,youtube,short,4131,7992,13368,15519,0,False
PO00943,CA007,CR0354,2025-01-19,youtube,carousel,2310,10954,26193,26562,2300,False
PO00944,CA007,CR0337,2025-01-19,youtube,short,4208,12469,19530,20714,2300,False
PO00945,CA007,CR1154,2025-01-19,youtube,short,4691,8684,16816,18567,2300,False
PO00946,CA007,CR0549,2025-01-19,youtube,short,143,219,448,526,0,False
PO00947,CA007,CR0348,2025-01-19,youtube,short,123,930,8202,9813,0,True
PO00948,CA007,CR0783,2025-01-19,youtube,short,100,100,158,178,0,False
PO00949,CA007,CR1199,2025-01-19,youtube,short,1986,8620,40309,43696,2300,True
PO00950,CA007,CR1140,2025-01-19,youtube,long_form,4280,9982,13382,16057,0,False
PO00951,CA007,CR1162,2025-01-19,youtube,carousel,132,477,1212,1186,0,False
PO00952,CA007,CR0562,2025-01-19,youtube,short,531,1399,2115,2085,0,False
PO00953,CA007,CR0871,2025-01-19,youtube,long_form,4910,7277,15537,18523,2300,False
PO00954,CA007,CR0233,2025-01-19,youtube,short,4245,8487,15083,16264,0,False
PO00955,CA007,CR0087,2025-01-19,youtube,short,2167,13878,22298,24158,2300,False
PO00956,CA007,CR0283,2025-01-19,youtube,short,162,570,3667,4371,0,True
PO00957,CA007,CR0699,2025-01-19,youtube,long_form,104,410,947,983,0,False
PO00958,CA007,CR0492,2025-01-19,youtube,reel,4322,12820,19038,18985,2300,False
PO00959,CA007,CR0295,2025-01-19,youtube,short,2338,5029,8528,10656,0,False
PO00960,CA007,CR0971,2025-01-19,youtube,reel,4491,14609,21805,22469,2300,False
PO00961,CA007,CR0906,2025-01-19,youtube,short,2706,6889,14238,14005,0,False
PO00962,CA007,CR1005,2025-01-19,youtube,short,310,1446,2838,2954,0,False
PO00963,CA007,CR0322,2025-01-19,youtube,short,6020,8615,23041,23561,2300,False
PO00964,CA007,CR0323,2025-01-19,youtube,reel,714,1369,3056,3223,0,False
PO00965,CA007,CR0705,2025-01-19,youtube,reel,6752,27325,43879,45823,2300,False
PO00966,CA007,CR0418,2025-01-19,youtube,short,919,1326,3266,3507,0,False
PO00967,CA007,CR0768,2025-01-19,youtube,long_form,1659,6847,11002,12443,0,False
PO00968,CA007,CR0426,2025-01-19,youtube,short,15436,73192,112729,118323,9200,False
PO00969,CA007,CR0144,2025-01-19,youtube,reel,2516,4371,7575,9416,0,False
PO00970,CA007,CR0345,2025-01-19,youtube,reel,1292,2741,5362,5400,0,False
PO00971,CA007,CR0141,2025-01-19,youtube,reel,2551,7698,10244,11871,0,False
PO00972,CA007,CR0450,2025-01-19,youtube,short,2631,4967,8890,10823,0,False
PO00973,CA007,CR0712,2025-01-19,youtube,long_form,170,294,624,659,0,False
PO00974,CA007,CR0293,2025-01-19,youtube,carousel,133,197,517,511,0,False
PO00975,CA007,CR0488,2025-01-19,youtube,short,5867,16991,22328,27382,2300,False
PO00976,CA007,CR0680,2025-01-19,youtube,short,1944,4093,6719,7106,0,False
PO00977,CA008,CR0484,2025-01-22,instagram,short,100,135,213,225,0,False
PO00978,CA008,CR0978,2025-01-22,instagram,short,393,1842,2882,2867,0,False
PO00979,CA008,CR1065,2025-01-22,instagram,short,274,925,1342,1640,0,False
PO00980,CA008,CR0853,2025-01-22,instagram,reel,4818,14075,30480,32133,2000,False
PO00981,CA008,CR0823,2025-01-22,instagram,reel,309,1935,3031,3730,0,False
PO00982,CA008,CR1172,2025-01-22,instagram,long_form,100,145,320,347,0,False
PO00983,CA008,CR0798,2025-01-22,instagram,reel,2562,7898,10878,13117,500,False
PO00984,CA008,CR0353,2025-01-22,instagram,short,66596,281888,357240,419379,17300,False
PO00985,CA008,CR0864,2025-01-22,instagram,short,1415,2040,5196,5374,0,False
PO00986,CA008,CR0819,2025-01-22,instagram,reel,100,195,276,305,0,False
PO00987,CA008,CR0435,2025-01-22,instagram,reel,2111,3801,9035,10682,500,False
PO00988,CA008,CR0282,2025-01-22,instagram,reel,439,1398,1988,2364,0,False
PO00989,CA008,CR0331,2025-01-22,instagram,short,4712,8141,20516,22248,500,False
PO00990,CA008,CR0719,2025-01-22,instagram,short,4831,8107,18264,18902,500,False
PO00991,CA008,CR0028,2025-01-22,instagram,short,436,911,2384,2342,0,False
PO00992,CA008,CR0195,2025-01-22,instagram,reel,2632,14932,23397,24501,500,False
PO00993,CA008,CR0512,2025-01-22,instagram,reel,100,100,100,100,0,False
PO00994,CA008,CR0873,2025-01-22,instagram,reel,196,466,646,733,0,False
PO00995,CA008,CR0229,2025-01-22,instagram,reel,5513,20796,41210,46628,2000,False
PO00996,CA008,CR1022,2025-01-22,instagram,long_form,146,717,877,1087,0,False
PO00997,CA008,CR0858,2025-01-22,instagram,reel,1031,2303,4549,5371,0,False
PO00998,CA008,CR0352,2025-01-22,instagram,long_form,334,1039,2238,2325,0,False
PO00999,CA008,CR0238,2025-01-22,instagram,reel,1772,11275,15632,18239,500,False
PO01000,CA008,CR0884,2025-01-22,instagram,long_form,1200,3242,5800,5874,0,False
PO01001,CA008,CR0636,2025-01-22,instagram,reel,1015,2066,3657,3940,0,False
PO01002,CA008,CR0296,2025-01-22,instagram,short,619,2195,3465,3803,0,False
PO01003,CA008,CR0339,2025-01-22,instagram,reel,280,1797,2649,3063,0,False
PO01004,CA008,CR0076,2025-01-22,instagram,reel,3658,7018,18598,19941,500,False
PO01005,CA008,CR1123,2025-01-22,instagram,reel,9072,12642,29349,35689,2000,False
PO01006,CA008,CR0299,2025-01-22,instagram,reel,207,534,912,1126,0,False
PO01007,CA008,CR1113,2025-01-22,instagram,short,406,1427,2298,2310,0,False
PO01008,CA008,CR1190,2025-01-22,instagram,reel,3213,10676,19504,19489,500,False
PO01009,CA008,CR1027,2025-01-22,instagram,reel,227,531,1053,1144,0,False
PO01010,CA008,CR0006,2025-01-22,instagram,reel,1479,5693,8142,10068,500,False
PO01011,CA008,CR1029,2025-01-22,instagram,reel,2160,6648,15652,16697,500,False
PO01012,CA008,CR0248,2025-01-22,instagram,short,3663,8236,13744,14601,500,False
PO01013,CA008,CR0015,2025-01-22,instagram,reel,402,1862,2746,3153,0,False
PO01014,CA008,CR1194,2025-01-22,instagram,reel,425,888,2341,2532,0,False
PO01015,CA008,CR0246,2025-01-22,instagram,reel,7354,15986,25966,28975,500,False
PO01016,CA008,CR0760,2025-01-22,instagram,short,186,1154,1498,1867,0,False
PO01017,CA008,CR0550,2025-01-22,instagram,short,1248,3124,4909,5283,0,False
PO01018,CA008,CR0174,2025-01-22,instagram,long_form,1670,2842,5022,5983,0,False
PO01019,CA008,CR0289,2025-01-22,instagram,long_form,724,3056,6359,7859,500,False
PO01020,CA008,CR0349,2025-01-22,instagram,short,315,1544,2826,3212,0,False
PO01021,CA008,CR0980,2025-01-22,instagram,short,326,1145,1713,1993,0,False
PO01022,CA008,CR0609,2025-01-22,instagram,reel,9432,46838,107104,109458,4950,False
PO01023,CA008,CR0901,2025-01-22,instagram,reel,162,576,825,930,0,False
PO01024,CA008,CR0962,2025-01-22,instagram,reel,403,1469,2101,2321,0,False
PO01025,CA008,CR0930,2025-01-22,instagram,reel,738,1150,3024,3002,0,False
PO01026,CA008,CR0761,2025-01-22,instagram,reel,25855,46469,101938,109592,4950,False
PO01027,CA008,CR1057,2025-01-22,instagram,long_form,556,1173,1867,2326,0,False
PO01028,CA008,CR1191,2025-01-22,instagram,reel,3640,9379,14221,15713,500,False
PO01029,CA008,CR1193,2025-01-22,instagram,reel,5162,20931,45351,45276,2000,False
PO01030,CA008,CR1021,2025-01-22,instagram,reel,638,4849,6473,7010,0,False
PO01031,CA008,CR0041,2025-01-22,instagram,short,925,2648,3744,3858,0,False
PO01032,CA008,CR0895,2025-01-22,instagram,short,745,4668,6733,7624,0,False
PO01033,CA008,CR0847,2025-01-22,instagram,short,4513,31970,53752,53027,2000,False
PO01034,CA008,CR0181,2025-01-22,instagram,short,1588,2962,5724,6297,0,False
PO01035,CA008,CR0266,2025-01-22,instagram,long_form,9637,39061,80972,82864,4950,False
PO01036,CA008,CR0572,2025-01-22,instagram,long_form,2242,10355,14019,15932,500,False
PO01037,CA008,CR1032,2025-01-22,instagram,reel,971,2229,4740,5437,0,False
PO01038,CA008,CR0646,2025-01-22,instagram,carousel,151,623,1348,1366,0,False
PO01039,CA008,CR0854,2025-01-22,instagram,short,100,176,217,270,0,False
PO01040,CA008,CR1011,2025-01-22,instagram,reel,2330,5890,9952,10078,500,False
PO01041,CA008,CR0088,2025-01-22,instagram,short,763,2000,3612,3600,0,False
PO01042,CA008,CR1150,2025-01-22,instagram,reel,143,202,573,574,0,False
PO01043,CA008,CR0751,2025-01-22,instagram,reel,321,1269,1637,1990,0,False
PO01044,CA008,CR0503,2025-01-22,instagram,reel,315,1495,3038,3193,0,False
PO01045,CA008,CR0814,2025-01-22,instagram,carousel,1798,5366,9777,9802,500,False
PO01046,CA008,CR1142,2025-01-22,instagram,long_form,190,290,645,744,0,False
PO01047,CA008,CR1179,2025-01-22,instagram,carousel,858,2737,4707,4753,0,False
PO01048,CA008,CR0837,2025-01-22,instagram,long_form,264,2077,2640,3143,0,False
PO01049,CA008,CR0831,2025-01-22,instagram,short,2509,7820,12294,13024,500,False
PO01050,CA008,CR0794,2025-01-22,instagram,reel,100,174,247,283,0,False
PO01051,CA008,CR1116,2025-01-22,instagram,long_form,909,4169,6812,7797,500,False
PO01052,CA008,CR0755,2025-01-22,instagram,short,5070,17838,25094,26040,500,False
PO01053,CA008,CR0417,2025-01-22,instagram,short,133,314,627,646,0,False
PO01054,CA008,CR0676,2025-01-22,instagram,reel,100,100,181,200,0,False
PO01055,CA008,CR0403,2025-01-22,instagram,long_form,211,510,615,762,0,False
PO01056,CA008,CR0591,2025-01-22,instagram,reel,474,1399,2431,2818,0,False
PO01057,CA008,CR0461,2025-01-22,instagram,short,460,1417,2567,2585,0,False
PO01058,CA008,CR0960,2025-01-22,instagram,reel,462,722,1915,1949,0,False
PO01059,CA008,CR0606,2025-01-22,instagram,reel,377,1812,4034,4143,0,False
PO01060,CA008,CR0687,2025-01-22,instagram,reel,1446,8223,14313,16208,500,False
PO01061,CA008,CR0666,2025-01-22,instagram,reel,176,843,1000,1238,0,False
PO01062,CA008,CR0294,2025-01-22,instagram,carousel,145,458,636,729,0,False
PO01063,CA008,CR0365,2025-01-22,instagram,reel,425,1796,3986,4108,0,False
PO01064,CA008,CR0431,2025-01-22,instagram,reel,817,3972,5673,6877,0,False
PO01065,CA008,CR0472,2025-01-22,instagram,short,481,1990,2504,3081,0,False
PO01066,CA008,CR1044,2025-01-22,instagram,long_form,100,257,2027,2409,0,True
PO01067,CA008,CR0942,2025-01-22,instagram,short,568,1197,3253,3291,0,False
PO01068,CA008,CR0031,2025-01-22,instagram,reel,248,790,1481,1704,0,False
PO01069,CA008,CR0767,2025-01-22,instagram,short,14528,59199,137571,147031,4950,False
PO01070,CA008,CR0862,2025-01-22,instagram,reel,1373,2478,5547,5817,0,False
PO01071,CA008,CR0658,2025-01-22,instagram,short,100,100,112,132,0,False
PO01072,CA008,CR0084,2025-01-22,instagram,short,251,741,1442,1475,0,False
PO01073,CA008,CR1042,2025-01-22,instagram,reel,6935,19483,30320,33128,2000,False
PO01074,CA008,CR0303,2025-01-22,instagram,reel,12062,20862,51480,52668,2000,False
PO01075,CA008,CR0079,2025-01-22,instagram,short,285,573,1593,1578,0,False
PO01076,CA008,CR0897,2025-01-22,instagram,short,2866,11757,20614,20945,500,False
PO01077,CA008,CR1041,2025-01-22,instagram,reel,1108,2572,3527,4065,0,False
PO01078,CA008,CR0593,2025-01-22,instagram,short,217,1281,1678,1962,0,False
PO01079,CA008,CR0685,2025-01-22,instagram,reel,869,3107,6219,7413,0,False
PO01080,CA008,CR0813,2025-01-22,instagram,reel,765,2371,4657,5790,0,False
PO01081,CA008,CR0333,2025-01-22,instagram,reel,122,1026,7819,8687,500,True
PO01082,CA008,CR1020,2025-01-22,instagram,short,992,5336,8488,8498,500,False
PO01083,CA008,CR1118,2025-01-22,instagram,carousel,100,215,288,340,0,False
PO01084,CA008,CR0896,2025-01-22,instagram,reel,1491,3115,6122,6335,0,False
PO01085,CA008,CR1158,2025-01-22,instagram,reel,3123,4995,9909,12009,500,False
PO01086,CA008,CR0357,2025-01-22,instagram,reel,100,100,100,100,0,False
PO01087,CA008,CR0479,2025-01-22,instagram,reel,4027,16197,23871,25213,500,False
PO01088,CA008,CR0443,2025-01-22,instagram,reel,870,3459,5097,5692,0,False
PO01089,CA008,CR0453,2025-01-22,instagram,reel,242,1476,2298,2446,0,False
PO01090,CA008,CR0070,2025-01-22,instagram,reel,207,648,1196,1453,0,False
PO01091,CA008,CR0035,2025-01-22,instagram,short,274,445,1178,1267,0,False
PO01092,CA008,CR1159,2025-01-22,instagram,reel,100,395,554,595,0,False
PO01093,CA008,CR0520,2025-01-22,instagram,reel,284,1336,2567,2516,0,False
PO01094,CA008,CR0630,2025-01-22,instagram,reel,421,1260,2893,3101,0,False
PO01095,CA008,CR0399,2025-01-22,instagram,long_form,271,597,1478,1698,0,False
PO01096,CA008,CR0720,2025-01-22,instagram,short,467,1557,2674,2666,0,False
PO01097,CA009,CR0234,2025-01-25,youtube,reel,610,3205,4870,6028,0,False
PO01098,CA009,CR0100,2025-01-25,youtube,short,6812,16106,34653,37487,2100,False
PO01099,CA009,CR0893,2025-01-25,youtube,long_form,100,100,151,158,0,False
PO01100,CA009,CR0714,2025-01-25,youtube,short,306,857,1359,1458,0,False
PO01101,CA009,CR0074,2025-01-25,youtube,long_form,115,157,426,423,0,False
PO01102,CA009,CR0179,2025-01-25,youtube,short,327,808,1235,1342,0,False
PO01103,CA009,CR1086,2025-01-25,youtube,short,298,492,1074,1104,0,False
PO01104,CA009,CR0772,2025-01-25,youtube,short,130,810,1326,1464,0,False
PO01105,CA009,CR1056,2025-01-25,youtube,reel,1201,7447,11149,11814,550,False
PO01106,CA009,CR0173,2025-01-25,youtube,reel,661,1481,2211,2762,0,False
PO01107,CA009,CR0625,2025-01-25,youtube,short,19584,81610,198251,225195,5250,False
PO01108,CA009,CR1135,2025-01-25,youtube,short,290,1386,1897,2354,0,False
PO01109,CA009,CR0917,2025-01-25,youtube,short,154,356,779,838,0,False
PO01110,CA009,CR1046,2025-01-25,youtube,reel,100,382,660,679,0,False
PO01111,CA009,CR0703,2025-01-25,youtube,carousel,3385,15894,21462,24019,550,False
PO01112,CA009,CR0784,2025-01-25,youtube,short,100,100,177,203,0,True
PO01113,CA009,CR0617,2025-01-25,youtube,short,319,1967,2908,2988,0,False
PO01114,CA009,CR0947,2025-01-25,youtube,long_form,1104,3227,5374,6650,0,False
PO01115,CA009,CR1092,2025-01-25,youtube,short,100,100,176,208,0,True
PO01116,CA009,CR0522,2025-01-25,youtube,short,421,1182,1590,1821,0,False
PO01117,CA009,CR0680,2025-01-25,youtube,reel,12420,30920,51424,52590,2100,False
PO01118,CA009,CR0293,2025-01-25,youtube,carousel,1877,3726,8863,9009,550,False
PO01119,CA009,CR0782,2025-01-25,youtube,short,100,362,463,569,0,False
PO01120,CA009,CR0105,2025-01-25,youtube,short,112,631,800,996,0,False
PO01121,CA009,CR0408,2025-01-25,youtube,long_form,329,733,2006,2038,0,False
PO01122,CA009,CR0087,2025-01-25,youtube,reel,56323,176266,410824,401245,18400,False
PO01123,CA009,CR0009,2025-01-25,youtube,reel,262,728,1075,1104,0,False
PO01124,CA009,CR0746,2025-01-25,youtube,carousel,100,286,434,428,0,False
PO01125,CA009,CR1053,2025-01-25,youtube,short,664,3725,6803,6641,0,False
PO01126,CA009,CR0977,2025-01-25,youtube,short,183,565,1089,1130,0,False
PO01127,CA009,CR0892,2025-01-25,youtube,short,100,198,365,383,0,False
PO01128,CA009,CR0902,2025-01-25,youtube,long_form,129,382,478,561,0,False
PO01129,CA009,CR0808,2025-01-25,youtube,short,1218,2168,4040,4373,0,False
PO01130,CA009,CR0974,2025-01-25,youtube,short,321,631,1368,1340,0,False
PO01131,CA009,CR0754,2025-01-25,youtube,reel,110,363,554,590,0,False
PO01132,CA009,CR0532,2025-01-25,youtube,reel,350,849,1413,1603,0,False
PO01133,CA009,CR0944,2025-01-25,youtube,reel,19586,53633,89820,104318,5250,False
PO01134,CA009,CR1040,2025-01-25,youtube,short,2679,9064,20511,19943,550,False
PO01135,CA009,CR0129,2025-01-25,youtube,short,169,432,1223,1228,0,False
PO01136,CA009,CR0220,2025-01-25,youtube,short,111,807,1140,1378,0,False
PO01137,CA009,CR0323,2025-01-25,youtube,short,1060,2111,3399,3816,0,False
PO01138,CA009,CR0437,2025-01-25,youtube,reel,138,587,904,1126,0,False
PO01139,CA009,CR0551,2025-01-25,youtube,carousel,267,678,1135,1131,0,False
PO01140,CA009,CR0654,2025-01-25,youtube,long_form,128,216,572,593,0,False
PO01141,CA009,CR0116,2025-01-25,youtube,reel,832,2155,4427,4310,0,False
PO01142,CA009,CR0784,2025-01-25,youtube,long_form,100,100,197,233,0,False
PO01143,CA009,CR0696,2025-01-25,youtube,short,2878,4009,10257,10481,550,False
PO01144,CA009,CR0347,2025-01-25,youtube,short,189,836,3942,4845,0,True
PO01145,CA009,CR0325,2025-01-25,youtube,short,100,169,249,258,0,False
PO01146,CA009,CR1079,2025-01-25,youtube,reel,212,447,642,797,0,False
PO01147,CA009,CR0580,2025-01-25,youtube,long_form,597,1313,2042,2214,0,False
PO01148,CA009,CR1160,2025-01-25,youtube,short,336,589,1104,1267,0,False
PO01149,CA009,CR0640,2025-01-25,youtube,short,100,122,272,277,0,False
PO01150,CA009,CR1000,2025-01-25,youtube,short,1370,2253,5680,5908,0,False
PO01151,CA009,CR1156,2025-01-25,youtube,carousel,100,100,100,100,0,False
PO01152,CA009,CR1151,2025-01-25,youtube,reel,1291,9499,39850,50036,2100,True
PO01153,CA009,CR0934,2025-01-25,youtube,reel,364,1150,1779,1731,0,False
PO01154,CA009,CR0951,2025-01-25,youtube,short,100,425,3398,3715,0,True
PO01155,CA009,CR0863,2025-01-25,youtube,short,486,691,1579,1795,0,False
PO01156,CA009,CR0089,2025-01-25,youtube,short,322,876,1152,1370,0,False
PO01157,CA009,CR0756,2025-01-25,youtube,short,100,184,396,399,0,False
PO01158,CA009,CR0724,2025-01-25,youtube,long_form,100,100,656,796,0,True
PO01159,CA009,CR0456,2025-01-25,youtube,long_form,354,1159,1381,1698,0,False
PO01160,CA009,CR0818,2025-01-25,youtube,long_form,100,100,100,103,0,False
PO01161,CA009,CR1063,2025-01-25,youtube,reel,293,740,1111,1161,0,False
PO01162,CA009,CR0096,2025-01-25,youtube,short,287,604,1633,1602,0,False
PO01163,CA009,CR0156,2025-01-25,youtube,short,257,798,1099,1316,0,False
PO01164,CA009,CR0701,2025-01-25,youtube,short,496,973,1911,2254,0,False
PO01165,CA009,CR0765,2025-01-25,youtube,reel,355,839,1284,1528,0,False
PO01166,CA009,CR0089,2025-01-25,youtube,short,283,661,1044,1100,0,False
PO01167,CA009,CR0551,2025-01-25,youtube,short,1451,2489,5192,5276,0,False
PO01168,CA009,CR0056,2025-01-25,youtube,short,663,2215,17022,19146,550,True
PO01169,CA009,CR0912,2025-01-25,youtube,short,100,237,295,362,0,False
PO01170,CA009,CR0946,2025-01-25,youtube,carousel,2329,3990,9040,10508,550,False
PO01171,CA009,CR0111,2025-01-25,youtube,short,149,824,1368,1614,0,False
PO01172,CA009,CR0860,2025-01-25,youtube,carousel,100,103,191,188,0,False
PO01173,CA009,CR0697,2025-01-25,youtube,short,100,211,458,557,0,False
PO01174,CA009,CR0783,2025-01-25,youtube,carousel,100,100,100,108,0,False
PO01175,CA009,CR0782,2025-01-25,youtube,short,135,310,587,734,0,False
PO01176,CA009,CR0060,2025-01-25,youtube,short,237,1245,2081,2045,0,False
PO01177,CA009,CR0075,2025-01-25,youtube,short,100,100,100,100,0,False
PO01178,CA009,CR1178,2025-01-25,youtube,short,292,1309,2468,2871,0,False
PO01179,CA009,CR0012,2025-01-25,youtube,long_form,455,932,2529,2477,0,False
PO01180,CA009,CR0728,2025-01-25,youtube,short,1197,2857,4530,4996,0,False
PO01181,CA009,CR0128,2025-01-25,youtube,short,1194,2704,5480,5343,0,False
PO01182,CA009,CR0718,2025-01-25,youtube,long_form,176,414,664,681,0,False
PO01183,CA009,CR0455,2025-01-25,youtube,short,214,515,946,1076,0,False
PO01184,CA009,CR0196,2025-01-25,youtube,long_form,203,538,1209,1495,0,False
PO01185,CA009,CR0198,2025-01-25,youtube,short,100,105,165,202,0,False
PO01186,CA009,CR0917,2025-01-25,youtube,short,100,100,100,100,0,False
PO01187,CA009,CR0712,2025-01-25,youtube,long_form,2487,6143,16559,17452,550,False
PO01188,CA009,CR0838,2025-01-25,youtube,short,142,449,1267,1245,0,False
PO01189,CA009,CR0401,2025-01-25,youtube,short,223,482,739,814,0,False
PO01190,CA009,CR0693,2025-01-25,youtube,short,31000,95489,227398,236841,5250,False
PO01191,CA009,CR0166,2025-01-25,youtube,long_form,157,529,856,845,0,False
PO01192,CA009,CR0894,2025-01-25,youtube,reel,549,1328,1936,1967,0,False
PO01193,CA009,CR1186,2025-01-25,youtube,short,158,1395,8233,9062,550,True
PO01194,CA009,CR0025,2025-01-25,youtube,short,320,2450,3296,3756,0,False
PO01195,CA009,CR0571,2025-01-25,youtube,short,827,1384,2733,3255,0,False
PO01196,CA009,CR0097,2025-01-25,youtube,long_form,100,449,621,644,0,False
PO01197,CA009,CR0458,2025-01-25,youtube,short,5054,15173,33276,39019,2100,False
PO01198,CA009,CR0281,2025-01-25,youtube,reel,167,628,842,982,0,False
PO01199,CA009,CR0898,2025-01-25,youtube,long_form,151,568,1230,1304,0,False
PO01200,CA009,CR0348,2025-01-25,youtube,reel,2738,8597,11699,13611,550,False
PO01201,CA009,CR1137,2025-01-25,youtube,long_form,197,457,1235,1223,0,False
PO01202,CA009,CR0395,2025-01-25,youtube,long_form,886,4377,6548,6469,0,False
PO01203,CA009,CR0577,2025-01-25,youtube,long_form,100,100,433,499,0,True
PO01204,CA009,CR1063,2025-01-25,youtube,long_form,100,469,661,675,0,False
PO01205,CA009,CR0275,2025-01-25,youtube,short,100,277,581,670,0,False
PO01206,CA009,CR1018,2025-01-25,youtube,short,3090,7511,12625,13687,550,False
PO01207,CA009,CR0317,2025-01-25,youtube,carousel,100,100,144,158,0,False
PO01208,CA009,CR1034,2025-01-25,youtube,short,112,307,474,527,0,False
PO01209,CA009,CR0706,2025-01-25,youtube,short,161,467,871,881,0,False
PO01210,CA009,CR0965,2025-01-25,youtube,short,861,1447,3360,3329,0,False
PO01211,CA009,CR1162,2025-01-25,youtube,reel,186,785,930,1131,0,False
PO01212,CA009,CR1177,2025-01-25,youtube,long_form,100,172,318,318,0,False
PO01213,CA009,CR0230,2025-01-25,youtube,long_form,147,537,816,1000,0,False
PO01214,CA009,CR0045,2025-01-25,youtube,short,491,1141,1822,2233,0,False
PO01215,CA009,CR0879,2025-01-25,youtube,short,110,722,1116,1133,0,False
PO01216,CA009,CR0373,2025-01-25,youtube,reel,1019,7845,9933,11494,550,False
PO01217,CA009,CR0674,2025-01-25,youtube,short,151,422,627,610,0,False
PO01218,CA009,CR0364,2025-01-25,youtube,reel,223,855,2159,2127,0,False
PO01219,CA009,CR0090,2025-01-25,youtube,short,812,1541,3055,3364,0,False
PO01220,CA009,CR0898,2025-01-25,youtube,long_form,113,227,569,622,0,False
PO01221,CA009,CR0517,2025-01-25,youtube,short,385,918,1648,1836,0,False
PO01222,CA009,CR0683,2025-01-25,youtube,short,100,176,406,423,0,False
PO01223,CA009,CR0173,2025-01-25,youtube,short,809,1855,3167,3489,0,False
PO01224,CA009,CR0343,2025-01-25,youtube,carousel,319,915,1407,1377,0,False
PO01225,CA009,CR0772,2025-01-25,youtube,reel,100,100,100,100,0,False
PO01226,CA009,CR1078,2025-01-25,youtube,long_form,100,131,299,328,0,False
PO01227,CA009,CR0705,2025-01-25,youtube,short,3729,16578,35358,37631,2100,False
PO01228,CA009,CR0408,2025-01-25,youtube,long_form,135,362,935,931,0,False
PO01229,CA009,CR0921,2025-01-25,youtube,short,100,100,105,132,0,False
PO01230,CA009,CR0795,2025-01-25,youtube,short,272,777,983,1111,0,False
PO01231,CA009,CR0072,2025-01-25,youtube,reel,1060,2457,3663,4103,0,False
PO01232,CA009,CR0125,2025-01-25,youtube,long_form,494,785,1631,1871,0,False
PO01233,CA009,CR1119,2025-01-25,youtube,long_form,100,192,355,388,0,False
PO01234,CA009,CR0236,2025-01-25,youtube,short,100,313,450,474,0,False
PO01235,CA009,CR0184,2025-01-25,youtube,short,889,2333,5586,6345,0,False
PO01236,CA009,CR0816,2025-01-25,youtube,carousel,1417,7453,12850,14589,550,False
PO01237,CA009,CR0644,2025-01-25,youtube,short,100,100,100,100,0,False
PO01238,CA009,CR0979,2025-01-25,youtube,short,1616,5925,11162,11951,550,False
PO01239,CA009,CR0715,2025-01-25,youtube,short,100,247,361,389,0,False
PO01240,CA009,CR0183,2025-01-25,youtube,short,116,456,672,739,0,False
PO01241,CA009,CR0183,2025-01-25,youtube,short,331,657,1168,1229,0,False
PO01242,CA009,CR0894,2025-01-25,youtube,short,1118,7230,10041,10398,550,False
PO01243,CA009,CR0728,2025-01-25,youtube,short,114,506,904,1091,0,False
PO01244,CA009,CR0254,2025-01-25,youtube,reel,132,677,1065,1057,0,False
PO01245,CA009,CR1082,2025-01-25,youtube,short,100,165,282,318,0,False
PO01246,CA009,CR0833,2025-01-25,youtube,short,22968,39096,88674,93540,5250,False
PO01247,CA009,CR0772,2025-01-25,youtube,short,713,3238,5068,5238,0,False
PO01248,CA009,CR1023,2025-01-25,youtube,short,1149,3232,5178,5150,0,False
PO01249,CA009,CR1098,2025-01-25,youtube,long_form,14854,22975,46607,57282,2100,False
PO01250,CA009,CR0759,2025-01-25,youtube,short,341,585,1062,1230,0,False
PO01251,CA009,CR0867,2025-01-25,youtube,short,104,205,381,389,0,False
PO01252,CA009,CR0402,2025-01-25,youtube,long_form,802,3324,5189,5245,0,False
PO01253,CA009,CR0913,2025-01-25,youtube,short,3490,7344,13295,12955,550,False
PO01254,CA009,CR0250,2025-01-25,youtube,short,100,442,777,816,0,False
PO01255,CA009,CR0099,2025-01-25,youtube,reel,58267,169650,209482,244083,5250,False
PO01256,CA009,CR0241,2025-01-25,youtube,long_form,509,1142,2218,2258,0,False
PO01257,CA009,CR0939,2025-01-25,youtube,short,120,525,984,1174,0,False
PO01258,CA009,CR0935,2025-01-25,youtube,short,207,567,945,1024,0,False
PO01259,CA009,CR0103,2025-01-25,youtube,short,3658,20667,26500,32550,2100,False
PO01260,CA009,CR0124,2025-01-25,youtube,short,100,132,283,351,0,False
PO01261,CA010,CR0423,2025-01-28,instagram,reel,171,1648,9304,11209,350,True
PO01262,CA010,CR1112,2025-01-28,instagram,long_form,327,939,1800,1970,0,False
PO01263,CA010,CR1041,2025-01-28,instagram,short,2419,4941,10863,10949,350,False
PO01264,CA010,CR1095,2025-01-28,instagram,carousel,223,481,756,922,0,False
PO01265,CA010,CR0112,2025-01-28,instagram,short,175,431,702,857,0,False
PO01266,CA010,CR0684,2025-01-28,instagram,carousel,774,1415,3519,3628,0,False
PO01267,CA010,CR0978,2025-01-28,instagram,short,8092,19974,24662,29866,350,False
PO01268,CA010,CR0855,2025-01-28,instagram,reel,1649,3290,6806,6781,0,False
PO01269,CA010,CR0600,2025-01-28,instagram,reel,13541,50863,80099,89574,3550,False
PO01270,CA010,CR1144,2025-01-28,instagram,short,2225,7381,10229,12230,350,False
PO01271,CA010,CR0365,2025-01-28,instagram,short,2608,5134,8644,10283,350,False
PO01272,CA010,CR1158,2025-01-28,instagram,reel,294,713,1555,1890,0,False
PO01273,CA010,CR0405,2025-01-28,instagram,short,100,258,476,503,0,False
PO01274,CA010,CR0949,2025-01-28,instagram,reel,325,1023,1560,1891,0,False
PO01275,CA010,CR1195,2025-01-28,instagram,reel,2044,4772,8451,9934,350,False
PO01276,CA010,CR0709,2025-01-28,instagram,short,2025,4198,8466,8379,0,False
PO01277,CA010,CR0727,2025-01-28,instagram,reel,866,4611,8174,8602,350,False
PO01278,CA010,CR0201,2025-01-28,instagram,reel,938,2932,4239,4262,0,False
PO01279,CA010,CR0576,2025-01-28,instagram,long_form,7128,15640,22637,27697,350,False
PO01280,CA010,CR0700,2025-01-28,instagram,short,536,1394,2166,2562,0,False
PO01281,CA010,CR1013,2025-01-28,instagram,reel,2593,6774,11078,12910,350,False
PO01282,CA010,CR0469,2025-01-28,instagram,reel,2130,5068,7189,8231,0,False
PO01283,CA010,CR0229,2025-01-28,instagram,reel,10272,57494,87492,97454,3550,False
PO01284,CA010,CR1080,2025-01-28,instagram,reel,10129,14666,33450,36632,1450,False
PO01285,CA010,CR0300,2025-01-28,instagram,long_form,526,1043,2700,2871,0,False
PO01286,CA010,CR0861,2025-01-28,instagram,long_form,559,1663,2676,3045,0,False
PO01287,CA010,CR0448,2025-01-28,instagram,reel,6198,16192,26677,29672,350,False
PO01288,CA010,CR0962,2025-01-28,instagram,short,225,591,1057,1176,0,False
PO01289,CA010,CR1194,2025-01-28,instagram,reel,313,1550,2133,2569,0,False
PO01290,CA010,CR1148,2025-01-28,instagram,long_form,3293,14604,21953,21623,350,False
PO01291,CA010,CR0453,2025-01-28,instagram,long_form,1058,3308,4218,5041,0,False
PO01292,CA010,CR0585,2025-01-28,instagram,long_form,1722,3636,6215,6160,0,False
PO01293,CA010,CR0303,2025-01-28,instagram,reel,3430,25575,39378,41458,1450,False
PO01294,CA010,CR0435,2025-01-28,instagram,reel,1029,2746,3833,4205,0,False
PO01295,CA010,CR0336,2025-01-28,instagram,reel,826,1483,2899,3248,0,False
PO01296,CA010,CR0672,2025-01-28,instagram,reel,100,243,457,555,0,False
PO01297,CA010,CR0521,2025-01-28,instagram,reel,578,1132,2900,3073,0,False
PO01298,CA010,CR0820,2025-01-28,instagram,short,279,430,1186,1201,0,False
PO01299,CA010,CR0650,2025-01-28,instagram,long_form,109,703,976,1074,0,False
PO01300,CA010,CR0077,2025-01-28,instagram,reel,614,2005,2814,2946,0,False
PO01301,CA010,CR0968,2025-01-28,instagram,reel,472,3021,4206,5169,0,False
PO01302,CA010,CR0661,2025-01-28,instagram,reel,10411,67272,102848,118797,3550,False
PO01303,CA010,CR0542,2025-01-28,instagram,reel,1171,1719,4435,4522,0,False
PO01304,CA010,CR1117,2025-01-28,instagram,reel,790,2452,6365,6517,0,False
PO01305,CA010,CR0865,2025-01-28,instagram,short,100,124,252,315,0,False
PO01306,CA010,CR0443,2025-01-28,instagram,reel,100,334,667,664,0,False
PO01307,CA010,CR0028,2025-01-28,instagram,reel,103,338,655,671,0,False
PO01308,CA010,CR0963,2025-01-28,instagram,short,312,1015,2393,2897,0,False
PO01309,CA010,CR0213,2025-01-28,instagram,reel,909,2413,4115,4001,0,False
PO01310,CA010,CR0034,2025-01-28,instagram,carousel,3494,20950,26005,31578,350,False
PO01311,CA010,CR1106,2025-01-28,instagram,reel,319,1004,1495,1606,0,False
PO01312,CA010,CR0938,2025-01-28,instagram,long_form,446,964,2310,2254,0,False
PO01313,CA010,CR0804,2025-01-28,instagram,carousel,1509,4147,8127,9652,350,False
PO01314,CA010,CR0301,2025-01-28,instagram,long_form,391,895,1305,1568,0,False
PO01315,CA010,CR0798,2025-01-28,instagram,reel,6476,37869,54071,56485,1450,False
PO01316,CA010,CR0760,2025-01-28,instagram,reel,847,1812,3328,3738,0,False
PO01317,CA010,CR0538,2025-01-28,instagram,reel,304,735,911,1111,0,False
PO01318,CA010,CR0504,2025-01-28,instagram,carousel,624,2950,14696,15635,350,True
PO01319,CA010,CR1059,2025-01-28,instagram,reel,1623,4302,6819,8265,0,False
PO01320,CA010,CR0655,2025-01-28,instagram,reel,153,435,898,943,0,False
PO01321,CA010,CR0094,2025-01-28,instagram,short,759,2710,12553,15886,350,True
PO01322,CA010,CR0482,2025-01-28,instagram,short,333,648,1037,1229,0,False
PO01323,CA010,CR1116,2025-01-28,instagram,short,477,1267,2869,3424,0,False
PO01324,CA010,CR0486,2025-01-28,instagram,carousel,272,1994,2941,3227,0,False
PO01325,CA010,CR0349,2025-01-28,instagram,short,100,100,242,247,0,False
PO01326,CA010,CR1091,2025-01-28,instagram,reel,167,698,1252,1261,0,False
PO01327,CA010,CR0873,2025-01-28,instagram,short,724,1817,3743,3846,0,False
PO01328,CA010,CR0051,2025-01-28,instagram,carousel,193,434,839,854,0,False
PO01329,CA010,CR0958,2025-01-28,instagram,reel,805,1107,2885,2889,0,False
PO01330,CA010,CR0984,2025-01-28,instagram,reel,180,788,1152,1330,0,False
PO01331,CA010,CR0544,2025-01-28,instagram,reel,2041,3782,6956,7702,0,False
PO01332,CA010,CR0363,2025-01-28,instagram,carousel,914,3111,4099,4727,0,False
PO01333,CA010,CR0716,2025-01-28,instagram,reel,100,689,2766,3459,0,True
PO01334,CA010,CR0063,2025-01-28,instagram,reel,607,4059,6412,6478,0,False
PO01335,CA010,CR0061,2025-01-28,instagram,reel,741,3053,4528,4505,0,False
PO01336,CA010,CR1172,2025-01-28,instagram,reel,3992,12837,17911,21808,350,False
PO01337,CA010,CR1064,2025-01-28,instagram,long_form,1405,3380,4830,5539,0,False
PO01338,CA010,CR0690,2025-01-28,instagram,reel,957,4059,7011,7027,0,False
PO01339,CA010,CR0310,2025-01-28,instagram,carousel,5286,7287,18691,20755,350,False
PO01340,CA010,CR0523,2025-01-28,instagram,short,1133,7609,10534,12177,350,False
PO01341,CA010,CR0171,2025-01-28,instagram,long_form,986,3526,16644,20309,350,True
PO01342,CA010,CR0145,2025-01-28,instagram,short,468,808,1669,1736,0,False
PO01343,CA010,CR0085,2025-01-28,instagram,reel,631,3810,4611,5598,0,False
PO01344,CA010,CR0289,2025-01-28,instagram,reel,310,1468,2217,2635,0,False
PO01345,CA010,CR1024,2025-01-28,instagram,long_form,1257,8048,13772,13566,350,False
PO01346,CA010,CR0733,2025-01-28,instagram,long_form,3627,22829,28499,34813,1450,False
PO01347,CA010,CR1127,2025-01-28,instagram,short,100,291,543,538,0,False
PO01348,CA010,CR0484,2025-01-28,instagram,carousel,100,100,100,100,0,False
PO01349,CA010,CR0900,2025-01-28,instagram,short,852,4100,5643,6763,0,False
PO01350,CA010,CR0854,2025-01-28,instagram,short,790,2886,5301,6007,0,False
PO01351,CA010,CR0959,2025-01-28,instagram,short,1663,7493,9517,11644,350,False
PO01352,CA010,CR0853,2025-01-28,instagram,short,1437,2031,4359,5244,0,False
PO01353,CA010,CR0519,2025-01-28,instagram,short,363,1044,2578,2580,0,False
PO01354,CA010,CR0973,2025-01-28,instagram,short,3212,8116,10028,12291,350,False
PO01355,CA010,CR0507,2025-01-28,instagram,short,1965,5157,6367,7775,0,False
PO01356,CA010,CR0299,2025-01-28,instagram,long_form,100,120,232,228,0,False
PO01357,CA011,CR0393,2025-01-31,youtube,short,260,516,857,931,0,False
PO01358,CA011,CR0344,2025-01-31,youtube,short,141,677,1328,1607,0,False
PO01359,CA011,CR0566,2025-01-31,youtube,long_form,114,761,1171,1357,0,False
PO01360,CA011,CR1012,2025-01-31,youtube,short,610,1692,3293,3402,0,False
PO01361,CA011,CR0346,2025-01-31,youtube,long_form,1973,7392,10135,11115,250,False
PO01362,CA011,CR0087,2025-01-31,youtube,long_form,4782,32596,51238,53499,2300,False
PO01363,CA011,CR0725,2025-01-31,youtube,short,1041,3812,5614,6961,250,False
PO01364,CA011,CR0328,2025-01-31,youtube,short,516,2076,9087,11783,250,True
PO01365,CA011,CR0781,2025-01-31,youtube,long_form,1035,4246,6447,7526,250,False
PO01366,CA011,CR0669,2025-01-31,youtube,short,123,371,434,542,0,False
PO01367,CA011,CR1163,2025-01-31,youtube,short,253,1539,2001,2469,0,False
PO01368,CA011,CR0159,2025-01-31,youtube,short,900,2254,6320,6292,250,False
PO01369,CA011,CR0030,2025-01-31,youtube,long_form,1173,3393,6877,8199,250,False
PO01370,CA011,CR1058,2025-01-31,youtube,short,1421,3008,5164,5749,250,False
PO01371,CA011,CR0951,2025-01-31,youtube,reel,100,201,1159,1302,0,True
PO01372,CA011,CR0985,2025-01-31,youtube,short,100,127,236,270,0,False
PO01373,CA011,CR0809,2025-01-31,youtube,reel,193,971,1399,1444,0,False
PO01374,CA011,CR0103,2025-01-31,youtube,short,6567,11886,27708,27167,900,False
PO01375,CA011,CR0368,2025-01-31,youtube,short,233,1026,2108,2152,0,False
PO01376,CA011,CR0699,2025-01-31,youtube,short,1148,3167,5078,5591,250,False
PO01377,CA011,CR0575,2025-01-31,youtube,short,3506,10270,16299,18264,250,False
PO01378,CA011,CR0775,2025-01-31,youtube,reel,519,702,1810,1957,0,False
PO01379,CA011,CR0283,2025-01-31,youtube,short,1140,3031,4917,5022,250,False
PO01380,CA011,CR0480,2025-01-31,youtube,reel,1083,2559,3382,4101,0,False
PO01381,CA011,CR0849,2025-01-31,youtube,short,1601,8623,13804,15714,250,False
PO01382,CA011,CR0723,2025-01-31,youtube,short,549,884,2287,2315,0,False
PO01383,CA011,CR0123,2025-01-31,youtube,short,1260,2768,5810,6242,250,False
PO01384,CA011,CR0954,2025-01-31,youtube,reel,237,582,1160,1161,0,False
PO01385,CA011,CR0866,2025-01-31,youtube,short,265,773,1546,1618,0,False
PO01386,CA011,CR0961,2025-01-31,youtube,long_form,100,368,576,598,0,False
PO01387,CA011,CR0025,2025-01-31,youtube,short,493,755,1592,1831,0,False
PO01388,CA011,CR1094,2025-01-31,youtube,short,477,1028,2251,2532,0,False
PO01389,CA011,CR1189,2025-01-31,youtube,reel,5297,19186,51867,51724,2300,False
PO01390,CA011,CR1039,2025-01-31,youtube,long_form,2840,18225,28834,28768,900,False
PO01391,CA011,CR0844,2025-01-31,youtube,short,2376,9599,15197,18294,250,False
PO01392,CA011,CR0082,2025-01-31,youtube,short,6325,20108,29935,32002,900,False
PO01393,CA011,CR0789,2025-01-31,youtube,short,2010,7489,45730,57981,2300,True
PO01394,CA011,CR0558,2025-01-31,youtube,short,618,1437,1806,2213,0,False
PO01395,CA011,CR0870,2025-01-31,youtube,short,1676,3683,8797,9479,250,False
PO01396,CA011,CR0162,2025-01-31,youtube,long_form,151,307,2677,3169,0,True
PO01397,CA011,CR1138,2025-01-31,youtube,short,462,2597,4889,4921,0,False
PO01398,CA011,CR1001,2025-01-31,youtube,reel,100,541,863,1007,0,False
PO01399,CA011,CR0409,2025-01-31,youtube,short,1673,2765,6450,6348,250,False
PO01400,CA011,CR0432,2025-01-31,youtube,short,137,332,579,566,0,False
PO01401,CA011,CR0376,2025-01-31,youtube,long_form,1179,2722,4028,4341,0,False
PO01402,CA011,CR0037,2025-01-31,youtube,long_form,289,602,872,1033,0,False
PO01403,CA011,CR0150,2025-01-31,youtube,reel,1152,3421,4593,5016,250,False
PO01404,CA011,CR0098,2025-01-31,youtube,long_form,432,1104,2130,2369,0,False
PO01405,CA011,CR0421,2025-01-31,youtube,long_form,284,1885,2468,2916,0,False
PO01406,CA011,CR0668,2025-01-31,youtube,long_form,808,2241,5336,6055,250,False
PO01407,CA011,CR1139,2025-01-31,youtube,short,1624,5676,11646,13260,250,False
PO01408,CA011,CR1019,2025-01-31,youtube,short,305,802,1377,1547,0,False
PO01409,CA011,CR0411,2025-01-31,youtube,short,4640,10308,17561,18568,250,False
PO01410,CA011,CR0072,2025-01-31,youtube,short,465,1863,2641,2813,0,False
PO01411,CA011,CR1173,2025-01-31,youtube,short,1540,2871,5138,6413,250,False
PO01412,CA011,CR0977,2025-01-31,youtube,reel,397,1500,1968,2235,0,False
PO01413,CA011,CR0433,2025-01-31,youtube,long_form,2625,7690,9457,11177,250,False
PO01414,CA011,CR0925,2025-01-31,youtube,reel,307,696,1617,1628,0,False
PO01415,CA011,CR0863,2025-01-31,youtube,long_form,100,100,165,175,0,False
PO01416,CA011,CR0462,2025-01-31,youtube,short,4595,17578,35444,36865,900,False
PO01417,CA011,CR1126,2025-01-31,youtube,reel,448,1977,2834,3337,0,False
PO01418,CA011,CR0052,2025-01-31,youtube,carousel,1198,2823,7318,7476,250,False
PO01419,CA011,CR0703,2025-01-31,youtube,short,1573,8871,13663,15061,250,False
PO01420,CA011,CR1174,2025-01-31,youtube,short,148,867,1188,1314,0,False
PO01421,CA011,CR0355,2025-01-31,youtube,short,904,2359,4355,4806,0,False
PO01422,CA011,CR0562,2025-01-31,youtube,short,153,590,838,949,0,False
PO01423,CA011,CR1141,2025-01-31,youtube,long_form,100,103,688,735,0,True
PO01424,CA011,CR0382,2025-01-31,youtube,reel,247,562,1167,1260,0,False
PO01425,CA011,CR0212,2025-01-31,youtube,long_form,701,3516,4807,5577,250,False
PO01426,CA011,CR0401,2025-01-31,youtube,short,100,100,218,217,0,False
PO01427,CA011,CR0857,2025-01-31,youtube,short,100,282,488,580,0,False
PO01428,CA011,CR0298,2025-01-31,youtube,long_form,687,3508,6419,7714,250,False
PO01429,CA011,CR0142,2025-01-31,youtube,short,573,1363,3650,3743,0,False
PO01430,CA011,CR0074,2025-01-31,youtube,short,296,533,1339,1301,0,False
PO01431,CA011,CR0923,2025-01-31,youtube,short,2143,5905,9079,9065,250,False
PO01432,CA011,CR0095,2025-01-31,youtube,short,6370,18454,27783,32522,900,False
PO01433,CA011,CR1183,2025-01-31,youtube,short,100,300,607,610,0,False
PO01434,CA011,CR0270,2025-01-31,youtube,short,1305,4081,6934,7773,250,False
PO01435,CA011,CR0023,2025-01-31,youtube,short,100,277,482,487,0,False
PO01436,CA011,CR0531,2025-01-31,youtube,reel,10335,17351,41211,46130,900,False
PO01437,CA011,CR0467,2025-01-31,youtube,long_form,2374,10444,12709,15541,250,False
PO01438,CA011,CR0913,2025-01-31,youtube,reel,677,1402,2777,3260,0,False
PO01439,CA011,CR0375,2025-01-31,youtube,long_form,367,669,1702,1767,0,False
PO01440,CA011,CR0579,2025-01-31,youtube,long_form,100,219,1005,1156,0,True
PO01441,CA011,CR0827,2025-01-31,youtube,short,1735,4409,5804,6611,250,False
PO01442,CA011,CR0688,2025-01-31,youtube,short,3275,23429,29006,34736,900,False
PO01443,CA011,CR1167,2025-01-31,youtube,short,3916,7329,18531,20882,900,False
PO01444,CA011,CR0257,2025-01-31,youtube,short,213,411,710,854,0,False
PO01445,CA011,CR0541,2025-01-31,youtube,short,393,2329,3486,3423,0,False
PO01446,CA011,CR0996,2025-01-31,youtube,reel,806,2370,4621,4519,0,False
PO01447,CA011,CR0892,2025-01-31,youtube,short,100,232,1323,1469,0,True
PO01448,CA011,CR0154,2025-01-31,youtube,long_form,4184,7720,13460,15023,250,False
PO01449,CA011,CR0634,2025-01-31,youtube,short,132,384,898,887,0,False
PO01450,CA011,CR0378,2025-01-31,youtube,long_form,100,225,470,465,0,False
PO01451,CA011,CR0635,2025-01-31,youtube,short,664,1560,4209,4117,0,False
PO01452,CA011,CR0808,2025-01-31,youtube,short,129,301,604,619,0,False
PO01453,CA011,CR0268,2025-01-31,youtube,short,1813,16362,89759,98023,2300,True
PO01454,CA011,CR0311,2025-01-31,youtube,short,123,277,371,453,0,False
PO01455,CA011,CR0840,2025-01-31,youtube,short,3369,10678,15389,15738,250,False
PO01456,CA011,CR0770,2025-01-31,youtube,short,622,2604,3519,3914,0,False
PO01457,CA011,CR0263,2025-01-31,youtube,long_form,178,463,1242,1260,0,False
PO01458,CA011,CR0671,2025-01-31,youtube,short,462,1155,1642,1750,0,False
PO01459,CA011,CR0439,2025-01-31,youtube,carousel,1178,4175,6056,6213,250,False
PO01460,CA011,CR0701,2025-01-31,youtube,short,100,112,637,691,0,True
PO01461,CA011,CR0922,2025-01-31,youtube,short,100,347,869,918,0,False
PO01462,CA011,CR0164,2025-01-31,youtube,short,122,719,1174,1143,0,False
PO01463,CA011,CR0458,2025-01-31,youtube,short,410,779,1286,1563,0,False
PO01464,CA011,CR0373,2025-01-31,youtube,reel,1285,2781,6114,7499,250,False
PO01465,CA011,CR1169,2025-01-31,youtube,short,148,382,711,708,0,False
PO01466,CA011,CR0587,2025-01-31,youtube,long_form,1495,4049,5608,5994,250,False
PO01467,CA011,CR0675,2025-01-31,youtube,short,646,3320,4099,4808,0,False
PO01468,CA011,CR0485,2025-01-31,youtube,long_form,486,2382,14165,15333,250,True
PO01469,CA011,CR0992,2025-01-31,youtube,reel,415,2055,2560,3093,0,False
PO01470,CA011,CR1025,2025-01-31,youtube,reel,311,1152,1468,1707,0,False
PO01471,CA011,CR0885,2025-01-31,youtube,carousel,569,1835,4376,4859,0,False
PO01472,CA011,CR0817,2025-01-31,youtube,long_form,224,1799,2456,2756,0,False
PO01473,CA011,CR0816,2025-01-31,youtube,long_form,44609,164268,209672,243663,7950,False
PO01474,CA011,CR0843,2025-01-31,youtube,long_form,416,1345,2610,2647,0,False
PO01475,CA011,CR0972,2025-01-31,youtube,short,108,258,366,391,0,False
PO01476,CA011,CR1110,2025-01-31,youtube,carousel,123,470,1101,1098,0,False
PO01477,CA011,CR1009,2025-01-31,youtube,short,100,159,302,339,0,False
PO01478,CA011,CR0197,2025-01-31,youtube,short,559,1861,2675,2985,0,False
PO01479,CA011,CR0113,2025-01-31,youtube,short,217,588,1321,1391,0,False
PO01480,CA011,CR0247,2025-01-31,youtube,reel,7303,17867,30101,29602,900,False
PO01481,CA011,CR1043,2025-01-31,youtube,short,437,2144,3986,4795,0,False
PO01482,CA011,CR1031,2025-01-31,youtube,short,467,1719,2767,3256,0,False
PO01483,CA011,CR0065,2025-01-31,youtube,short,645,3390,4519,4894,0,False
PO01484,CA011,CR0200,2025-01-31,youtube,short,198,903,1103,1313,0,False
PO01485,CA011,CR0308,2025-01-31,youtube,short,45767,182207,291184,318531,7950,False
PO01486,CA011,CR0917,2025-01-31,youtube,carousel,100,340,535,538,0,False
PO01487,CA011,CR1162,2025-01-31,youtube,long_form,100,229,547,623,0,False
PO01488,CA011,CR1198,2025-01-31,youtube,short,206,636,822,922,0,False
PO01489,CA011,CR0209,2025-01-31,youtube,long_form,1181,2261,4044,5034,250,False
PO01490,CA011,CR0689,2025-01-31,youtube,carousel,155,395,633,651,0,False
PO01491,CA011,CR0955,2025-01-31,youtube,long_form,469,1979,4916,5446,250,False
PO01492,CA012,CR0099,2025-02-03,youtube,short,5633,16269,137745,166874,12350,True
PO01493,CA012,CR1012,2025-02-03,youtube,short,1288,2579,6149,6018,0,False
PO01494,CA012,CR0833,2025-02-03,youtube,short,27746,65693,130649,128912,4950,False
PO01495,CA012,CR0816,2025-02-03,youtube,long_form,16712,66029,110083,117314,4950,False
PO01496,CA012,CR0366,2025-02-03,youtube,short,21887,58270,74759,90878,4950,False
PO01497,CA012,CR0308,2025-02-03,youtube,short,87559,374649,530380,582871,43250,False
PO01498,CA012,CR0598,2025-02-03,youtube,short,25951,56503,93326,113339,4950,False
PO01499,CA012,CR0073,2025-02-03,youtube,reel,21625,71129,115082,139760,4950,False
PO01500,CA012,CR0232,2025-02-03,youtube,short,35673,45824,103521,128822,4950,False
PO01501,CA012,CR0887,2025-02-03,youtube,short,31861,51515,134977,133511,4950,False
PO01502,CA012,CR1067,2025-02-03,youtube,reel,21223,38191,100955,99412,4950,False
PO01503,CA012,CR0773,2025-02-03,youtube,long_form,26131,69827,116796,126264,4950,False
PO01504,CA012,CR0308,2025-02-03,youtube,short,94245,529782,671982,790874,43250,False
PO01505,CA012,CR1167,2025-02-03,youtube,short,2831,15477,28034,28310,1250,False
PO01506,CA012,CR0598,2025-02-03,youtube,reel,7685,21811,38557,46369,1250,False
PO01507,CA012,CR0268,2025-02-03,youtube,long_form,30764,79571,114494,117785,4950,False
PO01508,CA012,CR0450,2025-02-03,youtube,short,3951,14265,25568,29413,1250,False
PO01509,CA012,CR0670,2025-02-03,youtube,short,17412,49612,129942,130357,4950,False
PO01510,CA012,CR1167,2025-02-03,youtube,short,4185,8857,15833,16747,1250,False
PO01511,CA012,CR0887,2025-02-03,youtube,short,36147,62953,152792,161430,12350,False
PO01512,CA012,CR0099,2025-02-03,youtube,short,24371,48106,101947,101861,4950,False
PO01513,CA012,CR0598,2025-02-03,youtube,short,40995,197287,238703,297391,12350,False
PO01514,CA012,CR0142,2025-02-03,youtube,long_form,954,5575,9795,9706,0,False
PO01515,CA012,CR0784,2025-02-03,youtube,short,912,1603,3907,4100,0,False
PO01516,CA012,CR0887,2025-02-03,youtube,short,17653,75568,102653,110156,4950,False
PO01517,CA012,CR0670,2025-02-03,youtube,short,45650,176198,275761,286056,12350,False
PO01518,CA012,CR0087,2025-02-03,youtube,carousel,16743,40029,106261,104954,4950,False
PO01519,CA012,CR0670,2025-02-03,youtube,reel,19499,82590,172595,182501,12350,False
PO01520,CA012,CR0100,2025-02-03,youtube,reel,33785,227952,305217,348592,12350,False
PO01521,CA012,CR0598,2025-02-03,youtube,reel,50945,103603,230729,238996,12350,False
PO01522,CA012,CR1139,2025-02-03,youtube,long_form,27638,65128,93965,113370,4950,False
PO01523,CA012,CR1167,2025-02-03,youtube,long_form,21850,47512,85071,101616,4950,False
PO01524,CA012,CR0308,2025-02-03,youtube,short,137462,287640,584348,669565,43250,False
PO01525,CA012,CR0308,2025-02-03,youtube,long_form,16546,41072,109475,116612,4950,False
PO01526,CA012,CR0816,2025-02-03,youtube,short,42639,91648,171700,176040,12350,False
PO01527,CA012,CR0268,2025-02-03,youtube,short,13989,37935,68098,71745,4950,False
PO01528,CA012,CR0100,2025-02-03,youtube,reel,28385,140889,193837,227194,12350,False
PO01529,CA012,CR0450,2025-02-03,youtube,carousel,2781,10973,24734,30095,1250,False
PO01530,CA012,CR0598,2025-02-03,youtube,reel,11740,30516,57595,70719,4950,False
PO01531,CA012,CR0100,2025-02-03,youtube,reel,20058,87443,185232,183016,12350,False
PO01532,CA012,CR0598,2025-02-03,youtube,short,16915,34797,93149,94935,4950,False
PO01533,CA012,CR0670,2025-02-03,youtube,long_form,5038,15103,22885,25594,1250,False
PO01534,CA012,CR0103,2025-02-03,youtube,long_form,11234,76167,126318,137176,4950,False
PO01535,CA012,CR0232,2025-02-03,youtube,long_form,14345,95954,153937,172716,12350,False
PO01536,CA012,CR0887,2025-02-03,youtube,short,9506,51472,69444,81471,4950,False
PO01537,CA012,CR0765,2025-02-03,youtube,long_form,100,100,423,466,0,True
PO01538,CA012,CR0100,2025-02-03,youtube,short,5514,34815,50643,58371,1250,False
PO01539,CA012,CR1067,2025-02-03,youtube,short,59634,92158,194469,230560,12350,False
PO01540,CA012,CR0756,2025-02-03,youtube,short,498,2603,3716,3953,0,False
PO01541,CA012,CR0670,2025-02-03,youtube,long_form,53562,159823,238253,289569,12350,False
PO01542,CA012,CR0773,2025-02-03,youtube,short,13530,33978,75124,75108,4950,False
PO01543,CA012,CR0268,2025-02-03,youtube,short,34337,72215,152770,161218,12350,False
PO01544,CA012,CR0366,2025-02-03,youtube,carousel,12902,73655,109755,115854,4950,False
PO01545,CA012,CR0366,2025-02-03,youtube,long_form,3439,21309,90066,113083,4950,True
PO01546,CA012,CR0725,2025-02-03,youtube,long_form,109,617,4575,5178,0,True
PO01547,CA012,CR1098,2025-02-03,youtube,short,55633,124133,232430,259344,12350,False
PO01548,CA012,CR0816,2025-02-03,youtube,short,31611,91268,212304,236256,12350,False
PO01549,CA012,CR0087,2025-02-03,youtube,short,196722,428924,741302,820465,43250,False
PO01550,CA012,CR0833,2025-02-03,youtube,reel,19936,40547,64535,77177,4950,False
PO01551,CA012,CR1167,2025-02-03,youtube,short,27149,72649,112988,113751,4950,False
PO01552,CA012,CR0450,2025-02-03,youtube,reel,1865,7788,14216,14928,1250,False
PO01553,CA012,CR0833,2025-02-03,youtube,long_form,18018,45866,54576,68126,4950,False
PO01554,CA012,CR1067,2025-02-03,youtube,short,4104,27462,35899,44508,1250,False
PO01555,CA012,CR0056,2025-02-03,youtube,short,263,495,883,1004,0,False
PO01556,CA012,CR0833,2025-02-03,youtube,reel,11283,30412,36435,45259,1250,False
PO01557,CA012,CR0087,2025-02-03,youtube,reel,30522,96569,186511,218994,12350,False
PO01558,CA012,CR0833,2025-02-03,youtube,short,24793,88392,163057,177001,12350,False
PO01559,CA012,CR0670,2025-02-03,youtube,short,19456,39547,68881,76581,4950,False
PO01560,CA012,CR0103,2025-02-03,youtube,short,3812,9321,20062,23252,1250,False
PO01561,CA012,CR0887,2025-02-03,youtube,reel,77965,118544,233704,287546,12350,False
PO01562,CA012,CR0366,2025-02-03,youtube,short,29953,255903,367928,369108,12350,False
PO01563,CA012,CR0541,2025-02-03,youtube,short,1230,1974,4542,4413,0,False
PO01564,CA012,CR1167,2025-02-03,youtube,short,3521,9674,18591,22848,1250,False
PO01565,CA012,CR0447,2025-02-03,youtube,reel,18922,63724,80623,100392,4950,False
PO01566,CA012,CR0103,2025-02-03,youtube,long_form,5000,14394,17751,21609,1250,False
PO01567,CA012,CR0100,2025-02-03,youtube,short,5151,29297,51033,51865,1250,False
PO01568,CA012,CR1067,2025-02-03,youtube,short,35642,80625,178706,192899,12350,False
PO01569,CA012,CR0598,2025-02-03,youtube,short,15271,60207,89984,91627,4950,False
PO01570,CA012,CR0670,2025-02-03,youtube,long_form,24493,40748,100099,108917,4950,False
PO01571,CA012,CR0232,2025-02-03,youtube,reel,12343,37360,62396,75336,4950,False
PO01572,CA012,CR0598,2025-02-03,youtube,short,69018,181789,218827,265870,12350,False
PO01573,CA012,CR1167,2025-02-03,youtube,short,67084,190129,278014,304156,12350,False
PO01574,CA012,CR0100,2025-02-03,youtube,short,8115,20195,28051,33707,1250,False
PO01575,CA012,CR0773,2025-02-03,youtube,long_form,50932,192835,462714,483437,12350,False
PO01576,CA012,CR0833,2025-02-03,youtube,reel,20881,155183,238046,257557,12350,False
PO01577,CA012,CR0103,2025-02-03,youtube,reel,2713,29249,179819,211561,12350,True
PO01578,CA012,CR0308,2025-02-03,youtube,short,38547,154294,239892,257055,12350,False
PO01579,CA012,CR0773,2025-02-03,youtube,short,4423,26753,46614,47479,1250,False
PO01580,CA012,CR0308,2025-02-03,youtube,reel,99286,289989,448340,436292,12350,False
PO01581,CA012,CR0885,2025-02-03,youtube,short,1678,7877,10842,12161,0,False
PO01582,CA012,CR0087,2025-02-03,youtube,long_form,10794,50601,77494,94676,4950,False
PO01583,CA012,CR0100,2025-02-03,youtube,short,2698,4618,10273,11624,0,False
PO01584,CA012,CR0773,2025-02-03,youtube,short,39215,55907,148830,147585,4950,False
PO01585,CA012,CR0531,2025-02-03,youtube,short,18004,37956,65773,67621,4950,False
PO01586,CA012,CR0366,2025-02-03,youtube,short,157602,483377,770754,788143,43250,False
PO01587,CA012,CR0773,2025-02-03,youtube,short,2828,14950,19015,21398,1250,False
PO01588,CA012,CR0232,2025-02-03,youtube,reel,55479,224329,335389,350493,12350,False
PO01589,CA012,CR0099,2025-02-03,youtube,short,83814,158456,328651,324553,12350,False
PO01590,CA012,CR0087,2025-02-03,youtube,reel,60422,129552,350761,366132,12350,False
PO01591,CA012,CR0325,2025-02-03,youtube,short,524,932,2045,2245,0,False
PO01592,CA012,CR0308,2025-02-03,youtube,carousel,24603,54144,119626,132524,4950,False
PO01593,CA012,CR0887,2025-02-03,youtube,reel,134994,280112,559463,670538,43250,False
PO01594,CA012,CR0746,2025-02-03,youtube,long_form,259,474,1060,1326,0,False
PO01595,CA012,CR0833,2025-02-03,youtube,long_form,237447,841933,1327299,1596918,43250,False
PO01596,CA012,CR0103,2025-02-03,youtube,short,25553,52202,106033,105572,4950,False
PO01597,CA012,CR0232,2025-02-03,youtube,short,4954,8618,24979,24347,1250,False
PO01598,CA012,CR1098,2025-02-03,youtube,long_form,24055,69069,96052,102757,4950,False
PO01599,CA012,CR0598,2025-02-03,youtube,reel,15978,41438,70657,74584,4950,False
PO01600,CA012,CR0100,2025-02-03,youtube,short,3636,10739,22103,25967,1250,False
PO01601,CA012,CR0773,2025-02-03,youtube,long_form,4503,15798,22567,24611,1250,False
PO01602,CA012,CR0728,2025-02-03,youtube,reel,100,164,931,1033,0,True
PO01603,CA012,CR1098,2025-02-03,youtube,long_form,4863,14371,34882,37282,1250,False
PO01604,CA012,CR0598,2025-02-03,youtube,long_form,13272,30034,51318,59265,1250,False
PO01605,CA012,CR0467,2025-02-03,youtube,long_form,1571,5931,9675,10783,0,False
PO01606,CA012,CR0103,2025-02-03,youtube,short,14060,94515,163893,175711,12350,False
PO01607,CA012,CR1186,2025-02-03,youtube,short,1419,5326,7625,8399,0,False
PO01608,CA012,CR1098,2025-02-03,youtube,carousel,15084,49023,79824,79481,4950,False
PO01609,CA012,CR0816,2025-02-03,youtube,short,21247,55678,66594,79660,4950,False
PO01610,CA012,CR1167,2025-02-03,youtube,reel,14051,71434,138740,148586,12350,False
PO01611,CA012,CR0450,2025-02-03,youtube,short,34386,65395,129944,138580,4950,False
PO01612,CA012,CR1067,2025-02-03,youtube,short,78826,171423,257104,316325,12350,False
PO01613,CA012,CR0128,2025-02-03,youtube,long_form,1047,3137,4867,6030,0,False
PO01614,CA012,CR0087,2025-02-03,youtube,short,45361,128562,180952,222070,12350,False
PO01615,CA012,CR0099,2025-02-03,youtube,reel,27582,47163,92546,111815,4950,False
PO01616,CA012,CR1167,2025-02-03,youtube,short,5491,20646,52634,55065,1250,False
PO01617,CA012,CR0366,2025-02-03,youtube,short,14620,43306,104959,102274,4950,False
PO01618,CA012,CR1098,2025-02-03,youtube,reel,17319,72130,138460,160918,12350,False
PO01619,CA012,CR0099,2025-02-03,youtube,short,77217,180314,288458,336479,12350,False
PO01620,CA012,CR0773,2025-02-03,youtube,long_form,72777,478736,774878,805566,43250,False
PO01621,CA012,CR0268,2025-02-03,youtube,long_form,25119,75831,110648,115324,4950,False
PO01622,CA012,CR0773,2025-02-03,youtube,long_form,44346,184528,241173,290473,12350,False
PO01623,CA012,CR0052,2025-02-03,youtube,short,5966,17473,23025,27849,1250,False
PO01624,CA012,CR0670,2025-02-03,youtube,short,17966,50966,126414,131604,4950,False
PO01625,CA012,CR0308,2025-02-03,youtube,short,105034,222387,412974,421394,12350,False
PO01626,CA012,CR0103,2025-02-03,youtube,long_form,14888,24687,55031,57299,1250,False
PO01627,CA012,CR1098,2025-02-03,youtube,reel,34610,95309,147417,174086,12350,False
PO01628,CA012,CR0103,2025-02-03,youtube,short,18734,42011,63764,67262,4950,False
PO01629,CA012,CR0598,2025-02-03,youtube,short,9516,38063,60246,59283,1250,False
PO01630,CA012,CR0103,2025-02-03,youtube,short,15712,33106,66934,68862,4950,False
PO01631,CA012,CR0887,2025-02-03,youtube,short,43138,170978,218909,273395,12350,False
PO01632,CA012,CR0232,2025-02-03,youtube,long_form,26990,50569,119345,116421,4950,False
PO01633,CA012,CR1098,2025-02-03,youtube,short,65208,146874,253494,247301,12350,False
PO01634,CA012,CR0887,2025-02-03,youtube,short,1080,6899,36740,45298,1250,True
PO01635,CA012,CR0670,2025-02-03,youtube,reel,1130,6724,10930,11204,0,False
PO01636,CA012,CR0773,2025-02-03,youtube,short,12621,85319,124063,145180,4950,False
PO01637,CA012,CR0099,2025-02-03,youtube,short,379162,912426,1496241,1528646,43250,False
PO01638,CA012,CR0095,2025-02-03,youtube,short,154,822,3824,4956,0,True
PO01639,CA012,CR0268,2025-02-03,youtube,short,42048,122879,305489,349550,12350,False
PO01640,CA012,CR1126,2025-02-03,youtube,short,1561,4693,8127,8561,0,False
PO01641,CA012,CR0087,2025-02-03,youtube,short,272369,506764,939806,1006721,43250,False
PO01642,CA012,CR0087,2025-02-03,youtube,reel,245154,462357,906802,1076422,43250,False
PO01643,CA012,CR0773,2025-02-03,youtube,reel,32543,95499,156436,172797,12350,False
PO01644,CA012,CR0887,2025-02-03,youtube,short,15008,76370,112791,117671,4950,False
PO01645,CA012,CR0103,2025-02-03,youtube,short,8568,63501,91724,97946,4950,False
PO01646,CA012,CR0087,2025-02-03,youtube,reel,28955,118330,194737,218347,12350,False
PO01647,CA012,CR0773,2025-02-03,youtube,long_form,6467,17219,26256,25606,1250,False
PO01648,CA012,CR0696,2025-02-03,youtube,short,1110,3177,4429,5400,0,False
PO01649,CA012,CR0670,2025-02-03,youtube,long_form,6456,15599,35398,38633,1250,False
PO01650,CA012,CR0232,2025-02-03,youtube,short,62555,243709,451095,483197,12350,False
PO01651,CA012,CR0099,2025-02-03,youtube,short,99742,171723,1701196,2144341,43250,True
PO01652,CA012,CR0308,2025-02-03,youtube,long_form,53621,207134,277170,331695,12350,False
PO01653,CA012,CR0450,2025-02-03,youtube,long_form,6797,17237,27433,29824,1250,False
PO01654,CA012,CR0232,2025-02-03,youtube,short,2965,11093,14428,17759,1250,False
PO01655,CA012,CR0450,2025-02-03,youtube,long_form,10542,72241,101891,120443,4950,False
PO01656,CA012,CR0373,2025-02-03,youtube,carousel,393,2777,4153,4451,0,False
PO01657,CA012,CR0087,2025-02-03,youtube,long_form,100935,305503,798245,798853,43250,False
PO01658,CA012,CR1178,2025-02-03,youtube,short,1372,3747,6800,6676,0,False
PO01659,CA012,CR1167,2025-02-03,youtube,long_form,4355,11977,25072,24638,1250,False
PO01660,CA012,CR0308,2025-02-03,youtube,short,30661,90472,623998,695316,43250,True
PO01661,CA012,CR1098,2025-02-03,youtube,long_form,14356,46815,88739,102025,4950,False
PO01662,CA012,CR0598,2025-02-03,youtube,reel,2368,8695,13078,14588,0,False
PO01663,CA012,CR0773,2025-02-03,youtube,reel,93819,300257,434077,444521,12350,False
PO01664,CA012,CR0099,2025-02-03,youtube,short,31019,52287,119664,126750,4950,False
PO01665,CA012,CR0670,2025-02-03,youtube,long_form,5177,16462,26620,30980,1250,False
PO01666,CA012,CR0887,2025-02-03,youtube,short,5597,24681,37951,37981,1250,False
PO01667,CA012,CR0343,2025-02-03,youtube,long_form,511,1101,2823,2869,0,False
PO01668,CA012,CR0103,2025-02-03,youtube,short,8695,39295,55105,58855,1250,False
PO01669,CA012,CR0366,2025-02-03,youtube,reel,63287,171533,258112,303543,12350,False
PO01670,CA013,CR0074,2025-02-06,youtube,short,275,621,1100,1138,0,False
PO01671,CA013,CR0746,2025-02-06,youtube,long_form,100,100,128,138,0,False
PO01672,CA013,CR1183,2025-02-06,youtube,reel,2300,4884,11963,11947,350,False
PO01673,CA013,CR0701,2025-02-06,youtube,short,100,601,804,988,0,False
PO01674,CA013,CR0718,2025-02-06,youtube,short,190,535,1515,1508,0,False
PO01675,CA013,CR0838,2025-02-06,youtube,long_form,288,429,1106,1219,0,False
PO01676,CA013,CR0124,2025-02-06,youtube,reel,101,610,890,891,0,False
PO01677,CA013,CR0782,2025-02-06,youtube,carousel,100,311,393,477,0,False
PO01678,CA013,CR0532,2025-02-06,youtube,long_form,100,226,474,531,0,False
PO01679,CA013,CR0173,2025-02-06,youtube,short,185,368,793,927,0,False
PO01680,CA013,CR0674,2025-02-06,youtube,short,100,100,650,806,0,True
PO01681,CA013,CR1053,2025-02-06,youtube,long_form,849,2281,3943,4395,0,False
PO01682,CA013,CR0754,2025-02-06,youtube,carousel,233,1366,2538,2491,0,False
PO01683,CA013,CR0517,2025-02-06,youtube,long_form,491,2834,4061,4450,0,False
PO01684,CA013,CR0275,2025-02-06,youtube,short,1837,3534,6133,7164,350,False
PO01685,CA013,CR0571,2025-02-06,youtube,long_form,391,616,1280,1600,0,False
PO01686,CA013,CR0183,2025-02-06,youtube,reel,100,135,209,217,0,False
PO01687,CA013,CR0402,2025-02-06,youtube,carousel,370,1011,1529,1589,0,False
PO01688,CA013,CR0009,2025-02-06,youtube,long_form,100,100,100,100,0,False
PO01689,CA013,CR0437,2025-02-06,youtube,short,196,353,691,769,0,False
PO01690,CA013,CR0072,2025-02-06,youtube,reel,481,1649,2263,2470,0,False
PO01691,CA013,CR0234,2025-02-06,youtube,short,100,214,495,550,0,False
PO01692,CA013,CR1092,2025-02-06,youtube,long_form,317,1195,2647,2607,0,False
PO01693,CA013,CR0198,2025-02-06,youtube,short,100,100,243,262,0,True
PO01694,CA013,CR0913,2025-02-06,youtube,long_form,312,899,1371,1584,0,False
PO01695,CA013,CR0087,2025-02-06,youtube,short,27625,111635,184025,225679,12200,False
PO01696,CA013,CR0283,2025-02-06,youtube,short,677,2301,4064,4010,0,False
PO01697,CA013,CR0784,2025-02-06,youtube,long_form,100,302,415,518,0,False
PO01698,CA013,CR0902,2025-02-06,youtube,reel,870,2289,3256,3997,0,False
PO01699,CA013,CR0099,2025-02-06,youtube,short,90664,173741,293830,366552,12200,False
PO01700,CA013,CR0951,2025-02-06,youtube,short,460,2236,3531,3496,0,False
PO01701,CA013,CR1079,2025-02-06,youtube,carousel,385,738,1422,1601,0,False
PO01702,CA013,CR0598,2025-02-06,youtube,short,152505,380479,1028740,1061368,12200,False
PO01703,CA013,CR0683,2025-02-06,youtube,short,100,100,163,174,0,False
PO01704,CA013,CR0577,2025-02-06,youtube,short,100,129,263,268,0,False
PO01705,CA013,CR1078,2025-02-06,youtube,reel,100,100,117,133,0,False
PO01706,CA013,CR1160,2025-02-06,youtube,short,100,116,1028,1105,0,True
PO01707,CA013,CR0421,2025-02-06,youtube,short,100,111,201,206,0,False
PO01708,CA013,CR0898,2025-02-06,youtube,short,867,3490,4660,5262,0,False
PO01709,CA013,CR0355,2025-02-06,youtube,short,250,1315,12653,14844,350,True
PO01710,CA013,CR0056,2025-02-06,youtube,reel,396,1097,2400,2858,0,False
PO01711,CA013,CR0012,2025-02-06,youtube,long_form,100,135,316,359,0,False
PO01712,CA013,CR0715,2025-02-06,youtube,short,324,732,1754,1845,0,False
PO01713,CA013,CR0706,2025-02-06,youtube,long_form,100,131,186,221,0,False
PO01714,CA013,CR1086,2025-02-06,youtube,short,581,1647,2783,2908,0,False
PO01715,CA013,CR1156,2025-02-06,youtube,reel,432,790,1829,2010,0,False
PO01716,CA013,CR0587,2025-02-06,youtube,short,6237,38030,53958,63883,3500,False
PO01717,CA013,CR0773,2025-02-06,youtube,short,25655,64280,80098,95440,3500,False
PO01718,CA013,CR0551,2025-02-06,youtube,reel,322,1136,1383,1641,0,False
PO01719,CA013,CR0996,2025-02-06,youtube,short,20555,43884,66837,76841,3500,False
PO01720,CA013,CR0765,2025-02-06,youtube,long_form,116,350,583,667,0,False
PO01721,CA013,CR0401,2025-02-06,youtube,short,100,188,243,276,0,False
PO01722,CA013,CR0863,2025-02-06,youtube,long_form,150,386,672,675,0,False
PO01723,CA013,CR0455,2025-02-06,youtube,short,1395,6990,11310,11630,350,False
PO01724,CA013,CR0772,2025-02-06,youtube,long_form,100,364,569,556,0,False
PO01725,CA013,CR0974,2025-02-06,youtube,long_form,2294,12563,17383,18684,350,False
PO01726,CA013,CR0179,2025-02-06,youtube,short,100,172,432,446,0,False
PO01727,CA013,CR0696,2025-02-06,youtube,carousel,205,384,855,984,0,False
PO01728,CA013,CR0261,2025-02-06,youtube,reel,12847,59153,122518,129111,3500,False
PO01729,CA013,CR0816,2025-02-06,youtube,short,37526,104218,147828,162702,3500,False
PO01730,CA013,CR0478,2025-02-06,youtube,long_form,247,494,1154,1332,0,False
PO01731,CA013,CR1098,2025-02-06,youtube,short,12571,55700,106125,103237,3500,False
PO01732,CA013,CR0366,2025-02-06,youtube,short,66996,166858,409106,454960,12200,False
PO01733,CA013,CR1177,2025-02-06,youtube,short,189,282,788,778,0,False
PO01734,CA013,CR0893,2025-02-06,youtube,reel,987,2486,3634,3880,0,False
PO01735,CA013,CR0128,2025-02-06,youtube,reel,3728,11120,19916,19475,350,False
PO01736,CA013,CR0728,2025-02-06,youtube,carousel,100,350,597,582,0,False
PO01737,CA013,CR0395,2025-02-06,youtube,short,1481,6596,9041,9439,350,False
PO01738,CA013,CR1056,2025-02-06,youtube,reel,100,260,1235,1622,0,True
PO01739,CA013,CR0468,2025-02-06,youtube,long_form,553,2183,3024,3131,0,False
PO01740,CA013,CR0268,2025-02-06,youtube,carousel,1563,11852,17397,18129,350,False
PO01741,CA013,CR0250,2025-02-06,youtube,short,705,3256,5387,5649,0,False
PO01742,CA013,CR1178,2025-02-06,youtube,reel,1681,4156,6512,6459,350,False
PO01743,CA013,CR0644,2025-02-06,youtube,long_form,100,137,286,297,0,False
PO01744,CA013,CR1046,2025-02-06,youtube,short,100,172,307,325,0,False
PO01745,CA013,CR0939,2025-02-06,youtube,short,118,304,559,606,0,False
PO01746,CA013,CR0156,2025-02-06,youtube,reel,133,335,487,529,0,False
PO01747,CA013,CR0129,2025-02-06,youtube,long_form,159,488,566,700,0,False
PO01748,CA013,CR0955,2025-02-06,youtube,short,10323,27622,48814,49748,1400,False
PO01749,CA013,CR1167,2025-02-06,youtube,reel,1454,5017,7673,9533,350,False
PO01750,CA013,CR0879,2025-02-06,youtube,short,100,102,182,182,0,False
PO01751,CA013,CR0783,2025-02-06,youtube,long_form,100,146,1002,1223,0,True
PO01752,CA013,CR1034,2025-02-06,youtube,short,100,172,243,282,0,False
PO01753,CA013,CR0912,2025-02-06,youtube,long_form,100,100,100,108,0,False
PO01754,CA013,CR0892,2025-02-06,youtube,long_form,100,100,134,143,0,False
PO01755,CA014,CR0905,2025-02-09,instagram,reel,5780,16135,32876,32938,3150,False
PO01756,CA014,CR0303,2025-02-09,instagram,long_form,14577,85674,121696,139010,12600,False
PO01757,CA014,CR1051,2025-02-09,instagram,long_form,1434,9218,45881,53966,3150,True
PO01758,CA014,CR0905,2025-02-09,instagram,reel,26916,100777,175038,171373,12600,False
PO01759,CA014,CR0545,2025-02-09,instagram,short,7869,17549,29514,29972,3150,False
PO01760,CA014,CR0839,2025-02-09,instagram,reel,3066,8781,13428,13334,0,False
PO01761,CA014,CR1134,2025-02-09,instagram,reel,270,906,1403,1540,0,False
PO01762,CA014,CR0600,2025-02-09,instagram,reel,35079,95462,171727,178452,12600,False
PO01763,CA014,CR0761,2025-02-09,instagram,reel,133451,270065,494375,593935,31450,False
PO01764,CA014,CR0949,2025-02-09,instagram,long_form,2082,6048,8170,8777,0,False
PO01765,CA014,CR0911,2025-02-09,instagram,reel,7695,12677,35682,35296,3150,False
PO01766,CA014,CR0767,2025-02-09,instagram,short,101145,288059,458497,450865,31450,False
PO01767,CA014,CR0490,2025-02-09,instagram,reel,17224,44627,67223,67863,3150,False
PO01768,CA014,CR0246,2025-02-09,instagram,short,7174,17358,44078,44477,3150,False
PO01769,CA014,CR0886,2025-02-09,instagram,short,62073,155666,314612,305772,31450,False
PO01770,CA014,CR0719,2025-02-09,instagram,long_form,5351,18271,44792,47397,3150,False
PO01771,CA014,CR0990,2025-02-09,instagram,short,14470,28715,69284,77195,3150,False
PO01772,CA014,CR0516,2025-02-09,instagram,reel,2627,8147,19130,23105,0,False
PO01773,CA014,CR0998,2025-02-09,instagram,short,61133,143460,189473,229303,12600,False
PO01774,CA014,CR0490,2025-02-09,instagram,reel,47567,66582,172930,176758,12600,False
PO01775,CA014,CR1111,2025-02-09,instagram,reel,25061,39559,95468,112787,12600,False
PO01776,CA014,CR0489,2025-02-09,instagram,short,1833,6108,15584,15703,0,False
PO01777,CA014,CR0307,2025-02-09,instagram,reel,4081,25497,39106,44600,3150,False
PO01778,CA014,CR0291,2025-02-09,instagram,long_form,29885,119347,176787,187097,12600,False
PO01779,CA014,CR0303,2025-02-09,instagram,reel,4336,15138,33726,33283,3150,False
PO01780,CA014,CR0434,2025-02-09,instagram,carousel,14395,34119,66322,65049,3150,False
PO01781,CA014,CR1041,2025-02-09,instagram,short,3397,17637,22394,26363,3150,False
PO01782,CA014,CR0911,2025-02-09,instagram,reel,5506,23855,31557,35210,3150,False
PO01783,CA014,CR1090,2025-02-09,instagram,long_form,819,3251,7305,7310,0,False
PO01784,CA014,CR0719,2025-02-09,instagram,short,19687,31426,75843,80739,3150,False
PO01785,CA014,CR0120,2025-02-09,instagram,short,106,420,730,851,0,False
PO01786,CA014,CR0034,2025-02-09,instagram,reel,9886,49453,72524,89068,3150,False
PO01787,CA014,CR0446,2025-02-09,instagram,reel,9044,45615,70445,70088,3150,False
PO01788,CA014,CR0990,2025-02-09,instagram,short,7479,51453,72803,79748,3150,False
PO01789,CA014,CR0523,2025-02-09,instagram,reel,9025,38099,94098,91966,3150,False
PO01790,CA014,CR1175,2025-02-09,instagram,reel,1920,15848,66085,83970,3150,True
PO01791,CA014,CR0589,2025-02-09,instagram,long_form,100,169,1165,1322,0,True
PO01792,CA014,CR1130,2025-02-09,instagram,reel,30928,147141,218533,223070,12600,False
PO01793,CA014,CR1125,2025-02-09,instagram,short,52504,92149,231075,231978,12600,False
PO01794,CA014,CR0160,2025-02-09,instagram,reel,2367,13315,25309,27480,3150,False
PO01795,CA014,CR0911,2025-02-09,instagram,reel,14191,47184,71427,69398,3150,False
PO01796,CA014,CR1042,2025-02-09,instagram,reel,16542,38508,82932,88276,3150,False
PO01797,CA014,CR0359,2025-02-09,instagram,reel,109,231,402,418,0,False
PO01798,CA014,CR0642,2025-02-09,instagram,short,2797,26459,183815,195911,12600,True
PO01799,CA014,CR0434,2025-02-09,instagram,short,24863,121176,168482,179268,12600,False
PO01800,CA014,CR0661,2025-02-09,instagram,reel,3504,8344,14215,14449,0,False
PO01801,CA014,CR0672,2025-02-09,instagram,long_form,309,2617,12363,14123,0,True
PO01802,CA014,CR1123,2025-02-09,instagram,reel,23126,47975,80125,99509,12600,False
PO01803,CA014,CR0266,2025-02-09,instagram,long_form,9363,20855,44271,49477,3150,False
PO01804,CA014,CR1097,2025-02-09,instagram,reel,26335,109689,156981,172697,12600,False
PO01805,CA014,CR0490,2025-02-09,instagram,reel,5676,17361,25316,25952,3150,False
PO01806,CA014,CR0160,2025-02-09,instagram,short,3031,9390,14018,15651,0,False
PO01807,CA014,CR0987,2025-02-09,instagram,reel,66003,361844,429675,529106,31450,False
PO01808,CA014,CR0229,2025-02-09,instagram,short,11081,26986,40996,42215,3150,False
PO01809,CA014,CR1097,2025-02-09,instagram,carousel,17089,39252,69485,79437,3150,False
PO01810,CA014,CR1130,2025-02-09,instagram,reel,11948,30695,37630,44402,3150,False
PO01811,CA014,CR0886,2025-02-09,instagram,short,41992,102020,217477,213894,12600,False
PO01812,CA014,CR0446,2025-02-09,instagram,reel,22292,41717,84378,98128,12600,False
PO01813,CA014,CR0659,2025-02-09,instagram,carousel,7770,17526,27383,28182,3150,False
PO01814,CA014,CR0561,2025-02-09,instagram,reel,623,1786,3434,4280,0,False
PO01815,CA014,CR0852,2025-02-09,instagram,short,23284,68652,173891,170331,12600,False
PO01816,CA014,CR0180,2025-02-09,instagram,carousel,7867,35786,59300,70016,3150,False
PO01817,CA014,CR0998,2025-02-09,instagram,reel,4915,29576,62557,60816,3150,False
PO01818,CA014,CR0719,2025-02-09,instagram,short,2190,7679,13675,15157,0,False
PO01819,CA014,CR1125,2025-02-09,instagram,reel,24996,107770,258546,292023,31450,False
PO01820,CA014,CR0279,2025-02-09,instagram,long_form,100,222,360,396,0,False
PO01821,CA014,CR0206,2025-02-09,instagram,short,100,100,150,162,0,False
PO01822,CA014,CR1188,2025-02-09,instagram,reel,389,1568,8022,9831,0,True
PO01823,CA014,CR0990,2025-02-09,instagram,long_form,61871,100167,235382,251492,31450,False
PO01824,CA014,CR1175,2025-02-09,instagram,short,29753,62888,151807,166776,12600,False
PO01825,CA014,CR0246,2025-02-09,instagram,short,5241,38337,181719,236860,12600,True
PO01826,CA014,CR1132,2025-02-09,instagram,reel,100,182,256,307,0,False
PO01827,CA014,CR0847,2025-02-09,instagram,reel,643,7494,46807,56873,3150,True
PO01828,CA014,CR1111,2025-02-09,instagram,carousel,6897,13571,25611,26143,3150,False
PO01829,CA014,CR0034,2025-02-09,instagram,reel,5593,46438,63828,69798,3150,False
PO01830,CA014,CR0310,2025-02-09,instagram,short,34276,250374,346986,367769,31450,False
PO01831,CA014,CR0719,2025-02-09,instagram,long_form,5578,16334,34669,37910,3150,False
PO01832,CA014,CR1123,2025-02-09,instagram,carousel,7592,28598,47698,50699,3150,False
PO01833,CA014,CR1051,2025-02-09,instagram,short,6753,101930,465630,517800,31450,True
PO01834,CA014,CR0353,2025-02-09,instagram,reel,24868,42814,91154,94995,3150,False
PO01835,CA014,CR0545,2025-02-09,instagram,reel,12710,35732,48165,51065,3150,False
PO01836,CA014,CR0210,2025-02-09,instagram,reel,32424,82501,123570,134054,12600,False
PO01837,CA014,CR0600,2025-02-09,instagram,reel,85462,182707,292257,318599,31450,False
PO01838,CA014,CR0067,2025-02-09,instagram,reel,8269,49075,73214,83609,3150,False
PO01839,CA014,CR0600,2025-02-09,instagram,reel,73937,180813,287524,279707,31450,False
PO01840,CA014,CR0441,2025-02-09,instagram,carousel,100,100,102,100,0,False
PO01841,CA014,CR1042,2025-02-09,instagram,reel,18010,39432,64228,68525,3150,False
PO01842,CA014,CR0832,2025-02-09,instagram,reel,633,2153,2821,3458,0,False
PO01843,CA014,CR0067,2025-02-09,instagram,reel,71334,185677,354427,349044,31450,False
PO01844,CA014,CR0973,2025-02-09,instagram,reel,46907,118800,195958,219974,12600,False
PO01845,CA014,CR0998,2025-02-09,instagram,reel,59413,154282,206930,223512,12600,False
PO01846,CA014,CR1042,2025-02-09,instagram,short,15513,28574,74470,73243,3150,False
PO01847,CA014,CR0610,2025-02-09,instagram,short,571,1929,3194,3264,0,False
PO01848,CA014,CR0246,2025-02-09,instagram,reel,7591,9653,23471,27264,3150,False
PO01849,CA014,CR1130,2025-02-09,instagram,reel,1006,5035,26564,31882,3150,True
PO01850,CA014,CR0927,2025-02-09,instagram,carousel,224,1047,1617,1635,0,False
PO01851,CA014,CR0847,2025-02-09,instagram,reel,19457,71677,100514,115456,12600,False
PO01852,CA015,CR0773,2025-02-12,youtube,short,15212,34516,63995,63647,1850,False
PO01853,CA015,CR0833,2025-02-12,youtube,carousel,11453,52632,81042,90719,1850,False
PO01854,CA015,CR0450,2025-02-12,youtube,short,6643,26799,52811,59546,1850,False
PO01855,CA015,CR0087,2025-02-12,youtube,long_form,68384,167788,258039,318916,4650,False
PO01856,CA015,CR0103,2025-02-12,youtube,short,10945,47595,62867,76067,1850,False
PO01857,CA015,CR0598,2025-02-12,youtube,reel,32164,173571,399820,388497,4650,False
PO01858,CA015,CR1067,2025-02-12,youtube,short,8545,37059,60568,67890,1850,False
PO01859,CA015,CR0366,2025-02-12,youtube,long_form,25451,106625,179874,206693,4650,False
PO01860,CA015,CR0670,2025-02-12,youtube,long_form,9435,33813,57032,65233,1850,False
PO01861,CA015,CR0100,2025-02-12,youtube,short,24081,68284,186358,186941,4650,False
PO01862,CA015,CR0232,2025-02-12,youtube,short,73514,205418,289838,360738,4650,False
PO01863,CA015,CR0268,2025-02-12,youtube,short,22600,42657,80131,98618,1850,False
PO01864,CA015,CR0887,2025-02-12,youtube,long_form,5548,8972,24639,25510,450,False
PO01865,CA015,CR0100,2025-02-12,youtube,short,24333,104367,131033,161992,4650,False
PO01866,CA015,CR0366,2025-02-12,youtube,short,9944,67665,108874,122737,1850,False
PO01867,CA015,CR0087,2025-02-12,youtube,short,31669,84927,137226,165881,4650,False
PO01868,CA015,CR0923,2025-02-12,youtube,long_form,1956,3730,6897,7260,0,False
PO01869,CA015,CR1067,2025-02-12,youtube,short,276233,1319000,1951513,2087419,16350,False
PO01870,CA015,CR0450,2025-02-12,youtube,long_form,5410,15176,27839,28577,450,False
PO01871,CA015,CR0154,2025-02-12,youtube,reel,3973,10332,12292,15095,450,False
PO01872,CA015,CR0773,2025-02-12,youtube,short,25496,70290,150083,149729,4650,False
PO01873,CA015,CR0450,2025-02-12,youtube,short,2812,16628,25857,27443,450,False
PO01874,CA015,CR0375,2025-02-12,youtube,short,113,831,1092,1220,0,False
PO01875,CA015,CR0833,2025-02-12,youtube,short,30982,49668,121722,129508,4650,False
PO01876,CA015,CR0100,2025-02-12,youtube,short,35083,100058,140356,153294,4650,False
PO01877,CA015,CR1069,2025-02-12,youtube,short,3330,13962,21922,26535,450,False
PO01878,CA015,CR0100,2025-02-12,youtube,short,22903,45417,90058,94539,1850,False
PO01879,CA015,CR0887,2025-02-12,youtube,long_form,12158,43821,89056,91949,1850,False
PO01880,CA015,CR0232,2025-02-12,youtube,long_form,4186,14953,33694,33142,450,False
PO01881,CA015,CR0887,2025-02-12,youtube,short,23495,58014,76289,88697,1850,False
PO01882,CA015,CR1137,2025-02-12,youtube,long_form,367,681,1274,1470,0,False
PO01883,CA015,CR0887,2025-02-12,youtube,short,1808,4815,9485,9754,0,False
PO01884,CA015,CR0232,2025-02-12,youtube,short,29521,67541,86890,106566,1850,False
PO01885,CA015,CR0308,2025-02-12,youtube,long_form,50387,153540,211815,250564,4650,False
PO01886,CA015,CR1067,2025-02-12,youtube,short,31140,49921,119272,122023,1850,False
PO01887,CA015,CR0773,2025-02-12,youtube,long_form,2781,10509,23171,25124,450,False
PO01888,CA015,CR0816,2025-02-12,youtube,short,7041,36649,76918,77116,1850,False
PO01889,CA015,CR0232,2025-02-12,youtube,short,8371,15959,28725,31461,450,False
PO01890,CA015,CR1098,2025-02-12,youtube,short,2187,10730,22249,26380,450,False
PO01891,CA015,CR0268,2025-02-12,youtube,short,24478,62231,79898,97720,1850,False
PO01892,CA015,CR1167,2025-02-12,youtube,reel,1979,4499,7645,8547,0,False
PO01893,CA015,CR0816,2025-02-12,youtube,long_form,13196,29504,57858,62606,1850,False
PO01894,CA015,CR1098,2025-02-12,youtube,short,126355,337285,449789,487190,16350,False
PO01895,CA015,CR1067,2025-02-12,youtube,long_form,99461,187469,369787,367716,4650,False
PO01896,CA015,CR0099,2025-02-12,youtube,short,14228,48885,115151,119394,1850,False
PO01897,CA015,CR0670,2025-02-12,youtube,reel,7837,20029,36100,44041,450,False
PO01898,CA015,CR0103,2025-02-12,youtube,short,6093,13577,28886,31877,450,False
PO01899,CA015,CR0670,2025-02-12,youtube,short,2848,15354,31881,34573,450,False
PO01900,CA015,CR0308,2025-02-12,youtube,short,29892,68776,116631,129785,4650,False
PO01901,CA015,CR0103,2025-02-12,youtube,reel,4192,16350,28305,29077,450,False
PO01902,CA015,CR0366,2025-02-12,youtube,short,9623,64679,84610,93827,1850,False
PO01903,CA015,CR0670,2025-02-12,youtube,long_form,8896,14137,30358,37066,450,False
PO01904,CA015,CR0816,2025-02-12,youtube,short,19740,127111,594471,644980,16350,True
PO01905,CA015,CR0366,2025-02-12,youtube,short,28486,75276,92132,107658,1850,False
PO01906,CA015,CR1067,2025-02-12,youtube,short,17191,70576,157723,175695,4650,False
PO01907,CA015,CR0268,2025-02-12,youtube,short,33947,90895,179667,181276,4650,False
PO01908,CA015,CR0268,2025-02-12,youtube,short,5997,12350,116584,127775,1850,True
PO01909,CA015,CR0704,2025-02-12,youtube,long_form,634,1427,13290,15490,450,True
PO01910,CA015,CR0103,2025-02-12,youtube,long_form,2465,7140,10203,10645,0,False
PO01911,CA015,CR0773,2025-02-12,youtube,short,8237,20922,47292,47980,450,False
PO01912,CA015,CR0100,2025-02-12,youtube,short,8885,69300,102335,110665,1850,False
PO01913,CA015,CR0450,2025-02-12,youtube,long_form,9712,26318,36032,44208,450,False
PO01914,CA015,CR0366,2025-02-12,youtube,short,40332,266249,452629,467449,16350,False
PO01915,CA015,CR0670,2025-02-12,youtube,short,8428,19458,44989,52044,1850,False
PO01916,CA015,CR0816,2025-02-12,youtube,short,33433,185107,301010,349450,4650,False
PO01917,CA015,CR0946,2025-02-12,youtube,reel,15918,59340,114266,127809,1850,False
PO01918,CA015,CR0450,2025-02-12,youtube,short,9295,25674,52864,51736,1850,False
PO01919,CA015,CR0670,2025-02-12,youtube,reel,3359,11723,21113,21660,450,False
PO01920,CA015,CR0100,2025-02-12,youtube,carousel,39275,70461,151091,164803,4650,False
PO01921,CA015,CR0268,2025-02-12,youtube,long_form,17746,63122,175375,170791,4650,False
PO01922,CA015,CR0887,2025-02-12,youtube,short,8095,20073,44179,52265,1850,False
PO01923,CA015,CR0268,2025-02-12,youtube,short,9780,46658,59433,68705,1850,False
PO01924,CA015,CR0232,2025-02-12,youtube,short,18823,64106,130446,131271,4650,False
PO01925,CA015,CR1173,2025-02-12,youtube,reel,1090,2430,4050,4438,0,False
PO01926,CA015,CR0736,2025-02-12,youtube,carousel,3265,18791,28657,30984,450,False
PO01927,CA015,CR0395,2025-02-12,youtube,short,513,1036,2391,2941,0,False
PO01928,CA015,CR1167,2025-02-12,youtube,short,18871,88161,127702,146792,4650,False
PO01929,CA015,CR0816,2025-02-12,youtube,reel,58812,119999,182582,215331,4650,False
PO01930,CA015,CR0922,2025-02-12,youtube,long_form,208,961,1442,1439,0,False
PO01931,CA015,CR0833,2025-02-12,youtube,long_form,17040,35485,69353,75985,1850,False
PO01932,CA015,CR0099,2025-02-12,youtube,short,17338,60259,88182,104636,1850,False
PO01933,CA015,CR0816,2025-02-12,youtube,short,70023,156361,262586,295895,4650,False
PO01934,CA015,CR0887,2025-02-12,youtube,long_form,135806,331430,505299,503595,16350,False
PO01935,CA015,CR0099,2025-02-12,youtube,short,12401,58761,76797,90755,1850,False
PO01936,CA015,CR0429,2025-02-12,youtube,long_form,15807,49816,89656,88492,1850,False
PO01937,CA015,CR0598,2025-02-12,youtube,short,4389,12501,20901,22171,450,False
PO01938,CA015,CR1167,2025-02-12,youtube,reel,8814,15676,32874,40230,450,False
PO01939,CA015,CR1114,2025-02-12,youtube,short,10978,30350,52720,52850,1850,False
PO01940,CA015,CR0100,2025-02-12,youtube,short,9727,19047,32402,35000,450,False
PO01941,CA016,CR0620,2025-02-15,instagram,reel,473,1461,2021,2106,0,False
PO01942,CA016,CR0479,2025-02-15,instagram,reel,6395,28311,34772,42036,2350,False
PO01943,CA016,CR0294,2025-02-15,instagram,reel,1796,2727,6293,7089,0,False
PO01944,CA016,CR0750,2025-02-15,instagram,short,264,529,1286,1324,0,False
PO01945,CA016,CR1113,2025-02-15,instagram,reel,689,2302,4912,5242,0,False
PO01946,CA016,CR0584,2025-02-15,instagram,short,328,1925,2396,2859,0,False
PO01947,CA016,CR0204,2025-02-15,instagram,short,100,306,662,706,0,False
PO01948,CA016,CR1032,2025-02-15,instagram,reel,2150,7973,15483,16146,600,False
PO01949,CA016,CR0681,2025-02-15,instagram,short,208,789,1348,1383,0,False
PO01950,CA016,CR0153,2025-02-15,instagram,long_form,100,100,155,167,0,False
PO01951,CA016,CR0574,2025-02-15,instagram,reel,828,3990,6076,6046,0,False
PO01952,CA016,CR0171,2025-02-15,instagram,carousel,403,985,1531,1703,0,False
PO01953,CA016,CR0539,2025-02-15,instagram,long_form,100,100,199,211,0,False
PO01954,CA016,CR0999,2025-02-15,instagram,reel,832,2729,4605,5665,0,False
PO01955,CA016,CR0077,2025-02-15,instagram,reel,133,601,1342,1589,0,False
PO01956,CA016,CR0872,2025-02-15,instagram,reel,6355,21468,33053,40019,2350,False
PO01957,CA016,CR0646,2025-02-15,instagram,short,895,4617,6763,8100,600,False
PO01958,CA016,CR0506,2025-02-15,instagram,reel,1869,9654,12470,15130,600,False
PO01959,CA016,CR0329,2025-02-15,instagram,reel,8607,25399,40827,43036,2350,False
PO01960,CA016,CR0031,2025-02-15,instagram,long_form,162,307,680,698,0,False
PO01961,CA016,CR0998,2025-02-15,instagram,reel,49185,90935,216027,239310,5800,False
PO01962,CA016,CR0516,2025-02-15,instagram,long_form,2362,11623,22185,24308,600,False
PO01963,CA016,CR0349,2025-02-15,instagram,reel,533,1204,3077,3348,0,False
PO01964,CA016,CR0333,2025-02-15,instagram,reel,706,2394,4368,4353,0,False
PO01965,CA016,CR1027,2025-02-15,instagram,reel,355,1179,2304,2342,0,False
PO01966,CA016,CR1045,2025-02-15,instagram,short,1297,2693,6238,7379,0,False
PO01967,CA016,CR0626,2025-02-15,instagram,reel,211,552,1404,1545,0,False
PO01968,CA016,CR0976,2025-02-15,instagram,short,104,366,974,960,0,False
PO01969,CA016,CR0076,2025-02-15,instagram,carousel,644,1379,2129,2575,0,False
PO01970,CA016,CR0544,2025-02-15,instagram,reel,359,816,1502,1794,0,False
PO01971,CA016,CR1021,2025-02-15,instagram,reel,235,783,1092,1263,0,False
PO01972,CA016,CR0310,2025-02-15,instagram,short,14377,52364,65774,81012,5800,False
PO01973,CA016,CR0307,2025-02-15,instagram,reel,4216,9673,23481,23596,600,False
PO01974,CA016,CR0469,2025-02-15,instagram,reel,1231,4087,7098,7168,0,False
PO01975,CA016,CR0400,2025-02-15,instagram,reel,2266,4640,9518,11281,600,False
PO01976,CA016,CR1117,2025-02-15,instagram,short,1121,3010,5714,6343,0,False
PO01977,CA016,CR0188,2025-02-15,instagram,reel,1248,3108,4051,4920,0,False
PO01978,CA016,CR0269,2025-02-15,instagram,reel,2957,6287,12040,12087,600,False
PO01979,CA016,CR0629,2025-02-15,instagram,reel,498,1496,2000,2203,0,False
PO01980,CA016,CR1065,2025-02-15,instagram,reel,452,936,1741,1798,0,False
PO01981,CA016,CR0481,2025-02-15,instagram,reel,4700,11623,27891,28603,600,False
PO01982,CA016,CR0825,2025-02-15,instagram,reel,408,1886,3171,3184,0,False
PO01983,CA016,CR0054,2025-02-15,instagram,reel,775,1767,2811,3192,0,False
PO01984,CA016,CR0661,2025-02-15,instagram,short,4833,15367,27597,30121,600,False
PO01985,CA016,CR0445,2025-02-15,instagram,long_form,896,1430,2641,3291,0,False
PO01986,CA016,CR0960,2025-02-15,instagram,long_form,1357,4540,8331,8404,600,False
PO01987,CA016,CR0436,2025-02-15,instagram,long_form,1959,3479,7945,9631,600,False
PO01988,CA016,CR0755,2025-02-15,instagram,reel,964,1514,4245,4321,0,False
PO01989,CA016,CR0873,2025-02-15,instagram,reel,191,460,742,807,0,False
PO01990,CA016,CR0641,2025-02-15,instagram,carousel,100,476,828,821,0,False
PO01991,CA016,CR0897,2025-02-15,instagram,long_form,3858,7446,16183,15936,600,False
PO01992,CA016,CR0389,2025-02-15,instagram,reel,100,223,410,470,0,False
PO01993,CA016,CR1133,2025-02-15,instagram,carousel,118,393,674,795,0,False
PO01994,CA016,CR1136,2025-02-15,instagram,reel,288,1740,8596,10266,600,True
PO01995,CA016,CR0224,2025-02-15,instagram,reel,1228,3283,4332,5104,0,False
PO01996,CA016,CR0451,2025-02-15,instagram,reel,141,391,731,750,0,False
PO01997,CA016,CR1052,2025-02-15,instagram,carousel,521,1264,1760,2113,0,False
PO01998,CA016,CR0203,2025-02-15,instagram,reel,14020,24018,50462,59378,2350,False
PO01999,CA016,CR0627,2025-02-15,instagram,short,6197,15354,32202,32754,2350,False
PO02000,CA016,CR0016,2025-02-15,instagram,reel,763,2756,3560,4206,0,False
PO02001,CA016,CR0969,2025-02-15,instagram,long_form,682,4289,6616,7890,600,False
PO02002,CA016,CR0085,2025-02-15,instagram,reel,221,846,2315,2398,0,False
PO02003,CA016,CR0852,2025-02-15,instagram,reel,18209,37807,76974,85442,5800,False
PO02004,CA016,CR0767,2025-02-15,instagram,reel,142649,499001,696865,720523,20350,False
PO02005,CA016,CR0907,2025-02-15,instagram,carousel,510,1377,1807,2243,0,False
PO02006,CA016,CR0895,2025-02-15,instagram,reel,188,435,601,722,0,False
PO02007,CA016,CR0536,2025-02-15,instagram,reel,4303,6654,14627,16329,600,False
PO02008,CA016,CR0386,2025-02-15,instagram,carousel,575,1608,3644,3800,0,False
PO02009,CA016,CR1142,2025-02-15,instagram,reel,100,132,247,252,0,False
PO02010,CA016,CR0798,2025-02-15,instagram,carousel,100,253,363,380,0,False
PO02011,CA016,CR0643,2025-02-15,instagram,reel,3832,7897,16276,16777,600,False
PO02012,CA016,CR0667,2025-02-15,instagram,long_form,154,340,543,600,0,False
PO02013,CA016,CR0201,2025-02-15,instagram,long_form,371,761,2135,2086,0,False
PO02014,CA016,CR0556,2025-02-15,instagram,short,3260,7694,10125,12210,600,False
PO02015,CA016,CR1111,2025-02-15,instagram,reel,3505,14572,23816,28502,600,False
PO02016,CA016,CR0546,2025-02-15,instagram,reel,195,858,4606,5477,0,True
PO02017,CA016,CR0835,2025-02-15,instagram,reel,460,1094,2521,2469,0,False
PO02018,CA017,CR0361,2025-02-18,instagram,long_form,7506,19603,28527,31319,650,False
PO02019,CA017,CR1097,2025-02-18,instagram,short,9794,19652,41230,45629,2650,False
PO02020,CA017,CR0092,2025-02-18,instagram,carousel,100,329,498,499,0,False
PO02021,CA017,CR0506,2025-02-18,instagram,reel,1256,5879,12223,12998,650,False
PO02022,CA017,CR0091,2025-02-18,instagram,short,153,375,786,931,0,False
PO02023,CA017,CR0509,2025-02-18,instagram,reel,163,326,652,707,0,False
PO02024,CA017,CR0823,2025-02-18,instagram,long_form,1730,2891,6499,6598,0,False
PO02025,CA017,CR0440,2025-02-18,instagram,reel,563,1465,1976,2275,0,False
PO02026,CA017,CR0631,2025-02-18,instagram,long_form,612,3301,6315,7634,0,False
PO02027,CA017,CR1059,2025-02-18,instagram,short,566,3210,4659,5382,0,False
PO02028,CA017,CR0681,2025-02-18,instagram,reel,1844,3147,6742,6626,0,False
PO02029,CA017,CR1188,2025-02-18,instagram,short,100,474,4857,5333,0,True
PO02030,CA017,CR0168,2025-02-18,instagram,reel,7817,24508,34077,40416,2650,False
PO02031,CA017,CR0743,2025-02-18,instagram,long_form,1517,3813,8465,8886,650,False
PO02032,CA017,CR0606,2025-02-18,instagram,short,100,447,5199,5584,0,True
PO02033,CA017,CR1057,2025-02-18,instagram,reel,264,736,913,1092,0,False
PO02034,CA017,CR0430,2025-02-18,instagram,reel,645,2358,3206,3974,0,False
PO02035,CA017,CR0416,2025-02-18,instagram,short,100,100,100,120,0,False
PO02036,CA017,CR0140,2025-02-18,instagram,short,1379,5037,9293,10704,650,False
PO02037,CA017,CR0446,2025-02-18,instagram,short,3828,20155,139798,177994,6650,True
PO02038,CA017,CR0832,2025-02-18,instagram,reel,4902,19863,28764,30530,650,False
PO02039,CA017,CR0650,2025-02-18,instagram,short,100,384,595,720,0,False
PO02040,CA017,CR0727,2025-02-18,instagram,reel,6176,31501,42628,49637,2650,False
PO02041,CA017,CR0041,2025-02-18,instagram,reel,129,325,587,591,0,False
PO02042,CA017,CR0077,2025-02-18,instagram,short,756,1701,2576,2993,0,False
PO02043,CA017,CR0891,2025-02-18,instagram,reel,9036,20282,32223,32937,650,False
PO02044,CA017,CR0590,2025-02-18,instagram,short,946,3772,6418,7188,0,False
PO02045,CA017,CR0649,2025-02-18,instagram,reel,680,2528,5997,5934,0,False
PO02046,CA017,CR0721,2025-02-18,instagram,reel,268,599,979,971,0,False
PO02047,CA017,CR0214,2025-02-18,instagram,reel,541,1993,2639,3253,0,False
PO02048,CA017,CR0930,2025-02-18,instagram,reel,930,2749,5543,6073,0,False
PO02049,CA017,CR0536,2025-02-18,instagram,long_form,605,2639,3369,4106,0,False
PO02050,CA017,CR0761,2025-02-18,instagram,reel,13687,34806,95093,92991,6650,False
PO02051,CA017,CR0626,2025-02-18,instagram,carousel,651,1405,2396,2442,0,False
PO02052,CA017,CR0365,2025-02-18,instagram,reel,3210,6682,13966,14805,650,False
PO02053,CA017,CR0363,2025-02-18,instagram,long_form,968,5827,10551,10247,650,False
PO02054,CA017,CR0762,2025-02-18,instagram,long_form,447,1526,2272,2601,0,False
PO02055,CA017,CR0774,2025-02-18,instagram,short,390,1137,2104,2402,0,False
PO02056,CA017,CR0988,2025-02-18,instagram,reel,356,513,1360,1371,0,False
PO02057,CA017,CR1032,2025-02-18,instagram,reel,124,307,451,470,0,False
PO02058,CA017,CR0422,2025-02-18,instagram,reel,1760,4486,5971,6846,0,False
PO02059,CA017,CR0245,2025-02-18,instagram,short,1034,2697,5110,5100,0,False
PO02060,CA017,CR1113,2025-02-18,instagram,reel,166,609,998,1224,0,False
PO02061,CA017,CR0076,2025-02-18,instagram,short,382,1855,3108,3595,0,False
PO02062,CA017,CR0986,2025-02-18,instagram,reel,1475,2965,5582,5929,0,False
PO02063,CA017,CR0101,2025-02-18,instagram,reel,1808,5515,6533,8069,0,False
PO02064,CA017,CR0016,2025-02-18,instagram,reel,588,1068,2394,2392,0,False
PO02065,CA017,CR0360,2025-02-18,instagram,short,672,3631,5945,6031,0,False
PO02066,CA017,CR0453,2025-02-18,instagram,short,387,1216,1972,2086,0,False
PO02067,CA017,CR0886,2025-02-18,instagram,reel,23907,48548,98999,109035,6650,False
PO02068,CA017,CR0641,2025-02-18,instagram,reel,367,626,1412,1453,0,False
PO02069,CA017,CR0054,2025-02-18,instagram,long_form,124,1342,7330,8786,650,True
PO02070,CA017,CR0952,2025-02-18,instagram,reel,883,2531,3601,3836,0,False
PO02071,CA017,CR0410,2025-02-18,instagram,long_form,194,443,675,751,0,False
PO02072,CA017,CR0627,2025-02-18,instagram,reel,2616,14483,23691,29256,650,False
PO02073,CA017,CR0732,2025-02-18,instagram,long_form,1836,4657,9423,10872,650,False
PO02074,CA017,CR0031,2025-02-18,instagram,long_form,105,397,672,840,0,False
PO02075,CA017,CR1061,2025-02-18,instagram,reel,451,1985,3644,4536,0,False
PO02076,CA017,CR0918,2025-02-18,instagram,carousel,322,1147,1462,1755,0,False
PO02077,CA017,CR0058,2025-02-18,instagram,short,268,2557,13483,17556,650,True
PO02078,CA017,CR0733,2025-02-18,instagram,reel,941,3019,4782,5261,0,False
PO02079,CA017,CR0862,2025-02-18,instagram,reel,1545,5578,9626,9706,650,False
PO02080,CA017,CR0442,2025-02-18,instagram,short,1713,5228,8447,8648,650,False
PO02081,CA017,CR0619,2025-02-18,instagram,short,292,1014,1422,1458,0,False
PO02082,CA017,CR1024,2025-02-18,instagram,reel,2073,7547,11910,14062,650,False
PO02083,CA017,CR0900,2025-02-18,instagram,reel,130,293,556,564,0,False
PO02084,CA017,CR0226,2025-02-18,instagram,short,701,1267,2531,2577,0,False
PO02085,CA017,CR0834,2025-02-18,instagram,reel,5546,14118,28336,31911,650,False
PO02086,CA017,CR0282,2025-02-18,instagram,reel,213,1147,1743,1858,0,False
PO02087,CA017,CR1064,2025-02-18,instagram,short,174,895,1407,1446,0,False
PO02088,CA017,CR1047,2025-02-18,instagram,short,1260,4452,6479,7512,0,False
PO02089,CA017,CR0629,2025-02-18,instagram,short,129,307,472,548,0,False
PO02090,CA017,CR1117,2025-02-18,instagram,reel,725,5315,7581,8105,0,False
PO02091,CA017,CR0630,2025-02-18,instagram,short,3220,4971,11995,13761,650,False
PO02092,CA017,CR0049,2025-02-18,instagram,short,1323,2956,4387,4813,0,False
PO02093,CA017,CR0244,2025-02-18,instagram,reel,304,1685,2879,3369,0,False
PO02094,CA017,CR0109,2025-02-18,instagram,carousel,100,170,377,429,0,False
PO02095,CA017,CR0070,2025-02-18,instagram,short,4919,7083,19954,20154,650,False
PO02096,CA017,CR0235,2025-02-18,instagram,reel,243,356,920,999,0,False
PO02097,CA017,CR0137,2025-02-18,instagram,long_form,1876,4075,9849,10775,650,False
PO02098,CA017,CR0546,2025-02-18,instagram,reel,275,830,2361,2333,0,False
PO02099,CA017,CR0441,2025-02-18,instagram,short,100,215,411,436,0,False
PO02100,CA017,CR1052,2025-02-18,instagram,reel,314,631,1020,1195,0,False
PO02101,CA017,CR0825,2025-02-18,instagram,short,274,671,1044,1086,0,False
PO02102,CA017,CR0556,2025-02-18,instagram,reel,326,1432,7210,9600,650,True
PO02103,CA017,CR0269,2025-02-18,instagram,reel,100,498,3044,3636,0,True
PO02104,CA017,CR0978,2025-02-18,instagram,reel,1791,6789,10734,12573,650,False
PO02105,CA017,CR1021,2025-02-18,instagram,reel,277,737,1016,1139,0,False
PO02106,CA017,CR0778,2025-02-18,instagram,reel,382,846,1180,1372,0,False
PO02107,CA017,CR1145,2025-02-18,instagram,reel,368,1530,2412,2610,0,False
PO02108,CA017,CR0647,2025-02-18,instagram,long_form,502,1808,3348,3400,0,False
PO02109,CA017,CR0284,2025-02-18,instagram,short,813,1799,4872,4871,0,False
PO02110,CA017,CR0085,2025-02-18,instagram,reel,977,2302,4419,4942,0,False
PO02111,CA017,CR1166,2025-02-18,instagram,reel,610,2062,3913,4351,0,False
PO02112,CA017,CR1150,2025-02-18,instagram,short,1313,4134,6634,7971,0,False
PO02113,CA017,CR0659,2025-02-18,instagram,reel,42207,63803,152912,157725,6650,False
PO02114,CA017,CR1184,2025-02-18,instagram,short,289,2086,3130,3422,0,False
PO02115,CA017,CR1176,2025-02-18,instagram,reel,420,738,1427,1603,0,False
PO02116,CA017,CR0609,2025-02-18,instagram,reel,3390,7013,11076,12829,650,False
PO02117,CA017,CR1036,2025-02-18,instagram,reel,100,117,275,310,0,False
PO02118,CA017,CR0796,2025-02-18,instagram,short,281,721,1483,1628,0,False
PO02119,CA017,CR0490,2025-02-18,instagram,reel,42387,162162,218127,236501,6650,False
PO02120,CA017,CR0709,2025-02-18,instagram,reel,576,973,2495,2506,0,False
PO02121,CA017,CR0769,2025-02-18,instagram,reel,370,837,1513,1892,0,False
PO02122,CA017,CR0079,2025-02-18,instagram,reel,280,1065,1545,1584,0,False
PO02123,CA017,CR0224,2025-02-18,instagram,carousel,767,1906,3368,3970,0,False
PO02124,CA017,CR0960,2025-02-18,instagram,long_form,547,1387,3007,3236,0,False
PO02125,CA017,CR0826,2025-02-18,instagram,reel,100,324,534,530,0,False
PO02126,CA017,CR0272,2025-02-18,instagram,long_form,199,597,963,940,0,False
PO02127,CA017,CR0633,2025-02-18,instagram,reel,158,712,1304,1624,0,False
PO02128,CA017,CR0507,2025-02-18,instagram,reel,6093,12266,28657,30009,650,False
PO02129,CA017,CR1193,2025-02-18,instagram,reel,952,5236,10555,11151,650,False
PO02130,CA017,CR0943,2025-02-18,instagram,reel,3705,9824,18558,18487,650,False
PO02131,CA017,CR0134,2025-02-18,instagram,reel,205,1633,2284,2358,0,False
PO02132,CA017,CR0521,2025-02-18,instagram,reel,710,1547,3312,3275,0,False
PO02133,CA017,CR0003,2025-02-18,instagram,reel,340,600,1209,1327,0,False
PO02134,CA017,CR0443,2025-02-18,instagram,long_form,254,807,1103,1201,0,False
PO02135,CA017,CR0959,2025-02-18,instagram,reel,373,961,1993,2091,0,False
PO02136,CA017,CR0897,2025-02-18,instagram,reel,711,1732,2604,3184,0,False
PO02137,CA017,CR0333,2025-02-18,instagram,reel,628,1018,2533,2769,0,False
PO02138,CA017,CR0262,2025-02-18,instagram,carousel,352,1127,2950,3200,0,False
PO02139,CA017,CR0104,2025-02-18,instagram,reel,1581,4260,6956,7275,0,False
PO02140,CA017,CR0371,2025-02-18,instagram,short,163,402,772,851,0,False
PO02141,CA017,CR0907,2025-02-18,instagram,reel,100,178,454,459,0,False
PO02142,CA017,CR0655,2025-02-18,instagram,short,250,603,749,929,0,False
PO02143,CA017,CR0188,2025-02-18,instagram,reel,422,1198,1992,2041,0,False
PO02144,CA017,CR0538,2025-02-18,instagram,carousel,100,130,274,278,0,False
PO02145,CA017,CR0215,2025-02-18,instagram,reel,254,786,1566,1538,0,False
PO02146,CA017,CR1172,2025-02-18,instagram,reel,121,275,535,657,0,False
PO02147,CA017,CR0386,2025-02-18,instagram,long_form,112,587,1053,1114,0,False
PO02148,CA017,CR0949,2025-02-18,instagram,reel,100,376,881,964,0,False
PO02149,CA017,CR0790,2025-02-18,instagram,reel,7162,15112,27612,29784,650,False
PO02150,CA017,CR0568,2025-02-18,instagram,short,743,2552,4192,4751,0,False
PO02151,CA017,CR0024,2025-02-18,instagram,reel,337,2411,3034,3616,0,False
PO02152,CA017,CR0461,2025-02-18,instagram,reel,406,2048,3104,3275,0,False
PO02153,CA017,CR0748,2025-02-18,instagram,reel,4863,10688,20209,21894,650,False
PO02154,CA017,CR0576,2025-02-18,instagram,reel,1311,3694,6190,7054,0,False
PO02155,CA017,CR0006,2025-02-18,instagram,reel,1876,7390,17019,21086,650,False
PO02156,CA017,CR0694,2025-02-18,instagram,reel,560,1683,3185,3415,0,False
PO02157,CA017,CR0673,2025-02-18,instagram,short,151,398,619,618,0,False
PO02158,CA017,CR1105,2025-02-18,instagram,short,187,744,1579,1564,0,False
PO02159,CA017,CR1121,2025-02-18,instagram,reel,324,1371,2674,2890,0,False
PO02160,CA017,CR0460,2025-02-18,instagram,reel,100,225,2241,2698,0,True
PO02161,CA017,CR0451,2025-02-18,instagram,reel,267,1055,1779,2164,0,False
PO02162,CA017,CR1049,2025-02-18,instagram,reel,456,1098,1951,1935,0,False
PO02163,CA017,CR0937,2025-02-18,instagram,long_form,266,786,1542,1675,0,False
PO02164,CA017,CR0383,2025-02-18,instagram,reel,101,309,1827,2434,0,True
PO02165,CA017,CR1148,2025-02-18,instagram,reel,3077,15649,29309,35426,2650,False
PO02166,CA017,CR1191,2025-02-18,instagram,reel,227,878,1505,1488,0,False
PO02167,CA017,CR0620,2025-02-18,instagram,reel,1325,2397,5387,5903,0,False
PO02168,CA017,CR0352,2025-02-18,instagram,reel,134,620,904,995,0,False
PO02169,CA017,CR0504,2025-02-18,instagram,short,2847,8664,19971,20556,650,False
PO02170,CA017,CR0987,2025-02-18,instagram,short,16925,27575,58550,69920,2650,False
PO02171,CA017,CR1106,2025-02-18,instagram,reel,179,322,780,865,0,False
PO02172,CA017,CR0741,2025-02-18,instagram,reel,469,1147,1921,1905,0,False
PO02173,CA017,CR0417,2025-02-18,instagram,reel,296,924,1966,1915,0,False
PO02174,CA017,CR0666,2025-02-18,instagram,short,100,100,164,182,0,False
PO02175,CA017,CR0423,2025-02-18,instagram,reel,4389,14528,21858,22352,650,False
PO02176,CA017,CR1129,2025-02-18,instagram,reel,192,949,5131,5469,0,True
PO02177,CA017,CR0624,2025-02-18,instagram,reel,790,2166,2889,3162,0,False
PO02178,CA017,CR0999,2025-02-18,instagram,reel,1886,4777,10300,12610,650,False
PO02179,CA017,CR0720,2025-02-18,instagram,reel,1125,2095,4699,4850,0,False
PO02180,CA017,CR0963,2025-02-18,instagram,reel,213,1303,1995,2009,0,False
PO02181,CA017,CR0685,2025-02-18,instagram,reel,262,1365,2305,2365,0,False
PO02182,CA017,CR0412,2025-02-18,instagram,short,2999,13499,28964,35381,2650,False
PO02183,CA017,CR0916,2025-02-18,instagram,reel,606,1286,2300,2764,0,False
PO02184,CA017,CR1181,2025-02-18,instagram,carousel,201,540,1349,1322,0,False
PO02185,CA017,CR0019,2025-02-18,instagram,reel,100,127,256,293,0,False
PO02186,CA017,CR0593,2025-02-18,instagram,reel,1827,4662,7295,7605,0,False
PO02187,CA017,CR1192,2025-02-18,instagram,short,520,908,1934,2324,0,False
PO02188,CA017,CR0643,2025-02-18,instagram,reel,2956,4727,10695,12042,650,False
PO02189,CA017,CR0856,2025-02-18,instagram,short,836,4563,5987,6699,0,False
PO02190,CA017,CR0910,2025-02-18,instagram,long_form,168,1042,1733,2016,0,False
PO02191,CA017,CR0435,2025-02-18,instagram,reel,882,3111,4727,5440,0,False
PO02192,CA017,CR1125,2025-02-18,instagram,reel,1154,8822,12669,14430,650,False
PO02193,CA017,CR0776,2025-02-18,instagram,short,706,2265,2720,3372,0,False
PO02194,CA017,CR0377,2025-02-18,instagram,reel,713,1509,3073,3508,0,False
PO02195,CA017,CR0312,2025-02-18,instagram,long_form,139,815,1219,1308,0,False
PO02196,CA017,CR1030,2025-02-18,instagram,carousel,244,916,1545,1768,0,False
PO02197,CA017,CR1045,2025-02-18,instagram,reel,192,342,717,792,0,False
PO02198,CA017,CR1072,2025-02-18,instagram,short,1033,2296,3773,4142,0,False
PO02199,CA018,CR0095,2025-02-21,youtube,short,13167,28446,70233,72761,1850,False
PO02200,CA018,CR0008,2025-02-21,youtube,short,19262,50513,102386,109812,4600,False
PO02201,CA018,CR0277,2025-02-21,youtube,reel,1418,3944,10135,10845,450,False
PO02202,CA018,CR0971,2025-02-21,youtube,short,3110,12274,30431,30385,450,False
PO02203,CA018,CR0833,2025-02-21,youtube,reel,15568,37525,74028,83868,1850,False
PO02204,CA018,CR0625,2025-02-21,youtube,long_form,6921,16830,22902,28187,450,False
PO02205,CA018,CR1161,2025-02-21,youtube,long_form,416,873,8588,9116,0,True
PO02206,CA018,CR0250,2025-02-21,youtube,short,100,106,299,302,0,False
PO02207,CA018,CR0467,2025-02-21,youtube,reel,4715,12452,22481,25873,450,False
PO02208,CA018,CR0653,2025-02-21,youtube,carousel,4274,12066,19259,18849,450,False
PO02209,CA018,CR0995,2025-02-21,youtube,short,2611,25334,153417,182467,4600,True
PO02210,CA018,CR0680,2025-02-21,youtube,short,1860,5743,11987,12468,450,False
PO02211,CA018,CR0699,2025-02-21,youtube,short,2866,23993,28569,35263,450,False
PO02212,CA018,CR0704,2025-02-21,youtube,short,2116,4247,7122,8548,0,False
PO02213,CA018,CR0190,2025-02-21,youtube,long_form,3552,9527,17847,18933,450,False
PO02214,CA018,CR0705,2025-02-21,youtube,short,9758,13496,38515,37905,450,False
PO02215,CA018,CR0615,2025-02-21,youtube,short,2949,10585,18854,18708,450,False
PO02216,CA018,CR1018,2025-02-21,youtube,long_form,2062,8087,10918,13011,450,False
PO02217,CA018,CR0463,2025-02-21,youtube,reel,1139,1945,4046,5046,0,False
PO02218,CA018,CR0979,2025-02-21,youtube,short,6269,19033,38988,48414,1850,False
PO02219,CA018,CR0089,2025-02-21,youtube,short,100,278,383,415,0,False
PO02220,CA018,CR0920,2025-02-21,youtube,short,3225,11387,19951,21399,450,False
PO02221,CA018,CR1107,2025-02-21,youtube,short,2094,6200,13742,15569,450,False
PO02222,CA018,CR0059,2025-02-21,youtube,short,31992,94784,133316,159462,4600,False
PO02223,CA018,CR1154,2025-02-21,youtube,reel,12951,46103,87299,90489,1850,False
PO02224,CA018,CR1039,2025-02-21,youtube,short,12527,20380,43801,45301,1850,False
PO02225,CA018,CR0885,2025-02-21,youtube,short,1298,3136,4776,5110,0,False
PO02226,CA018,CR1075,2025-02-21,youtube,short,14687,22076,46926,55407,1850,False
PO02227,CA018,CR0454,2025-02-21,youtube,reel,11598,17960,46992,46857,1850,False
PO02228,CA018,CR0465,2025-02-21,youtube,carousel,1907,4331,9939,10265,0,False
PO02229,CA018,CR0230,2025-02-21,youtube,short,100,107,271,265,0,False
PO02230,CA018,CR0492,2025-02-21,youtube,reel,3825,13346,25468,26596,450,False
PO02231,CA018,CR1199,2025-02-21,youtube,short,1324,10086,47195,52152,1850,True
PO02232,CA018,CR0295,2025-02-21,youtube,short,42196,98669,149152,164809,4600,False
PO02233,CA018,CR0797,2025-02-21,youtube,reel,1633,5549,56095,67019,1850,True
PO02234,CA018,CR0736,2025-02-21,youtube,short,7036,26523,34534,38276,450,False
PO02235,CA018,CR0413,2025-02-21,youtube,long_form,2799,9382,15976,15875,450,False
PO02236,CA018,CR0308,2025-02-21,youtube,short,57384,86494,192972,241203,4600,False
PO02237,CA018,CR0217,2025-02-21,youtube,long_form,951,4300,6764,6872,0,False
PO02238,CA018,CR0948,2025-02-21,youtube,long_form,16655,43264,67547,77043,1850,False
PO02239,CA018,CR0869,2025-02-21,youtube,short,3000,10365,18678,18249,450,False
PO02240,CA018,CR0444,2025-02-21,youtube,short,944,2977,6504,6581,0,False
PO02241,CA018,CR0447,2025-02-21,youtube,short,1446,6074,15731,17303,450,False
PO02242,CA018,CR0438,2025-02-21,youtube,reel,32744,81234,125557,131573,4600,False
PO02243,CA018,CR0693,2025-02-21,youtube,reel,431,1970,3962,4329,0,False
PO02244,CA018,CR0073,2025-02-21,youtube,reel,2728,5539,14691,15796,450,False
PO02245,CA018,CR0208,2025-02-21,youtube,short,4143,14668,24547,25812,450,False
PO02246,CA018,CR0216,2025-02-21,youtube,reel,3523,15578,26233,29053,450,False
PO02247,CA018,CR0182,2025-02-21,youtube,long_form,7735,20084,31869,36752,450,False
PO02248,CA018,CR1167,2025-02-21,youtube,short,7681,32804,54751,56114,1850,False
PO02249,CA018,CR0752,2025-02-21,youtube,long_form,29919,78264,116500,120065,4600,False
PO02250,CA018,CR0175,2025-02-21,youtube,short,5058,9353,18541,22173,450,False
PO02251,CA018,CR0887,2025-02-21,youtube,short,20480,28197,65086,79528,1850,False
PO02252,CA018,CR0670,2025-02-21,youtube,short,24667,76998,93418,110361,4600,False
PO02253,CA018,CR1005,2025-02-21,youtube,short,11158,28013,50375,50546,1850,False
PO02254,CA018,CR0665,2025-02-21,youtube,reel,22562,140172,238325,267083,4600,False
PO02255,CA018,CR0559,2025-02-21,youtube,short,47026,125043,330770,354352,4600,False
PO02256,CA018,CR0712,2025-02-21,youtube,long_form,1019,3249,5886,6299,0,False
PO02257,CA018,CR0883,2025-02-21,youtube,carousel,33764,73475,187494,202939,4600,False
PO02258,CA018,CR0283,2025-02-21,youtube,short,1255,3831,7358,8966,0,False
PO02259,CA018,CR0337,2025-02-21,youtube,long_form,21132,58326,82421,98457,1850,False
PO02260,CA018,CR1037,2025-02-21,youtube,short,6953,45130,74190,83666,1850,False
PO02261,CA018,CR0100,2025-02-21,youtube,short,12146,55987,77703,83059,1850,False
PO02262,CA018,CR0293,2025-02-21,youtube,short,23390,129546,202663,217151,4600,False
PO02263,CA018,CR0592,2025-02-21,youtube,short,2535,7634,14189,16544,450,False
PO02264,CA018,CR0498,2025-02-21,youtube,short,2512,4496,8902,10624,450,False
PO02265,CA018,CR0812,2025-02-21,youtube,long_form,1363,5143,9215,9085,0,False
PO02266,CA018,CR0132,2025-02-21,youtube,short,42786,73957,150538,164886,4600,False
PO02267,CA018,CR0936,2025-02-21,youtube,short,3028,11261,13906,16432,450,False
PO02268,CA018,CR0184,2025-02-21,youtube,short,217,1081,1968,2323,0,False
PO02269,CA018,CR0560,2025-02-21,youtube,long_form,9696,30249,38586,44385,1850,False
PO02270,CA018,CR0488,2025-02-21,youtube,reel,4054,8401,13569,16271,450,False
PO02271,CA018,CR0946,2025-02-21,youtube,short,2903,13919,28846,30085,450,False
PO02272,CA018,CR0348,2025-02-21,youtube,carousel,591,2010,3448,3453,0,False
PO02273,CA018,CR0141,2025-02-21,youtube,short,4577,10341,16661,19027,450,False
PO02274,CA018,CR0093,2025-02-21,youtube,short,7009,13980,24621,28530,450,False
PO02275,CA018,CR0102,2025-02-21,youtube,short,2111,8546,14680,18037,450,False
PO02276,CA018,CR0223,2025-02-21,youtube,reel,591,1191,2523,2845,0,False
PO02277,CA018,CR0640,2025-02-21,youtube,long_form,680,1361,2318,2436,0,False
PO02278,CA018,CR0418,2025-02-21,youtube,short,13625,92654,116746,145762,4600,False
PO02279,CA018,CR0664,2025-02-21,youtube,short,3033,7817,13406,14435,450,False
PO02280,CA018,CR0264,2025-02-21,youtube,short,3996,26354,43374,47201,1850,False
PO02281,CA018,CR0623,2025-02-21,youtube,short,18729,45261,122303,119756,4600,False
PO02282,CA018,CR0929,2025-02-21,youtube,reel,232,1339,7140,9446,0,True
PO02283,CA018,CR0575,2025-02-21,youtube,short,27192,69888,120348,137180,4600,False
PO02284,CA018,CR0278,2025-02-21,youtube,reel,2084,5094,8950,10105,0,False
PO02285,CA018,CR0478,2025-02-21,youtube,reel,1163,3313,8388,9063,0,False
PO02286,CA018,CR0004,2025-02-21,youtube,short,10133,17767,49436,50692,1850,False
PO02287,CA018,CR0768,2025-02-21,youtube,short,726,3991,6166,7130,0,False
PO02288,CA018,CR0388,2025-02-21,youtube,reel,7688,50030,83448,95746,1850,False
PO02289,CA018,CR0632,2025-02-21,youtube,short,4194,12362,23248,24094,450,False
PO02290,CA018,CR0613,2025-02-21,youtube,carousel,16887,38229,68950,67188,1850,False
PO02291,CA018,CR0468,2025-02-21,youtube,long_form,881,3616,6003,6524,0,False
PO02292,CA018,CR0232,2025-02-21,youtube,long_form,124485,490934,745931,751361,16150,False
PO02293,CA018,CR1114,2025-02-21,youtube,long_form,24641,63514,135007,162564,4600,False
PO02294,CA018,CR0233,2025-02-21,youtube,short,19877,46707,94771,98269,1850,False
PO02295,CA019,CR0060,2025-02-24,youtube,reel,373,1072,1360,1553,0,False
PO02296,CA019,CR0108,2025-02-24,youtube,carousel,100,106,144,169,0,False
PO02297,CA019,CR0892,2025-02-24,youtube,short,100,238,397,451,0,False
PO02298,CA019,CR0429,2025-02-24,youtube,short,8743,21812,39409,43719,1500,False
PO02299,CA019,CR0894,2025-02-24,youtube,short,735,2150,3453,4071,0,False
PO02300,CA019,CR0782,2025-02-24,youtube,reel,267,992,1840,2086,0,False
PO02301,CA019,CR1078,2025-02-24,youtube,short,100,402,475,583,0,False
PO02302,CA019,CR0783,2025-02-24,youtube,short,100,132,215,260,0,False
PO02303,CA019,CR0912,2025-02-24,youtube,carousel,100,408,806,798,0,False
PO02304,CA019,CR1000,2025-02-24,youtube,reel,281,1353,2206,2270,0,False
PO02305,CA019,CR0947,2025-02-24,youtube,short,230,885,4863,5828,0,True
PO02306,CA019,CR0173,2025-02-24,youtube,long_form,100,142,303,333,0,False
PO02307,CA019,CR0551,2025-02-24,youtube,short,100,100,100,100,0,False
PO02308,CA019,CR0935,2025-02-24,youtube,short,100,121,259,304,0,False
PO02309,CA019,CR0670,2025-02-24,youtube,long_form,29334,140632,210354,209429,3700,False
PO02310,CA019,CR1186,2025-02-24,youtube,short,197,642,1278,1381,0,False
PO02311,CA019,CR0458,2025-02-24,youtube,short,2088,8103,16291,17070,350,False
PO02312,CA019,CR0234,2025-02-24,youtube,reel,361,793,6458,8438,350,True
PO02313,CA019,CR0728,2025-02-24,youtube,reel,636,1078,2135,2606,0,False
PO02314,CA019,CR0456,2025-02-24,youtube,short,115,356,705,844,0,False
PO02315,CA019,CR0323,2025-02-24,youtube,short,156,1223,1504,1859,0,False
PO02316,CA019,CR1135,2025-02-24,youtube,long_form,252,463,1057,1055,0,False
PO02317,CA019,CR0241,2025-02-24,youtube,long_form,615,2369,4612,4804,0,False
PO02318,CA019,CR0754,2025-02-24,youtube,short,130,289,500,616,0,False
PO02319,CA019,CR0317,2025-02-24,youtube,carousel,100,100,108,128,0,False
PO02320,CA019,CR0183,2025-02-24,youtube,short,100,217,511,585,0,False
PO02321,CA019,CR1178,2025-02-24,youtube,short,388,729,1596,1732,0,False
PO02322,CA019,CR0254,2025-02-24,youtube,short,100,320,629,754,0,False
PO02323,CA019,CR0674,2025-02-24,youtube,short,215,713,957,1027,0,False
PO02324,CA019,CR0522,2025-02-24,youtube,short,1506,10216,14231,14988,350,False
PO02325,CA019,CR0124,2025-02-24,youtube,long_form,100,101,216,215,0,False
PO02326,CA019,CR0111,2025-02-24,youtube,short,147,205,485,581,0,False
PO02327,CA019,CR0347,2025-02-24,youtube,long_form,178,687,1952,1916,0,False
PO02328,CA019,CR0250,2025-02-24,youtube,short,100,345,632,632,0,False
PO02329,CA019,CR0149,2025-02-24,youtube,short,100,100,168,182,0,False
PO02330,CA019,CR0039,2025-02-24,youtube,reel,1275,5793,30177,32882,1500,True
PO02331,CA019,CR0012,2025-02-24,youtube,short,100,184,248,308,0,False
PO02332,CA019,CR1119,2025-02-24,youtube,short,125,427,791,846,0,False
PO02333,CA019,CR0697,2025-02-24,youtube,long_form,241,357,835,969,0,False
PO02334,CA019,CR0089,2025-02-24,youtube,reel,137,466,684,736,0,False
PO02335,CA019,CR0913,2025-02-24,youtube,short,662,1850,3379,3667,0,False
PO02336,CA019,CR0715,2025-02-24,youtube,short,100,150,404,417,0,False
PO02337,CA019,CR1156,2025-02-24,youtube,long_form,100,122,228,256,0,False
PO02338,CA019,CR0644,2025-02-24,youtube,short,356,564,1086,1303,0,False
PO02339,CA019,CR0230,2025-02-24,youtube,short,229,499,867,845,0,False
PO02340,CA019,CR1082,2025-02-24,youtube,short,872,1526,3106,3676,0,False
PO02341,CA019,CR0718,2025-02-24,youtube,short,254,392,912,986,0,False
PO02342,CA019,CR0974,2025-02-24,youtube,reel,2963,8236,14346,15135,350,False
PO02343,CA019,CR0196,2025-02-24,youtube,long_form,168,298,693,789,0,False
PO02344,CA019,CR0617,2025-02-24,youtube,reel,100,454,686,683,0,False
PO02345,CA019,CR0818,2025-02-24,youtube,short,100,117,208,220,0,False
PO02346,CA019,CR0343,2025-02-24,youtube,long_form,367,724,1419,1653,0,False
PO02347,CA019,CR1092,2025-02-24,youtube,short,100,100,100,111,0,False
PO02348,CA019,CR0342,2025-02-24,youtube,long_form,2313,16471,24288,24078,350,False
PO02349,CA019,CR0977,2025-02-24,youtube,short,108,573,1033,1038,0,False
PO02350,CA019,CR0437,2025-02-24,youtube,short,185,782,3098,3967,0,True
PO02351,CA019,CR0236,2025-02-24,youtube,short,100,233,331,371,0,False
PO02352,CA019,CR0401,2025-02-24,youtube,short,100,510,695,748,0,False
PO02353,CA019,CR0939,2025-02-24,youtube,long_form,100,100,100,100,0,False
PO02354,CA019,CR0696,2025-02-24,youtube,short,1128,3493,4825,5102,0,False
PO02355,CA019,CR0833,2025-02-24,youtube,reel,13010,21792,43253,52126,1500,False
PO02356,CA019,CR0090,2025-02-24,youtube,long_form,100,178,437,472,0,False
PO02357,CA019,CR0128,2025-02-24,youtube,short,882,3388,4714,5833,0,False
PO02358,CA019,CR0714,2025-02-24,youtube,reel,105,833,1083,1198,0,False
PO02359,CA019,CR1177,2025-02-24,youtube,short,100,198,1122,1188,0,True
PO02360,CA019,CR0816,2025-02-24,youtube,reel,1543,7576,13646,16639,350,False
PO02361,CA019,CR1079,2025-02-24,youtube,long_form,185,732,1118,1183,0,False
PO02362,CA019,CR1063,2025-02-24,youtube,long_form,100,112,198,201,0,False
PO02363,CA019,CR1086,2025-02-24,youtube,long_form,218,448,942,993,0,False
PO02364,CA019,CR0455,2025-02-24,youtube,short,100,116,185,222,0,False
PO02365,CA019,CR0074,2025-02-24,youtube,short,199,398,626,763,0,False
PO02366,CA019,CR1040,2025-02-24,youtube,long_form,104,337,763,827,0,False
PO02367,CA019,CR0099,2025-02-24,youtube,long_form,199912,479917,773915,758746,12900,False
PO02368,CA019,CR0395,2025-02-24,youtube,long_form,100,305,502,505,0,False
PO02369,CA019,CR0965,2025-02-24,youtube,long_form,207,546,759,937,0,False
PO02370,CA019,CR0354,2025-02-24,youtube,short,2911,5672,15627,15472,350,False
PO02371,CA019,CR0654,2025-02-24,youtube,short,527,1093,1961,2113,0,False
PO02372,CA019,CR0921,2025-02-24,youtube,short,131,362,499,574,0,False
PO02373,CA019,CR0166,2025-02-24,youtube,long_form,275,920,1689,1936,0,False
PO02374,CA019,CR0838,2025-02-24,youtube,long_form,100,151,220,268,0,False
PO02375,CA019,CR0879,2025-02-24,youtube,short,123,233,456,540,0,False
PO02376,CA019,CR0408,2025-02-24,youtube,short,1441,5022,8056,7855,350,False
PO02377,CA019,CR0917,2025-02-24,youtube,short,100,213,302,332,0,False
PO02378,CA019,CR1137,2025-02-24,youtube,long_form,100,118,161,185,0,False
PO02379,CA019,CR0116,2025-02-24,youtube,carousel,100,144,322,368,0,False
PO02380,CA019,CR0706,2025-02-24,youtube,long_form,100,139,293,319,0,False
PO02381,CA019,CR0860,2025-02-24,youtube,short,100,237,458,452,0,False
PO02382,CA019,CR0208,2025-02-24,youtube,short,15285,40493,85584,88291,3700,False
PO02383,CA019,CR0532,2025-02-24,youtube,short,100,100,100,100,0,False
PO02384,CA019,CR0232,2025-02-24,youtube,reel,19245,26903,60106,73581,3700,False
PO02385,CA019,CR0746,2025-02-24,youtube,long_form,133,212,446,542,0,False
PO02386,CA019,CR0765,2025-02-24,youtube,carousel,100,175,310,313,0,False
PO02387,CA019,CR0784,2025-02-24,youtube,short,100,126,292,300,0,False
PO02388,CA019,CR0179,2025-02-24,youtube,short,281,718,1365,1666,0,False
PO02389,CA019,CR0233,2025-02-24,youtube,short,1730,4177,6022,7251,350,False
PO02390,CA019,CR0198,2025-02-24,youtube,long_form,100,100,100,100,0,False
PO02391,CA019,CR1056,2025-02-24,youtube,reel,100,248,456,453,0,False
PO02392,CA019,CR0704,2025-02-24,youtube,long_form,1689,3907,6668,7472,350,False
PO02393,CA019,CR0772,2025-02-24,youtube,short,100,100,100,100,0,False
PO02394,CA019,CR0097,2025-02-24,youtube,long_form,100,271,646,664,0,False
PO02395,CA019,CR0072,2025-02-24,youtube,reel,344,1106,1864,1968,0,False
PO02396,CA019,CR0859,2025-02-24,youtube,short,948,3248,7069,7522,350,False
PO02397,CA019,CR0281,2025-02-24,youtube,reel,100,335,478,594,0,False
PO02398,CA019,CR0902,2025-02-24,youtube,long_form,100,103,172,211,0,False
PO02399,CA019,CR0105,2025-02-24,youtube,short,161,504,1101,1097,0,False
PO02400,CA019,CR0867,2025-02-24,youtube,short,100,126,292,303,0,False
PO02401,CA019,CR0934,2025-02-24,youtube,short,157,255,600,661,0,False
PO02402,CA019,CR0571,2025-02-24,youtube,long_form,277,531,976,1156,0,False
PO02403,CA019,CR0129,2025-02-24,youtube,short,100,265,353,436,0,False
PO02404,CA019,CR0580,2025-02-24,youtube,short,581,3300,5370,5396,0,False
PO02405,CA019,CR0220,2025-02-24,youtube,short,100,100,225,233,0,False
PO02406,CA019,CR0364,2025-02-24,youtube,short,100,110,213,220,0,False
PO02407,CA019,CR0951,2025-02-24,youtube,short,100,357,522,542,0,False
PO02408,CA020,CR0094,2025-02-27,instagram,reel,873,1711,3790,3895,0,False
PO02409,CA020,CR0289,2025-02-27,instagram,reel,568,2142,4018,4809,0,False
PO02410,CA020,CR0533,2025-02-27,instagram,carousel,188,329,637,776,0,False
PO02411,CA020,CR1194,2025-02-27,instagram,short,1615,3662,7627,8392,0,False
PO02412,CA020,CR1105,2025-02-27,instagram,reel,2342,5129,9806,9997,400,False
PO02413,CA020,CR0661,2025-02-27,instagram,reel,4642,9819,15468,18771,400,False
PO02414,CA020,CR0262,2025-02-27,instagram,reel,1086,2336,4526,4839,0,False
PO02415,CA020,CR0054,2025-02-27,instagram,reel,3196,7757,11557,13004,400,False
PO02416,CA020,CR0248,2025-02-27,instagram,short,8063,28250,54085,63471,1700,False
PO02417,CA020,CR1185,2025-02-27,instagram,short,247,589,729,890,0,False
PO02418,CA020,CR0195,2025-02-27,instagram,reel,713,3125,4487,4586,0,False
PO02419,CA020,CR0167,2025-02-27,instagram,long_form,4460,12801,17288,20289,400,False
PO02420,CA020,CR1049,2025-02-27,instagram,reel,3642,11019,14527,16643,400,False
PO02421,CA020,CR0862,2025-02-27,instagram,short,577,1852,2619,3027,0,False
PO02422,CA020,CR1042,2025-02-27,instagram,reel,14977,86616,116819,135677,4250,False
PO02423,CA020,CR0884,2025-02-27,instagram,reel,763,2988,20162,24088,400,True
PO02424,CA020,CR0399,2025-02-27,instagram,reel,956,4617,8019,9772,400,False
PO02425,CA020,CR0201,2025-02-27,instagram,reel,289,1952,2909,2985,0,False
PO02426,CA020,CR0552,2025-02-27,instagram,reel,359,4970,21058,25028,400,True
PO02427,CA020,CR0199,2025-02-27,instagram,long_form,7644,21531,33486,34559,400,False
PO02428,CA020,CR0544,2025-02-27,instagram,reel,152,405,1018,1154,0,False
PO02429,CA020,CR0807,2025-02-27,instagram,reel,2470,3557,7934,9194,400,False
PO02430,CA020,CR0296,2025-02-27,instagram,long_form,695,2070,3087,3689,0,False
PO02431,CA020,CR1150,2025-02-27,instagram,reel,100,194,1359,1536,0,True
PO02432,CA020,CR0555,2025-02-27,instagram,short,1134,4406,19810,24633,400,True
PO02433,CA020,CR1032,2025-02-27,instagram,reel,974,4094,5740,6119,0,False
PO02434,CA020,CR0576,2025-02-27,instagram,reel,2225,8060,14240,15082,400,False
PO02435,CA020,CR0599,2025-02-27,instagram,reel,15050,45275,59964,72123,1700,False
PO02436,CA020,CR1166,2025-02-27,instagram,reel,157,354,834,995,0,False
PO02437,CA020,CR0101,2025-02-27,instagram,reel,1926,9862,17517,17183,400,False
PO02438,CA020,CR0424,2025-02-27,instagram,carousel,603,1674,2660,3183,0,False
PO02439,CA020,CR0109,2025-02-27,instagram,long_form,148,481,1194,1194,0,False
PO02440,CA020,CR0747,2025-02-27,instagram,reel,640,1136,2457,2899,0,False
PO02441,CA020,CR1136,2025-02-27,instagram,short,213,413,860,895,0,False
PO02442,CA020,CR0681,2025-02-27,instagram,short,30578,89910,220303,223486,4250,False
PO02443,CA020,CR0900,2025-02-27,instagram,reel,776,4829,7445,8172,0,False
PO02444,CA020,CR0924,2025-02-27,instagram,long_form,100,452,3549,4031,0,True
PO02445,CA020,CR0086,2025-02-27,instagram,reel,17901,77856,112622,118537,4250,False
PO02446,CA020,CR0136,2025-02-27,instagram,reel,100,217,628,618,0,False
PO02447,CA020,CR0470,2025-02-27,instagram,reel,100,1005,5220,5502,0,True
PO02448,CA020,CR0823,2025-02-27,instagram,reel,6849,17763,43232,42491,1700,False
PO02449,CA020,CR1192,2025-02-27,instagram,reel,241,1207,1972,2245,0,False
PO02450,CA020,CR1013,2025-02-27,instagram,short,342,711,1176,1346,0,False
PO02451,CA020,CR1193,2025-02-27,instagram,reel,9988,29760,39745,47563,1700,False
PO02452,CA020,CR0743,2025-02-27,instagram,carousel,100,132,340,378,0,False
PO02453,CA020,CR0423,2025-02-27,instagram,reel,9951,24375,42685,48987,1700,False
PO02454,CA020,CR0687,2025-02-27,instagram,long_form,914,3797,7863,8906,0,False
PO02455,CA020,CR0582,2025-02-27,instagram,short,3517,10811,20750,21257,400,False
PO02456,CA020,CR0984,2025-02-27,instagram,reel,385,1357,2672,3030,0,False
PO02457,CA020,CR1118,2025-02-27,instagram,short,468,2702,4283,4267,0,False
PO02458,CA020,CR0370,2025-02-27,instagram,long_form,13389,70572,123728,134498,4250,False
PO02459,CA020,CR0333,2025-02-27,instagram,short,894,3479,6292,6300,0,False
PO02460,CA020,CR1089,2025-02-27,instagram,reel,696,1854,2604,2925,0,False
PO02461,CA020,CR1060,2025-02-27,instagram,reel,117,287,491,581,0,False
PO02462,CA020,CR1170,2025-02-27,instagram,reel,100,151,348,383,0,False
PO02463,CA020,CR0417,2025-02-27,instagram,reel,293,843,1836,2269,0,False
PO02464,CA020,CR1123,2025-02-27,instagram,long_form,49587,74529,197259,195972,4250,False
PO02465,CA020,CR0031,2025-02-27,instagram,reel,877,2590,4840,5852,0,False
PO02466,CA020,CR1184,2025-02-27,instagram,reel,1207,7683,12711,13806,400,False
PO02467,CA020,CR1103,2025-02-27,instagram,reel,41099,99202,185635,229791,4250,False
PO02468,CA020,CR0300,2025-02-27,instagram,reel,209,1041,1829,1807,0,False
PO02469,CA020,CR0835,2025-02-27,instagram,reel,296,3114,16001,17530,400,True
PO02470,CA020,CR0798,2025-02-27,instagram,reel,2376,8390,21917,22010,400,False
PO02471,CA020,CR0636,2025-02-27,instagram,short,4856,19646,31277,30942,400,False
PO02472,CA020,CR1045,2025-02-27,instagram,reel,2308,6702,12015,14518,400,False
PO02473,CA020,CR0329,2025-02-27,instagram,reel,792,2541,5758,6249,0,False
PO02474,CA020,CR0260,2025-02-27,instagram,reel,1273,3509,4457,5055,0,False
PO02475,CA020,CR0272,2025-02-27,instagram,short,2655,8020,49384,57334,1700,True
PO02476,CA020,CR0645,2025-02-27,instagram,reel,500,2762,5151,5050,0,False
PO02477,CA020,CR1144,2025-02-27,instagram,long_form,838,2259,5550,5612,0,False
PO02478,CA020,CR0079,2025-02-27,instagram,short,687,1733,2405,2519,0,False
PO02479,CA020,CR0574,2025-02-27,instagram,long_form,165,539,1210,1495,0,False
PO02480,CA020,CR0171,2025-02-27,instagram,short,678,7490,43947,46866,1700,True
PO02481,CA020,CR0312,2025-02-27,instagram,short,124,313,568,555,0,False
PO02482,CA020,CR0700,2025-02-27,instagram,reel,2384,13068,21268,21467,400,False
PO02483,CA020,CR0303,2025-02-27,instagram,long_form,13884,50783,63480,74842,1700,False
PO02484,CA020,CR1093,2025-02-27,instagram,reel,3266,9609,12191,15123,400,False
PO02485,CA020,CR0986,2025-02-27,instagram,long_form,16892,63914,110258,112934,4250,False
PO02486,CA020,CR0070,2025-02-27,instagram,reel,297,2866,18051,20562,400,True
PO02487,CA020,CR1142,2025-02-27,instagram,short,1331,3575,5514,5735,0,False
PO02488,CA020,CR0043,2025-02-27,instagram,short,178,393,685,853,0,False
PO02489,CA020,CR1121,2025-02-27,instagram,short,1749,9634,11588,14215,400,False
PO02490,CA020,CR1047,2025-02-27,instagram,short,1291,9041,13298,13995,400,False
PO02491,CA020,CR0297,2025-02-27,instagram,reel,1827,5494,7588,8249,0,False
PO02492,CA020,CR1164,2025-02-27,instagram,carousel,1618,2626,6962,6894,0,False
PO02493,CA020,CR0299,2025-02-27,instagram,long_form,1513,4368,10270,12114,400,False
PO02494,CA020,CR0131,2025-02-27,instagram,reel,1738,3365,6367,6436,0,False
PO02495,CA020,CR0371,2025-02-27,instagram,reel,1169,3988,8027,7807,0,False
PO02496,CA020,CR0897,2025-02-27,instagram,reel,100,610,918,1016,0,False
PO02497,CA020,CR0028,2025-02-27,instagram,reel,304,990,1425,1461,0,False
PO02498,CA020,CR0235,2025-02-27,instagram,reel,1901,8682,18888,22218,400,False
PO02499,CA020,CR0035,2025-02-27,instagram,reel,3320,6232,10263,12092,400,False
PO02500,CA020,CR0937,2025-02-27,instagram,carousel,344,2103,3277,3587,0,False
PO02501,CA020,CR0435,2025-02-27,instagram,short,434,1049,1643,1721,0,False
PO02502,CA020,CR0460,2025-02-27,instagram,reel,4001,10355,20050,21269,400,False
PO02503,CA020,CR0269,2025-02-27,instagram,reel,1349,2491,5017,5183,0,False
PO02504,CA020,CR0794,2025-02-27,instagram,short,1618,3755,6205,6095,0,False
PO02505,CA020,CR0213,2025-02-27,instagram,reel,4414,12197,18381,18990,400,False
PO02506,CA020,CR0331,2025-02-27,instagram,reel,5234,11402,23857,24592,400,False
PO02507,CA020,CR0292,2025-02-27,instagram,reel,109,478,738,834,0,False
PO02508,CA020,CR1011,2025-02-27,instagram,reel,1396,4957,10595,11012,400,False
PO02509,CA020,CR0804,2025-02-27,instagram,short,100,208,519,552,0,False
PO02510,CA020,CR1112,2025-02-27,instagram,reel,999,3560,6239,6587,0,False
PO02511,CA020,CR0876,2025-02-27,instagram,long_form,1880,3749,8108,10015,400,False
PO02512,CA020,CR1041,2025-02-27,instagram,reel,910,4356,19085,24482,400,True
PO02513,CA020,CR0942,2025-02-27,instagram,carousel,196,1181,1397,1747,0,False
PO02514,CA020,CR1175,2025-02-27,instagram,reel,8502,43566,69941,69486,1700,False
PO02515,CA020,CR0606,2025-02-27,instagram,reel,4628,7002,15020,17230,400,False
PO02516,CA020,CR0140,2025-02-27,instagram,reel,125,288,656,788,0,False
PO02517,CA020,CR0210,2025-02-27,instagram,reel,21396,33224,81387,93546,4250,False
PO02518,CA020,CR0785,2025-02-27,instagram,short,274,440,789,987,0,False
PO02519,CA020,CR1179,2025-02-27,instagram,reel,3654,11861,19335,18835,400,False
PO02520,CA020,CR0336,2025-02-27,instagram,long_form,250,585,1390,1501,0,False
PO02521,CA020,CR0643,2025-02-27,instagram,long_form,1195,2440,4560,4763,0,False
PO02522,CA020,CR0553,2025-02-27,instagram,reel,18225,49768,61509,71464,1700,False
PO02523,CA020,CR0520,2025-02-27,instagram,reel,9504,27891,41501,51211,1700,False
PO02524,CA020,CR0503,2025-02-27,instagram,reel,329,1123,2274,2659,0,False
PO02525,CA020,CR1097,2025-02-27,instagram,reel,9130,33326,63521,68777,1700,False
PO02526,CA020,CR1133,2025-02-27,instagram,reel,1343,6537,8974,10427,400,False
PO02527,CA020,CR0245,2025-02-27,instagram,reel,100,208,279,336,0,False
PO02528,CA020,CR0769,2025-02-27,instagram,short,439,804,1929,2176,0,False
PO02529,CA020,CR1116,2025-02-27,instagram,short,3130,10745,25315,28555,400,False
PO02530,CA020,CR0412,2025-02-27,instagram,reel,9055,30188,45559,56797,1700,False
PO02531,CA021,CR0174,2025-03-02,instagram,reel,721,1645,2893,2850,0,False
PO02532,CA021,CR0214,2025-03-02,instagram,carousel,1008,1999,3695,4615,0,False
PO02533,CA021,CR1172,2025-03-02,instagram,short,100,162,403,450,0,False
PO02534,CA021,CR0312,2025-03-02,instagram,short,404,2363,3225,3625,0,False
PO02535,CA021,CR0185,2025-03-02,instagram,long_form,404,1147,1783,2206,0,False
PO02536,CA021,CR0755,2025-03-02,instagram,reel,466,2365,3969,4389,0,False
PO02537,CA021,CR0924,2025-03-02,instagram,short,100,255,511,524,0,False
PO02538,CA021,CR1065,2025-03-02,instagram,short,688,1981,2560,3191,0,False
PO02539,CA021,CR0853,2025-03-02,instagram,reel,798,4569,6990,7342,0,False
PO02540,CA021,CR0943,2025-03-02,instagram,long_form,5704,15525,25792,25942,1550,False
PO02541,CA021,CR0400,2025-03-02,instagram,reel,1053,7922,9905,11535,0,False
PO02542,CA021,CR0837,2025-03-02,instagram,reel,629,1481,2768,3192,0,False
PO02543,CA021,CR0435,2025-03-02,instagram,reel,189,734,1541,1517,0,False
PO02544,CA021,CR0865,2025-03-02,instagram,long_form,147,403,760,855,0,False
PO02545,CA021,CR0063,2025-03-02,instagram,long_form,2381,5313,8540,8753,0,False
PO02546,CA021,CR0305,2025-03-02,instagram,short,6402,12130,23045,27750,1550,False
PO02547,CA021,CR0516,2025-03-02,instagram,carousel,100,509,2657,2810,0,True
PO02548,CA021,CR0988,2025-03-02,instagram,reel,268,984,1983,2117,0,False
PO02549,CA021,CR0289,2025-03-02,instagram,reel,1541,3697,5950,6274,0,False
PO02550,CA021,CR1150,2025-03-02,instagram,short,1252,4227,6763,6796,0,False
PO02551,CA021,CR0984,2025-03-02,instagram,reel,129,586,1355,1345,0,False
PO02552,CA021,CR0774,2025-03-02,instagram,reel,100,129,271,330,0,False
PO02553,CA021,CR0406,2025-03-02,instagram,reel,826,2244,3531,3487,0,False
PO02554,CA021,CR0235,2025-03-02,instagram,reel,131,1031,5597,6708,0,True
PO02555,CA021,CR0997,2025-03-02,instagram,long_form,100,532,727,768,0,False
PO02556,CA021,CR0521,2025-03-02,instagram,reel,888,1589,3668,3705,0,False
PO02557,CA021,CR1072,2025-03-02,instagram,reel,203,590,796,937,0,False
PO02558,CA021,CR0825,2025-03-02,instagram,reel,407,744,1673,1672,0,False
PO02559,CA021,CR1133,2025-03-02,instagram,long_form,100,622,2793,3115,0,True
PO02560,CA021,CR0211,2025-03-02,instagram,long_form,1088,3337,5050,5159,0,False
PO02561,CA021,CR0499,2025-03-02,instagram,reel,532,1087,2350,2290,0,False
PO02562,CA021,CR1176,2025-03-02,instagram,reel,12248,37710,57574,57335,1550,False
PO02563,CA021,CR0538,2025-03-02,instagram,reel,281,855,1444,1562,0,False
PO02564,CA021,CR0528,2025-03-02,instagram,reel,725,1549,2563,3038,0,False
PO02565,CA021,CR0807,2025-03-02,instagram,reel,4319,13400,20145,22493,1550,False
PO02566,CA021,CR0404,2025-03-02,instagram,short,316,1099,2862,2960,0,False
PO02567,CA021,CR0813,2025-03-02,instagram,long_form,215,438,835,973,0,False
PO02568,CA021,CR0469,2025-03-02,instagram,short,511,1368,2431,2761,0,False
PO02569,CA021,CR0457,2025-03-02,instagram,short,1575,7238,9680,11132,0,False
PO02570,CA022,CR0976,2025-03-05,instagram,short,2096,5780,8843,10168,300,False
PO02571,CA022,CR0545,2025-03-05,instagram,reel,14552,55747,84785,101299,3200,False
PO02572,CA022,CR1059,2025-03-05,instagram,reel,2739,5389,10160,11686,300,False
PO02573,CA022,CR0246,2025-03-05,instagram,carousel,4599,19541,43846,50530,3200,False
PO02574,CA022,CR1165,2025-03-05,instagram,long_form,375,1103,1686,1683,0,False
PO02575,CA022,CR0461,2025-03-05,instagram,reel,400,1297,2508,2960,0,False
PO02576,CA022,CR0616,2025-03-05,instagram,reel,359,705,1368,1339,0,False
PO02577,CA022,CR0876,2025-03-05,instagram,long_form,3156,6706,10445,12323,300,False
PO02578,CA022,CR0804,2025-03-05,instagram,carousel,368,1086,2268,2324,0,False
PO02579,CA022,CR1041,2025-03-05,instagram,short,4869,9417,25488,26566,1300,False
PO02580,CA022,CR0417,2025-03-05,instagram,reel,100,187,223,271,0,False
PO02581,CA022,CR0574,2025-03-05,instagram,short,1531,2411,5269,5736,300,False
PO02582,CA022,CR0588,2025-03-05,instagram,short,6752,18708,24763,27242,1300,False
PO02583,CA022,CR0599,2025-03-05,instagram,short,14736,35498,81211,84722,3200,False
PO02584,CA022,CR0692,2025-03-05,instagram,reel,3234,18566,31224,33951,1300,False
PO02585,CA022,CR0872,2025-03-05,instagram,reel,100,117,908,1018,0,True
PO02586,CA022,CR0101,2025-03-05,instagram,reel,1831,5893,12877,12634,300,False
PO02587,CA022,CR0326,2025-03-05,instagram,reel,829,1608,2892,3130,0,False
PO02588,CA022,CR0104,2025-03-05,instagram,reel,628,1630,3226,3577,0,False
PO02589,CA022,CR0847,2025-03-05,instagram,short,18979,135435,185270,218342,11250,False
PO02590,CA022,CR0764,2025-03-05,instagram,long_form,100,117,193,221,0,False
PO02591,CA022,CR0942,2025-03-05,instagram,reel,131,235,534,541,0,False
PO02592,CA022,CR0868,2025-03-05,instagram,long_form,382,2119,9695,11779,300,True
PO02593,CA022,CR0803,2025-03-05,instagram,reel,124,561,885,974,0,False
PO02594,CA022,CR0790,2025-03-05,instagram,reel,2557,10140,20972,24156,1300,False
PO02595,CA022,CR0930,2025-03-05,instagram,reel,3989,7205,15276,15615,300,False
PO02596,CA022,CR0136,2025-03-05,instagram,short,2499,4644,9922,12370,300,False
PO02597,CA022,CR0864,2025-03-05,instagram,long_form,911,4740,6411,7217,300,False
PO02598,CA022,CR0963,2025-03-05,instagram,reel,3303,14636,25514,24999,1300,False
PO02599,CA022,CR1030,2025-03-05,instagram,short,201,376,818,844,0,False
PO02600,CA022,CR0479,2025-03-05,instagram,reel,1919,3541,6952,7190,300,False
PO02601,CA022,CR1045,2025-03-05,instagram,reel,333,2030,3389,4037,0,False
PO02602,CA022,CR0631,2025-03-05,instagram,carousel,879,2272,4509,5156,300,False
PO02603,CA022,CR0884,2025-03-05,instagram,reel,2290,6855,16161,19498,300,False
PO02604,CA022,CR0720,2025-03-05,instagram,reel,443,1680,4177,4334,0,False
PO02605,CA022,CR0430,2025-03-05,instagram,carousel,205,920,1350,1474,0,False
PO02606,CA022,CR0591,2025-03-05,instagram,short,606,2825,6189,6971,300,False
PO02607,CA022,CR0568,2025-03-05,instagram,reel,1138,3570,5366,5280,300,False
PO02608,CA022,CR0750,2025-03-05,instagram,reel,3413,13016,22868,22439,1300,False
PO02609,CA022,CR0896,2025-03-05,instagram,short,3754,7415,14386,15247,300,False
PO02610,CA022,CR0443,2025-03-05,instagram,short,522,1039,2050,2381,0,False
PO02611,CA022,CR0384,2025-03-05,instagram,reel,223,990,1354,1498,0,False
PO02612,CA022,CR1150,2025-03-05,instagram,long_form,1138,2326,5021,4912,0,False
PO02613,CA022,CR0422,2025-03-05,instagram,reel,3312,5520,12608,13332,300,False
PO02614,CA022,CR0092,2025-03-05,instagram,reel,1764,6177,9698,10658,300,False
PO02615,CA022,CR0609,2025-03-05,instagram,short,1298,2756,5187,5533,300,False
PO02616,CA022,CR0536,2025-03-05,instagram,reel,3138,8029,11371,11833,300,False
PO02617,CA022,CR0153,2025-03-05,instagram,reel,310,575,1451,1416,0,False
PO02618,CA022,CR0003,2025-03-05,instagram,reel,1691,5033,13004,14043,300,False
PO02619,CA022,CR0798,2025-03-05,instagram,carousel,388,1660,2662,3045,0,False
PO02620,CA022,CR0636,2025-03-05,instagram,short,338,930,1440,1580,0,False
PO02621,CA022,CR1124,2025-03-05,instagram,reel,100,131,294,332,0,False
PO02622,CA022,CR1164,2025-03-05,instagram,reel,2130,3837,8792,8953,300,False
PO02623,CA022,CR1130,2025-03-05,instagram,reel,1903,6277,9880,10866,300,False
PO02624,CA022,CR1027,2025-03-05,instagram,reel,3257,6789,12812,12911,300,False
PO02625,CA022,CR0229,2025-03-05,instagram,reel,18739,86789,128153,129256,3200,False
PO02626,CA022,CR0336,2025-03-05,instagram,long_form,283,475,1221,1226,0,False
PO02627,CA022,CR0005,2025-03-05,instagram,reel,594,2443,5502,6087,300,False
PO02628,CA022,CR0094,2025-03-05,instagram,reel,4146,11193,21039,25372,1300,False
PO02629,CA022,CR1112,2025-03-05,instagram,reel,1904,3563,6196,7245,300,False
PO02630,CA022,CR0495,2025-03-05,instagram,reel,100,1057,5428,6933,300,True
PO02631,CA022,CR0593,2025-03-05,instagram,short,4835,10459,17994,21878,1300,False
PO02632,CA022,CR0643,2025-03-05,instagram,reel,1208,3310,4522,5300,300,False
PO02633,CA022,CR0776,2025-03-05,instagram,reel,219,769,1257,1539,0,False
PO02634,CA022,CR0813,2025-03-05,instagram,short,1692,5812,8808,9693,300,False
PO02635,CA022,CR0431,2025-03-05,instagram,carousel,4275,10110,14108,15947,300,False
PO02636,CA022,CR0648,2025-03-05,instagram,short,953,3269,5237,5179,300,False
PO02637,CA022,CR1190,2025-03-05,instagram,reel,1780,3501,5832,6913,300,False
PO02638,CA022,CR0294,2025-03-05,instagram,reel,403,1110,2880,2879,0,False
PO02639,CA022,CR1032,2025-03-05,instagram,reel,150,645,1064,1076,0,False
PO02640,CA022,CR0794,2025-03-05,instagram,reel,346,1165,1855,2107,0,False
PO02641,CA022,CR0823,2025-03-05,instagram,reel,100,134,694,925,0,True
PO02642,CA022,CR1044,2025-03-05,instagram,long_form,212,721,1193,1248,0,False
PO02643,CA022,CR0987,2025-03-05,instagram,carousel,26690,117809,165550,175089,11250,False
PO02644,CA022,CR0329,2025-03-05,instagram,long_form,4171,15794,23229,23143,1300,False
PO02645,CA022,CR1016,2025-03-05,instagram,long_form,1799,4285,7703,7872,300,False
PO02646,CA022,CR0231,2025-03-05,instagram,short,1566,4301,6197,6549,300,False
PO02647,CA022,CR0630,2025-03-05,instagram,reel,2976,9462,16388,17112,300,False
PO02648,CA022,CR1109,2025-03-05,instagram,short,100,227,298,335,0,False
PO02649,CA022,CR0507,2025-03-05,instagram,long_form,1325,2141,4833,5850,300,False
PO02650,CA022,CR0195,2025-03-05,instagram,carousel,220,691,1185,1252,0,False
PO02651,CA022,CR0662,2025-03-05,instagram,reel,100,240,318,358,0,False
PO02652,CA022,CR0700,2025-03-05,instagram,long_form,1670,10977,19703,19550,300,False
PO02653,CA022,CR0044,2025-03-05,instagram,reel,9857,15495,36003,40744,1300,False
PO02654,CA022,CR0831,2025-03-05,instagram,reel,923,3437,4870,5273,300,False
PO02655,CA022,CR0931,2025-03-05,instagram,long_form,100,163,1431,1561,0,True
PO02656,CA022,CR0110,2025-03-05,instagram,reel,1020,2336,5817,5654,300,False
PO02657,CA022,CR0633,2025-03-05,instagram,short,9923,19419,52385,54950,3200,False
PO02658,CA023,CR0303,2025-03-08,instagram,short,15656,30108,57642,65587,3300,False
PO02659,CA023,CR1036,2025-03-08,instagram,reel,100,100,132,153,0,True
PO02660,CA023,CR0915,2025-03-08,instagram,short,4077,14225,26371,29441,1350,False
PO02661,CA023,CR0543,2025-03-08,instagram,reel,608,1277,2355,2493,0,False
PO02662,CA023,CR0993,2025-03-08,instagram,carousel,483,1333,2494,2545,0,False
PO02663,CA023,CR0525,2025-03-08,instagram,long_form,100,113,227,262,0,False
PO02664,CA023,CR0826,2025-03-08,instagram,short,136,227,421,495,0,False
PO02665,CA023,CR0309,2025-03-08,instagram,reel,100,279,2116,2320,0,True
PO02666,CA023,CR0584,2025-03-08,instagram,short,118,236,371,451,0,False
PO02667,CA023,CR0695,2025-03-08,instagram,reel,322,660,1374,1655,0,False
PO02668,CA023,CR0905,2025-03-08,instagram,long_form,10825,25138,37979,41741,1350,False
PO02669,CA023,CR0564,2025-03-08,instagram,reel,516,1153,1748,1846,0,False
PO02670,CA023,CR0832,2025-03-08,instagram,short,169,2712,12328,15569,350,True
PO02671,CA023,CR0428,2025-03-08,instagram,reel,834,1453,2966,3546,0,False
PO02672,CA023,CR0384,2025-03-08,instagram,reel,1564,3438,5276,5621,0,False
PO02673,CA023,CR0535,2025-03-08,instagram,reel,100,112,217,262,0,False
PO02674,CA023,CR0218,2025-03-08,instagram,reel,210,339,697,818,0,False
PO02675,CA023,CR0315,2025-03-08,instagram,long_form,100,236,384,376,0,False
PO02676,CA023,CR0919,2025-03-08,instagram,short,2857,4713,10895,12104,350,False
PO02677,CA023,CR0583,2025-03-08,instagram,long_form,1840,4648,6857,7966,350,False
PO02678,CA023,CR0949,2025-03-08,instagram,reel,1307,7171,10326,11200,350,False
PO02679,CA023,CR0078,2025-03-08,instagram,long_form,739,1458,2541,2947,0,False
PO02680,CA023,CR0334,2025-03-08,instagram,reel,175,398,1030,1054,0,False
PO02681,CA023,CR0307,2025-03-08,instagram,reel,31819,113208,162569,170856,3300,False
PO02682,CA023,CR1091,2025-03-08,instagram,short,107,189,466,470,0,False
PO02683,CA023,CR0639,2025-03-08,instagram,carousel,113,307,608,677,0,False
PO02684,CA023,CR0026,2025-03-08,instagram,short,100,100,161,188,0,False
PO02685,CA023,CR1131,2025-03-08,instagram,short,345,499,1190,1288,0,False
PO02686,CA023,CR0327,2025-03-08,instagram,reel,344,1856,2639,2994,0,False
PO02687,CA023,CR0711,2025-03-08,instagram,short,1866,6915,9719,10003,350,False
PO02688,CA023,CR0449,2025-03-08,instagram,reel,586,1381,2104,2469,0,False
PO02689,CA023,CR0574,2025-03-08,instagram,long_form,1330,3764,4411,5459,0,False
PO02690,CA023,CR0369,2025-03-08,instagram,reel,310,1141,1838,2041,0,False
PO02691,CA023,CR0107,2025-03-08,instagram,carousel,172,349,755,782,0,False
PO02692,CA023,CR1089,2025-03-08,instagram,short,218,626,729,897,0,False
PO02693,CA023,CR0189,2025-03-08,instagram,reel,895,4479,22186,28143,1350,True
PO02694,CA023,CR0153,2025-03-08,instagram,short,519,1351,1996,2134,0,False
PO02695,CA023,CR0886,2025-03-08,instagram,reel,39498,206067,301104,307739,11600,False
PO02696,CA023,CR0940,2025-03-08,instagram,reel,227,501,745,888,0,False
PO02697,CA023,CR0657,2025-03-08,instagram,short,257,1286,1770,1934,0,False
PO02698,CA023,CR1109,2025-03-08,instagram,reel,184,460,983,1070,0,False
PO02699,CA023,CR0628,2025-03-08,instagram,reel,130,424,769,862,0,False
PO02700,CA023,CR0466,2025-03-08,instagram,short,460,2670,4359,5312,0,False
PO02701,CA023,CR0620,2025-03-08,instagram,reel,100,119,212,247,0,False
PO02702,CA023,CR0202,2025-03-08,instagram,carousel,100,165,770,827,0,True
PO02703,CA023,CR0539,2025-03-08,instagram,reel,100,284,501,559,0,False
PO02704,CA023,CR0496,2025-03-08,instagram,reel,1088,2013,4567,5673,0,False
PO02705,CA023,CR0221,2025-03-08,instagram,long_form,1345,5749,12181,13362,350,False
PO02706,CA023,CR0374,2025-03-08,instagram,reel,508,1199,1837,2140,0,False
PO02707,CA023,CR0738,2025-03-08,instagram,long_form,200,535,894,938,0,False
PO02708,CA023,CR0737,2025-03-08,instagram,reel,100,435,910,910,0,False
PO02709,CA023,CR1076,2025-03-08,instagram,reel,234,897,1414,1427,0,False
PO02710,CA024,CR0355,2025-03-11,youtube,carousel,100,291,439,493,0,False
PO02711,CA024,CR0082,2025-03-11,youtube,short,3823,14806,26222,26684,700,False
PO02712,CA024,CR0480,2025-03-11,youtube,short,774,2717,6118,7576,0,False
PO02713,CA024,CR0125,2025-03-11,youtube,long_form,461,966,2029,2000,0,False
PO02714,CA024,CR0992,2025-03-11,youtube,long_form,4853,10364,16467,19895,700,False
PO02715,CA024,CR0149,2025-03-11,youtube,short,1551,4417,5589,6602,0,False
PO02716,CA024,CR0123,2025-03-11,youtube,carousel,111,359,682,773,0,False
PO02717,CA024,CR1025,2025-03-11,youtube,short,126,402,489,605,0,False
PO02718,CA024,CR0439,2025-03-11,youtube,reel,122,419,517,607,0,False
PO02719,CA024,CR0485,2025-03-11,youtube,short,1213,4202,5453,6212,0,False
PO02720,CA024,CR1122,2025-03-11,youtube,short,980,1685,3531,3902,0,False
PO02721,CA024,CR1154,2025-03-11,youtube,short,5172,20598,30787,31583,700,False
PO02722,CA024,CR0929,2025-03-11,youtube,short,350,1080,2436,2463,0,False
PO02723,CA024,CR0669,2025-03-11,youtube,short,4084,10919,15954,18199,700,False
PO02724,CA024,CR0782,2025-03-11,youtube,short,100,288,377,440,0,False
PO02725,CA024,CR1083,2025-03-11,youtube,long_form,665,2166,2545,3135,0,False
PO02726,CA024,CR0640,2025-03-11,youtube,reel,206,317,841,859,0,False
PO02727,CA024,CR0037,2025-03-11,youtube,short,5137,10106,19065,18552,700,False
PO02728,CA024,CR0114,2025-03-11,youtube,short,109,283,562,618,0,False
PO02729,CA024,CR0725,2025-03-11,youtube,long_form,100,118,193,236,0,False
PO02730,CA024,CR0373,2025-03-11,youtube,reel,2023,5903,13601,15384,700,False
PO02731,CA024,CR0433,2025-03-11,youtube,long_form,661,1098,2925,2917,0,False
PO02732,CA024,CR0196,2025-03-11,youtube,short,100,348,827,853,0,False
PO02733,CA024,CR1141,2025-03-11,youtube,short,940,2827,3549,4248,0,False
PO02734,CA024,CR0923,2025-03-11,youtube,long_form,2032,7837,12988,15360,700,False
PO02735,CA024,CR0925,2025-03-11,youtube,long_form,1536,7831,10692,11770,700,False
PO02736,CA024,CR0870,2025-03-11,youtube,short,752,2273,3198,3662,0,False
PO02737,CA024,CR0263,2025-03-11,youtube,short,182,806,1606,1633,0,False
PO02738,CA024,CR0087,2025-03-11,youtube,short,35128,125576,207711,207750,6900,False
PO02739,CA024,CR0768,2025-03-11,youtube,short,141,335,488,608,0,False
PO02740,CA024,CR0407,2025-03-11,youtube,short,100,156,344,408,0,False
PO02741,CA024,CR0095,2025-03-11,youtube,short,566,2686,6226,6048,0,False
PO02742,CA024,CR1038,2025-03-11,youtube,short,100,187,481,520,0,False
PO02743,CA024,CR0390,2025-03-11,youtube,short,16618,39332,81788,94148,6900,False
PO02744,CA024,CR1039,2025-03-11,youtube,short,14328,89416,139908,151423,6900,False
PO02745,CA024,CR0358,2025-03-11,youtube,long_form,438,2085,3076,3420,0,False
PO02746,CA024,CR0409,2025-03-11,youtube,short,2732,5505,10846,11825,700,False
PO02747,CA024,CR0052,2025-03-11,youtube,short,6145,17483,49549,48922,2750,False
PO02748,CA024,CR0081,2025-03-11,youtube,reel,2398,5608,12999,13411,700,False
PO02749,CA024,CR0625,2025-03-11,youtube,short,719,2964,4375,5159,0,False
PO02750,CA024,CR0162,2025-03-11,youtube,short,100,195,324,366,0,False
PO02751,CA024,CR0271,2025-03-11,youtube,short,218,1101,6787,8482,0,True
PO02752,CA024,CR0382,2025-03-11,youtube,short,199,1070,2040,2094,0,False
PO02753,CA024,CR0311,2025-03-11,youtube,short,364,795,1992,2107,0,False
PO02754,CA024,CR0696,2025-03-11,youtube,short,110,657,961,1197,0,False
PO02755,CA024,CR0462,2025-03-11,youtube,long_form,780,3260,6260,6230,0,False
PO02756,CA024,CR0827,2025-03-11,youtube,short,220,686,1159,1133,0,False
PO02757,CA024,CR0209,2025-03-11,youtube,carousel,203,573,927,996,0,False
PO02758,CA024,CR0258,2025-03-11,youtube,short,373,893,1237,1390,0,False
PO02759,CA024,CR0859,2025-03-11,youtube,short,100,505,816,843,0,False
PO02760,CA024,CR1200,2025-03-11,youtube,short,2197,6112,8262,9059,0,False
PO02761,CA024,CR0052,2025-03-11,youtube,long_form,124,455,1025,1129,0,False
PO02762,CA024,CR0671,2025-03-11,youtube,long_form,409,737,1454,1751,0,False
PO02763,CA024,CR0926,2025-03-11,youtube,long_form,100,196,361,387,0,False
PO02764,CA024,CR0742,2025-03-11,youtube,long_form,1987,3856,5863,7244,0,False
PO02765,CA024,CR0675,2025-03-11,youtube,short,100,452,838,897,0,False
PO02766,CA024,CR0668,2025-03-11,youtube,long_form,224,519,897,892,0,False
PO02767,CA024,CR0894,2025-03-11,youtube,long_form,269,1094,1330,1578,0,False
PO02768,CA024,CR1058,2025-03-11,youtube,long_form,362,847,5575,7278,0,True
PO02769,CA024,CR0407,2025-03-11,youtube,short,1204,2553,6557,6838,0,False
PO02770,CA024,CR1019,2025-03-11,youtube,long_form,100,167,398,457,0,False
PO02771,CA024,CR1183,2025-03-11,youtube,long_form,1409,2542,5340,5255,0,False
PO02772,CA024,CR1075,2025-03-11,youtube,long_form,1143,4432,9078,10637,700,False
PO02773,CA024,CR0045,2025-03-11,youtube,short,100,100,100,100,0,False
PO02774,CA024,CR0463,2025-03-11,youtube,long_form,173,454,895,890,0,False
PO02775,CA024,CR0346,2025-03-11,youtube,short,569,1825,2810,3411,0,False
PO02776,CA024,CR0023,2025-03-11,youtube,short,100,100,159,159,0,False
PO02777,CA024,CR1139,2025-03-11,youtube,short,5106,14260,22176,23224,700,False
PO02778,CA024,CR0154,2025-03-11,youtube,short,557,1067,2176,2191,0,False
PO02779,CA024,CR0954,2025-03-11,youtube,short,162,631,1551,1604,0,False
PO02780,CA024,CR0421,2025-03-11,youtube,carousel,100,242,1571,1783,0,True
PO02781,CA024,CR0541,2025-03-11,youtube,reel,12154,44007,60094,72506,2750,False
PO02782,CA024,CR0286,2025-03-11,youtube,short,505,1135,1549,1924,0,False
PO02783,CA024,CR0342,2025-03-11,youtube,reel,1217,3004,4432,5308,0,False
PO02784,CA024,CR0328,2025-03-11,youtube,long_form,273,849,1589,1700,0,False
PO02785,CA024,CR0961,2025-03-11,youtube,short,1815,4252,7681,8423,0,False
PO02786,CA024,CR0025,2025-03-11,youtube,reel,3026,10258,14722,15260,700,False
PO02787,CA024,CR1012,2025-03-11,youtube,long_form,361,799,1389,1377,0,False
PO02788,CA024,CR1005,2025-03-11,youtube,short,6993,24508,44449,43833,2750,False
PO02789,CA024,CR0270,2025-03-11,youtube,long_form,373,2039,4423,4313,0,False
PO02790,CA024,CR1023,2025-03-11,youtube,long_form,264,2139,3000,3123,0,False
PO02791,CA024,CR0197,2025-03-11,youtube,reel,235,515,960,1132,0,False
PO02792,CA024,CR1026,2025-03-11,youtube,short,1136,2060,4381,4650,0,False
PO02793,CA024,CR0117,2025-03-11,youtube,short,602,1498,3197,3551,0,False
PO02794,CA024,CR1128,2025-03-11,youtube,short,1331,4215,6198,7108,0,False
PO02795,CA024,CR0524,2025-03-11,youtube,short,6971,15004,27708,32058,700,False
PO02796,CA024,CR1138,2025-03-11,youtube,short,4622,7859,19461,22166,700,False
PO02797,CA024,CR0159,2025-03-11,youtube,short,227,854,1469,1587,0,False
PO02798,CA024,CR0789,2025-03-11,youtube,long_form,1522,4566,7763,7550,0,False
PO02799,CA024,CR0375,2025-03-11,youtube,short,1192,2535,3602,4299,0,False
PO02800,CA024,CR0808,2025-03-11,youtube,short,979,2497,3690,4323,0,False
PO02801,CA024,CR0922,2025-03-11,youtube,carousel,100,281,378,424,0,False
PO02802,CA024,CR0345,2025-03-11,youtube,carousel,194,457,937,971,0,False
PO02803,CA024,CR0039,2025-03-11,youtube,reel,393,1376,3352,3805,0,False
PO02804,CA024,CR0833,2025-03-11,youtube,short,19911,31112,78485,81188,2750,False
PO02805,CA024,CR0562,2025-03-11,youtube,reel,712,2463,4379,4554,0,False
PO02806,CA024,CR0098,2025-03-11,youtube,short,192,1069,1588,1699,0,False
PO02807,CA024,CR0549,2025-03-11,youtube,short,200,702,885,1014,0,False
PO02808,CA024,CR0758,2025-03-11,youtube,long_form,2231,8279,10909,11968,700,False
PO02809,CA024,CR0411,2025-03-11,youtube,long_form,639,1555,2481,2636,0,False
PO02810,CA024,CR1126,2025-03-11,youtube,short,451,2017,2915,3063,0,False
PO02811,CA024,CR0566,2025-03-11,youtube,short,891,2273,5413,5432,0,False
PO02812,CA024,CR1189,2025-03-11,youtube,short,7715,13132,24365,27646,700,False
PO02813,CA024,CR0830,2025-03-11,youtube,carousel,260,555,1133,1274,0,False
PO02814,CA024,CR0531,2025-03-11,youtube,long_form,7899,34157,69238,69721,2750,False
PO02815,CA024,CR0849,2025-03-11,youtube,long_form,864,4025,10123,10203,700,False
PO02816,CA024,CR0688,2025-03-11,youtube,short,2875,5743,12135,12047,700,False
PO02817,CA024,CR0164,2025-03-11,youtube,short,785,4961,6683,7102,0,False
PO02818,CA024,CR1198,2025-03-11,youtube,long_form,763,1928,3001,3000,0,False
PO02819,CA024,CR0635,2025-03-11,youtube,short,118,436,791,821,0,False
PO02820,CA024,CR0429,2025-03-11,youtube,short,80044,138561,289123,290481,6900,False
PO02821,CA024,CR0099,2025-03-11,youtube,long_form,29021,66019,87481,108416,6900,False
PO02822,CA024,CR0200,2025-03-11,youtube,short,100,454,1141,1160,0,False
PO02823,CA024,CR1173,2025-03-11,youtube,short,354,525,1439,1449,0,False
PO02824,CA024,CR0187,2025-03-11,youtube,long_form,587,1395,2102,2243,0,False
PO02825,CA024,CR0996,2025-03-11,youtube,short,847,2716,4265,5185,0,False
PO02826,CA024,CR0809,2025-03-11,youtube,long_form,100,169,325,387,0,False
PO02827,CA024,CR0925,2025-03-11,youtube,long_form,469,1835,4433,4603,0,False
PO02828,CA024,CR1026,2025-03-11,youtube,short,2417,7795,10147,12317,700,False
PO02829,CA024,CR0278,2025-03-11,youtube,short,2600,6430,9975,11575,700,False
PO02830,CA024,CR1083,2025-03-11,youtube,short,1571,3001,7303,8558,0,False
PO02831,CA024,CR0066,2025-03-11,youtube,short,231,349,732,858,0,False
PO02832,CA024,CR0263,2025-03-11,youtube,long_form,100,211,316,367,0,False
PO02833,CA024,CR1094,2025-03-11,youtube,long_form,1009,3333,6472,6290,0,False
PO02834,CA024,CR0298,2025-03-11,youtube,short,465,2470,3725,3756,0,False
PO02835,CA024,CR0462,2025-03-11,youtube,reel,1389,6068,9663,10661,700,False
PO02836,CA024,CR0308,2025-03-11,youtube,short,118714,271889,516772,534847,24100,False
PO02837,CA024,CR0579,2025-03-11,youtube,short,415,1133,1918,2207,0,False
PO02838,CA024,CR0866,2025-03-11,youtube,reel,166,807,5689,6489,0,True
PO02839,CA024,CR0723,2025-03-11,youtube,long_form,100,363,704,811,0,False
PO02840,CA024,CR1169,2025-03-11,youtube,reel,109,362,527,547,0,False
PO02841,CA024,CR0840,2025-03-11,youtube,short,2190,4752,8318,10027,700,False
PO02842,CA024,CR1043,2025-03-11,youtube,long_form,757,1313,2752,2707,0,False
PO02843,CA024,CR1087,2025-03-11,youtube,short,100,100,186,187,0,False
PO02844,CA024,CR0268,2025-03-11,youtube,short,22312,66689,110936,124000,6900,False
PO02845,CA024,CR0419,2025-03-11,youtube,reel,1365,6132,9953,10765,700,False
PO02846,CA024,CR0376,2025-03-11,youtube,short,2882,7650,10008,11259,700,False
PO02847,CA024,CR0250,2025-03-11,youtube,reel,459,1299,2447,2575,0,False
PO02848,CA024,CR0531,2025-03-11,youtube,short,2288,10385,13615,15431,700,False
PO02849,CA024,CR0257,2025-03-11,youtube,reel,216,604,922,1126,0,False
PO02850,CA024,CR0985,2025-03-11,youtube,short,382,1293,2383,2460,0,False
PO02851,CA024,CR0368,2025-03-11,youtube,short,2645,12360,18408,22008,700,False
PO02852,CA024,CR0113,2025-03-11,youtube,long_form,940,1789,3063,3723,0,False
PO02853,CA024,CR0770,2025-03-11,youtube,long_form,248,888,1644,1788,0,False
PO02854,CA024,CR0816,2025-03-11,youtube,long_form,56319,156478,196799,241954,6900,False
PO02855,CA024,CR1110,2025-03-11,youtube,short,1488,4013,6421,6401,0,False
PO02856,CA024,CR0150,2025-03-11,youtube,short,622,2319,4448,4830,0,False
PO02857,CA024,CR0857,2025-03-11,youtube,short,381,2043,2892,3327,0,False
PO02858,CA024,CR0811,2025-03-11,youtube,short,349,1451,1992,2273,0,False
PO02859,CA024,CR1163,2025-03-11,youtube,short,100,100,441,524,0,True
PO02860,CA024,CR0065,2025-03-11,youtube,short,1205,2369,5141,5272,0,False
PO02861,CA024,CR0042,2025-03-11,youtube,reel,100,123,289,287,0,False
PO02862,CA024,CR0893,2025-03-11,youtube,short,100,152,297,358,0,False
PO02863,CA024,CR0670,2025-03-11,youtube,short,4170,13529,15980,19904,700,False
PO02864,CA024,CR1001,2025-03-11,youtube,long_form,592,1431,2745,2710,0,False
PO02865,CA024,CR0781,2025-03-11,youtube,short,1091,2170,4272,4169,0,False
PO02866,CA024,CR1162,2025-03-11,youtube,short,1292,3038,5573,5701,0,False
PO02867,CA024,CR0432,2025-03-11,youtube,reel,3429,6181,14341,16526,700,False
PO02868,CA024,CR0734,2025-03-11,youtube,short,1008,2324,3513,3950,0,False
PO02869,CA024,CR0689,2025-03-11,youtube,carousel,368,838,1422,1702,0,False
PO02870,CA024,CR0468,2025-03-11,youtube,short,1339,3270,4707,5040,0,False
PO02871,CA024,CR0096,2025-03-11,youtube,reel,577,1249,1916,2379,0,False
PO02872,CA024,CR1058,2025-03-11,youtube,reel,122,265,630,689,0,False
PO02873,CA024,CR0558,2025-03-11,youtube,long_form,172,596,729,883,0,False
PO02874,CA024,CR0366,2025-03-11,youtube,short,6300,14575,20273,24314,700,False
PO02875,CA024,CR0817,2025-03-11,youtube,long_form,122,539,941,935,0,False
PO02876,CA024,CR0247,2025-03-11,youtube,reel,1598,3701,8406,10210,700,False
PO02877,CA024,CR0117,2025-03-11,youtube,short,1153,5098,8922,9315,0,False
PO02878,CA024,CR0030,2025-03-11,youtube,short,2002,9537,22519,22267,700,False
PO02879,CA024,CR0972,2025-03-11,youtube,long_form,908,3050,4495,4398,0,False
PO02880,CA024,CR0586,2025-03-11,youtube,short,498,1310,2539,2677,0,False
PO02881,CA024,CR0122,2025-03-11,youtube,reel,119,558,962,978,0,False
PO02882,CA024,CR0393,2025-03-11,youtube,short,346,1331,2358,2586,0,False
PO02883,CA024,CR0775,2025-03-11,youtube,short,742,2397,4266,4818,0,False
PO02884,CA024,CR1009,2025-03-11,youtube,short,344,955,1303,1416,0,False
PO02885,CA024,CR0382,2025-03-11,youtube,long_form,830,2644,6351,7044,0,False
PO02886,CA024,CR1174,2025-03-11,youtube,short,1110,4580,7588,9408,700,False
PO02887,CA024,CR0142,2025-03-11,youtube,short,609,3926,5607,6544,0,False
PO02888,CA024,CR0467,2025-03-11,youtube,short,3318,17589,25413,31126,700,False
PO02889,CA024,CR0223,2025-03-11,youtube,long_form,284,1270,1975,2123,0,False
PO02890,CA024,CR0344,2025-03-11,youtube,reel,521,1290,1740,2016,0,False
PO02891,CA024,CR0844,2025-03-11,youtube,short,400,1736,3587,3770,0,False
PO02892,CA024,CR0293,2025-03-11,youtube,reel,2027,5992,9423,10993,700,False
PO02893,CA024,CR0843,2025-03-11,youtube,short,177,238,581,649,0,False
PO02894,CA024,CR0634,2025-03-11,youtube,long_form,126,310,629,766,0,False
PO02895,CA024,CR0587,2025-03-11,youtube,short,186,379,877,970,0,False
PO02896,CA024,CR0212,2025-03-11,youtube,short,1282,3940,7893,8206,0,False
PO02897,CA024,CR0108,2025-03-11,youtube,short,100,377,1855,2372,0,True
PO02898,CA024,CR0955,2025-03-11,youtube,short,1724,3093,5364,6278,0,False
PO02899,CA024,CR0703,2025-03-11,youtube,short,4941,13038,19486,20687,700,False
PO02900,CA024,CR0378,2025-03-11,youtube,short,635,2565,6008,5843,0,False
PO02901,CA024,CR1183,2025-03-11,youtube,carousel,136,767,1067,1322,0,False
PO02902,CA025,CR0781,2025-03-14,youtube,short,322,1110,1539,1626,0,False
PO02903,CA025,CR0099,2025-03-14,youtube,reel,32309,64140,141334,144980,4850,False
PO02904,CA025,CR0103,2025-03-14,youtube,long_form,6498,15557,30357,34553,500,False
PO02905,CA025,CR0093,2025-03-14,youtube,short,607,2309,11918,14896,500,True
PO02906,CA025,CR0758,2025-03-14,youtube,long_form,268,869,2154,2116,0,False
PO02907,CA025,CR1005,2025-03-14,youtube,long_form,11714,44521,59902,74674,1950,False
PO02908,CA025,CR0087,2025-03-14,youtube,short,7513,26960,36285,44140,1950,False
PO02909,CA025,CR1037,2025-03-14,youtube,short,880,2844,5366,5916,0,False
PO02910,CA025,CR1154,2025-03-14,youtube,short,3274,14280,24166,30207,500,False
PO02911,CA025,CR0141,2025-03-14,youtube,reel,51767,179912,311036,366671,17000,False
PO02912,CA025,CR0492,2025-03-14,youtube,reel,1887,5625,7988,8541,0,False
PO02913,CA025,CR0575,2025-03-14,youtube,short,2416,8400,13530,14845,500,False
PO02914,CA025,CR1140,2025-03-14,youtube,short,799,2704,5175,5498,0,False
PO02915,CA025,CR1199,2025-03-14,youtube,long_form,9099,36493,54116,65684,1950,False
PO02916,CA025,CR0268,2025-03-14,youtube,short,3619,6893,13263,13898,500,False
PO02917,CA025,CR0283,2025-03-14,youtube,short,140,908,1283,1348,0,False
PO02918,CA025,CR0354,2025-03-14,youtube,short,7922,16737,33384,33887,500,False
PO02919,CA025,CR0498,2025-03-14,youtube,short,1578,3555,5499,5717,0,False
PO02920,CA025,CR0450,2025-03-14,youtube,short,680,1316,3388,3534,0,False
PO02921,CA025,CR0979,2025-03-14,youtube,reel,15953,26982,52513,62562,1950,False
PO02922,CA025,CR0073,2025-03-14,youtube,short,3215,10579,15389,15861,500,False
PO02923,CA025,CR0288,2025-03-14,youtube,short,216,695,827,1004,0,False
PO02924,CA025,CR0348,2025-03-14,youtube,short,18262,34044,64196,66525,1950,False
PO02925,CA025,CR0573,2025-03-14,youtube,short,2185,11791,15517,19282,500,False
PO02926,CA025,CR0581,2025-03-14,youtube,short,6770,19668,37133,44234,1950,False
PO02927,CA025,CR0670,2025-03-14,youtube,short,6829,12599,28204,27959,500,False
PO02928,CA025,CR0216,2025-03-14,youtube,short,5812,39640,61152,69675,1950,False
PO02929,CA025,CR0757,2025-03-14,youtube,short,3010,7157,16266,18824,500,False
PO02930,CA025,CR0797,2025-03-14,youtube,short,825,2967,5805,5707,0,False
PO02931,CA025,CR0278,2025-03-14,youtube,reel,2156,9474,14226,15261,500,False
PO02932,CA025,CR0795,2025-03-14,youtube,short,148,628,978,1028,0,False
PO02933,CA025,CR1069,2025-03-14,youtube,long_form,444,2983,3882,4751,0,False
PO02934,CA025,CR0261,2025-03-14,youtube,short,451,2709,4003,4815,0,False
PO02935,CA025,CR0665,2025-03-14,youtube,long_form,459,1878,3686,3588,0,False
PO02936,CA025,CR0664,2025-03-14,youtube,reel,4390,12841,21830,24124,500,False
PO02937,CA025,CR0773,2025-03-14,youtube,short,2332,3573,8828,8584,0,False
PO02938,CA025,CR0827,2025-03-14,youtube,short,330,1576,2095,2556,0,False
PO02939,CA025,CR0454,2025-03-14,youtube,short,2700,5614,9260,10585,500,False
PO02940,CA025,CR0095,2025-03-14,youtube,long_form,2082,12486,15788,17889,500,False
PO02941,CA025,CR0920,2025-03-14,youtube,short,23908,60643,81604,89008,1950,False
PO02942,CA025,CR0488,2025-03-14,youtube,short,1664,5368,6547,7798,0,False
PO02943,CA025,CR0059,2025-03-14,youtube,reel,3799,14778,31046,32421,500,False
PO02944,CA025,CR1161,2025-03-14,youtube,short,2830,9307,15124,15954,500,False
PO02945,CA025,CR0447,2025-03-14,youtube,reel,9538,24256,29895,36760,500,False
PO02946,CA025,CR0623,2025-03-14,youtube,long_form,271,2003,8821,10736,500,True
PO02947,CA025,CR1039,2025-03-14,youtube,short,1106,4174,5610,6268,0,False
PO02948,CA025,CR0190,2025-03-14,youtube,short,2198,7614,10740,12560,500,False
PO02949,CA025,CR0345,2025-03-14,youtube,short,106,301,497,513,0,False
PO02950,CA025,CR0946,2025-03-14,youtube,short,1344,4388,7597,8500,0,False
PO02951,CA025,CR1107,2025-03-14,youtube,reel,288,1182,2519,2679,0,False
PO02952,CA025,CR0869,2025-03-14,youtube,short,1195,1810,4517,4801,0,False
PO02953,CA025,CR0468,2025-03-14,youtube,short,990,1622,3185,3917,0,False
PO02954,CA025,CR0102,2025-03-14,youtube,long_form,749,2733,4482,5532,0,False
PO02955,CA025,CR0264,2025-03-14,youtube,short,737,1224,2643,2794,0,False
PO02956,CA025,CR0615,2025-03-14,youtube,short,11093,31782,51416,51285,1950,False
PO02957,CA025,CR0712,2025-03-14,youtube,long_form,988,6634,9288,11019,500,False
PO02958,CA025,CR0308,2025-03-14,youtube,long_form,20168,78718,132672,147573,4850,False
PO02959,CA025,CR0306,2025-03-14,youtube,short,759,1417,2810,3509,0,False
PO02960,CA025,CR0388,2025-03-14,youtube,long_form,1375,5000,7235,7402,0,False
PO02961,CA025,CR0580,2025-03-14,youtube,long_form,100,144,223,239,0,False
PO02962,CA025,CR0768,2025-03-14,youtube,short,208,511,1161,1299,0,False
PO02963,CA025,CR0295,2025-03-14,youtube,short,3940,10368,12212,15053,500,False
PO02964,CA025,CR0467,2025-03-14,youtube,short,580,1224,2757,3246,0,False
PO02965,CA025,CR0883,2025-03-14,youtube,short,1692,2397,6389,6655,0,False
PO02966,CA025,CR1067,2025-03-14,youtube,short,3333,22864,31704,33174,500,False
PO02967,CA025,CR0458,2025-03-14,youtube,short,294,1172,2728,2797,0,False
PO02968,CA025,CR0444,2025-03-14,youtube,short,1551,4154,5897,6589,0,False
PO02969,CA025,CR0885,2025-03-14,youtube,short,1012,5221,8475,9233,0,False
PO02970,CA025,CR0625,2025-03-14,youtube,long_form,1896,5425,8155,9112,0,False
PO02971,CA025,CR0592,2025-03-14,youtube,short,554,793,1893,2035,0,False
PO02972,CA025,CR0408,2025-03-14,youtube,reel,100,100,102,113,0,False
PO02973,CA025,CR0632,2025-03-14,youtube,reel,4730,18280,32884,35936,500,False
PO02974,CA025,CR0714,2025-03-14,youtube,long_form,100,100,100,118,0,False
PO02975,CA025,CR0948,2025-03-14,youtube,long_form,1530,5948,7866,9243,0,False
PO02976,CA025,CR0680,2025-03-14,youtube,short,7082,24710,37061,39022,500,False
PO02977,CA025,CR0888,2025-03-14,youtube,long_form,881,2476,4118,4403,0,False
PO02978,CA025,CR0429,2025-03-14,youtube,long_form,612,2279,5072,6065,0,False
PO02979,CA025,CR0971,2025-03-14,youtube,short,1615,4101,5697,6167,0,False
PO02980,CA025,CR0812,2025-03-14,youtube,short,1823,3962,10956,11244,500,False
PO02981,CA025,CR0337,2025-03-14,youtube,short,28571,77491,143770,168530,4850,False
PO02982,CA025,CR0208,2025-03-14,youtube,reel,2379,17139,26638,27019,500,False
PO02983,CA025,CR0736,2025-03-14,youtube,short,2303,10755,17654,20249,500,False
PO02984,CA025,CR0704,2025-03-14,youtube,short,447,1434,3642,3631,0,False
PO02985,CA025,CR1114,2025-03-14,youtube,reel,1885,3703,7014,8180,0,False
PO02986,CA025,CR1075,2025-03-14,youtube,short,2911,14580,24417,26226,500,False
PO02987,CA025,CR0887,2025-03-14,youtube,short,7170,13090,23019,25977,500,False
PO02988,CA025,CR0332,2025-03-14,youtube,carousel,1635,4589,8213,8105,0,False
PO02989,CA025,CR0906,2025-03-14,youtube,short,9574,14245,31830,38542,500,False
PO02990,CA025,CR0478,2025-03-14,youtube,long_form,1306,5169,12263,12618,500,False
PO02991,CA025,CR0522,2025-03-14,youtube,carousel,100,100,882,942,0,True
PO02992,CA025,CR0144,2025-03-14,youtube,long_form,3747,30451,35380,44098,1950,False
PO02993,CA025,CR0699,2025-03-14,youtube,long_form,1796,5277,10651,11113,500,False
PO02994,CA025,CR0871,2025-03-14,youtube,short,2266,9464,14152,14079,500,False
PO02995,CA025,CR0559,2025-03-14,youtube,short,636,2390,6463,6518,0,False
PO02996,CA025,CR0944,2025-03-14,youtube,short,325,2118,3709,3960,0,False
PO02997,CA026,CR0489,2025-03-17,instagram,reel,2278,8059,13579,13769,850,False
PO02998,CA026,CR0698,2025-03-17,instagram,short,253,789,1039,1193,0,False
PO02999,CA026,CR0763,2025-03-17,instagram,short,1697,6637,14384,15040,850,False
PO03000,CA026,CR0005,2025-03-17,instagram,long_form,1247,4898,9613,9842,0,False
PO03001,CA026,CR0036,2025-03-17,instagram,reel,2733,8820,12309,14928,850,False
PO03002,CA026,CR0228,2025-03-17,instagram,reel,1485,5413,10098,10635,0,False
PO03003,CA026,CR1103,2025-03-17,instagram,reel,17258,37462,67582,68508,3500,False
PO03004,CA026,CR0609,2025-03-17,instagram,short,611,3753,5689,5670,0,False
PO03005,CA026,CR1113,2025-03-17,instagram,long_form,100,330,434,526,0,False
PO03006,CA026,CR0130,2025-03-17,instagram,short,11028,40569,70717,69986,3500,False
PO03007,CA026,CR0810,2025-03-17,instagram,reel,8961,21009,34004,36334,850,False
PO03008,CA026,CR0735,2025-03-17,instagram,reel,309,980,1790,2029,0,False
PO03009,CA026,CR0514,2025-03-17,instagram,reel,3269,10752,17238,19117,850,False
PO03010,CA026,CR0415,2025-03-17,instagram,long_form,4769,20403,28374,29527,850,False
PO03011,CA026,CR1033,2025-03-17,instagram,short,29841,54930,105979,109989,3500,False
PO03012,CA026,CR0135,2025-03-17,instagram,long_form,3522,9166,26188,25601,850,False
PO03013,CA026,CR0420,2025-03-17,instagram,long_form,1405,4628,10546,12690,850,False
PO03014,CA026,CR0192,2025-03-17,instagram,long_form,730,3087,5698,6234,0,False
PO03015,CA026,CR0222,2025-03-17,instagram,reel,10825,52957,77422,78353,3500,False
PO03016,CA026,CR0523,2025-03-17,instagram,long_form,30786,56736,151967,156130,8700,False
PO03017,CA026,CR0786,2025-03-17,instagram,reel,9929,19927,55893,55636,3500,False
PO03018,CA026,CR0391,2025-03-17,instagram,reel,849,4881,9234,9043,0,False
PO03019,CA026,CR1181,2025-03-17,instagram,carousel,181,1008,1373,1641,0,False
PO03020,CA026,CR0510,2025-03-17,instagram,reel,3464,14758,20373,24455,850,False
PO03021,CA026,CR0049,2025-03-17,instagram,short,45325,79619,181271,202968,8700,False
PO03022,CA026,CR1120,2025-03-17,instagram,reel,196921,752085,926751,1150590,30500,False
PO03023,CA026,CR0815,2025-03-17,instagram,long_form,3055,19430,29799,29593,850,False
PO03024,CA026,CR0146,2025-03-17,instagram,reel,15732,63440,114105,130044,8700,False
PO03025,CA026,CR0227,2025-03-17,instagram,reel,2724,12847,21837,23664,850,False
PO03026,CA026,CR0169,2025-03-17,instagram,reel,3811,13319,28350,28228,850,False
PO03027,CA026,CR0001,2025-03-17,instagram,reel,25340,59925,87668,100777,3500,False
PO03028,CA026,CR0361,2025-03-17,instagram,short,5207,28554,54739,59702,3500,False
PO03029,CA026,CR0240,2025-03-17,instagram,carousel,253,961,1632,1806,0,False
PO03030,CA026,CR0115,2025-03-17,instagram,reel,16458,31083,61650,62168,3500,False
PO03031,CA026,CR1090,2025-03-17,instagram,short,143,547,1271,1264,0,False
PO03032,CA026,CR0941,2025-03-17,instagram,short,7109,37931,60555,73338,3500,False
PO03033,CA026,CR0207,2025-03-17,instagram,long_form,625,2170,3147,3431,0,False
PO03034,CA026,CR0691,2025-03-17,instagram,reel,100,447,2297,2902,0,True
PO03035,CA026,CR0821,2025-03-17,instagram,reel,2888,7739,20159,21108,850,False
PO03036,CA026,CR0508,2025-03-17,instagram,short,16410,45091,85568,91542,3500,False
PO03037,CA026,CR0320,2025-03-17,instagram,short,2986,6588,14139,14391,850,False
PO03038,CA026,CR0993,2025-03-17,instagram,reel,407,1067,1542,1877,0,False
PO03039,CA026,CR0053,2025-03-17,instagram,short,22454,143249,225630,226114,8700,False
PO03040,CA026,CR0677,2025-03-17,instagram,reel,5593,39316,45050,56239,3500,False
PO03041,CA026,CR0139,2025-03-17,instagram,long_form,126,409,853,859,0,False
PO03042,CA026,CR0831,2025-03-17,instagram,short,785,1329,2999,3626,0,False
PO03043,CA026,CR1074,2025-03-17,instagram,reel,7154,23470,36944,45023,850,False
PO03044,CA026,CR0529,2025-03-17,instagram,long_form,8880,14495,35988,36631,850,False
PO03045,CA026,CR1164,2025-03-17,instagram,reel,264,1538,9777,11172,0,True
PO03046,CA026,CR0932,2025-03-17,instagram,reel,19885,56289,67458,83192,3500,False
PO03047,CA026,CR1073,2025-03-17,instagram,reel,2827,6896,13174,13486,850,False
PO03048,CA026,CR0749,2025-03-17,instagram,reel,139272,351235,548899,541020,30500,False
PO03049,CA026,CR0340,2025-03-17,instagram,reel,1242,3924,6982,8181,0,False
PO03050,CA026,CR1104,2025-03-17,instagram,reel,5752,17868,36170,37868,850,False
PO03051,CA026,CR0760,2025-03-17,instagram,short,2284,4650,9800,10705,0,False
PO03052,CA026,CR0597,2025-03-17,instagram,reel,561,3948,4608,5708,0,False
PO03053,CA026,CR0793,2025-03-17,instagram,short,6351,9307,20885,25943,850,False
PO03054,CA026,CR0057,2025-03-17,instagram,short,2602,8331,40184,53425,3500,True
PO03055,CA026,CR0717,2025-03-17,instagram,reel,1391,6083,53019,56036,3500,True
PO03056,CA026,CR1106,2025-03-17,instagram,short,120,637,1000,982,0,False
PO03057,CA026,CR0189,2025-03-17,instagram,reel,1629,6272,9704,9765,0,False
PO03058,CA026,CR0495,2025-03-17,instagram,reel,2794,7380,13654,14085,850,False
PO03059,CA026,CR0832,2025-03-17,instagram,reel,6745,14293,33271,40193,850,False
PO03060,CA026,CR0610,2025-03-17,instagram,reel,102,445,731,761,0,False
PO03061,CA026,CR0605,2025-03-17,instagram,reel,2111,8600,15125,18034,850,False
PO03062,CA026,CR0943,2025-03-17,instagram,short,2449,12667,17745,19068,850,False
PO03063,CA026,CR0842,2025-03-17,instagram,short,7612,16172,33840,33315,850,False
PO03064,CA026,CR0412,2025-03-17,instagram,short,1510,8136,12529,15273,850,False
PO03065,CA026,CR0106,2025-03-17,instagram,short,20443,42645,85120,97449,3500,False
PO03066,CA026,CR0738,2025-03-17,instagram,reel,1257,4657,8462,8361,0,False
PO03067,CA026,CR0511,2025-03-17,instagram,short,1764,3472,5919,6900,0,False
PO03068,CA026,CR0155,2025-03-17,instagram,reel,1312,3251,4439,4717,0,False
PO03069,CA026,CR0822,2025-03-17,instagram,long_form,1823,4760,6106,7160,0,False
PO03070,CA026,CR0550,2025-03-17,instagram,reel,3350,8766,12512,12562,850,False
PO03071,CA026,CR0151,2025-03-17,instagram,long_form,5579,9598,26351,26816,850,False
PO03072,CA026,CR0452,2025-03-17,instagram,short,2290,6200,8275,9642,0,False
PO03073,CA026,CR1157,2025-03-17,instagram,long_form,1187,4203,6702,6654,0,False
PO03074,CA027,CR0093,2025-03-20,youtube,long_form,456,815,1690,1793,0,False
PO03075,CA027,CR0232,2025-03-20,youtube,long_form,1764,4097,7061,8157,0,False
PO03076,CA027,CR0182,2025-03-20,youtube,short,3624,7608,13578,16970,900,False
PO03077,CA027,CR0773,2025-03-20,youtube,long_form,12627,46685,90594,99376,9000,False
PO03078,CA027,CR0306,2025-03-20,youtube,long_form,1687,9347,12398,14460,900,False
PO03079,CA027,CR0971,2025-03-20,youtube,short,3420,7086,12044,15024,900,False
PO03080,CA027,CR0752,2025-03-20,youtube,long_form,10972,19266,39255,44240,3600,False
PO03081,CA027,CR0705,2025-03-20,youtube,short,10408,31011,56912,62419,3600,False
PO03082,CA027,CR0478,2025-03-20,youtube,short,1633,4501,8697,9305,0,False
PO03083,CA027,CR1075,2025-03-20,youtube,short,2558,4333,10992,11275,900,False
PO03084,CA027,CR0559,2025-03-20,youtube,short,24580,131613,186096,194972,9000,False
PO03085,CA027,CR0447,2025-03-20,youtube,long_form,2103,3134,8100,8764,0,False
PO03086,CA027,CR0979,2025-03-20,youtube,reel,6653,19047,27787,28809,900,False
PO03087,CA027,CR0581,2025-03-20,youtube,short,2216,6876,10260,10517,900,False
PO03088,CA027,CR0812,2025-03-20,youtube,long_form,1989,5644,8778,9484,0,False
PO03089,CA027,CR0308,2025-03-20,youtube,short,3284,13546,22672,27190,900,False
PO03090,CA027,CR0498,2025-03-20,youtube,reel,6179,9266,22657,26173,900,False
PO03091,CA027,CR1031,2025-03-20,youtube,reel,883,2601,26038,28624,900,True
PO03092,CA027,CR0465,2025-03-20,youtube,short,2827,10334,17978,18832,900,False
PO03093,CA027,CR0696,2025-03-20,youtube,short,100,325,474,501,0,False
PO03094,CA027,CR0217,2025-03-20,youtube,carousel,757,1801,3035,3660,0,False
PO03095,CA027,CR0768,2025-03-20,youtube,short,956,3031,3658,4471,0,False
PO03096,CA027,CR0348,2025-03-20,youtube,short,2377,11942,21759,22878,900,False
PO03097,CA027,CR0144,2025-03-20,youtube,short,3631,15754,19016,23601,900,False
PO03098,CA027,CR0560,2025-03-20,youtube,short,2100,7113,11568,12298,900,False
PO03099,CA027,CR0413,2025-03-20,youtube,short,8017,30969,37371,45054,3600,False
PO03100,CA027,CR0693,2025-03-20,youtube,long_form,6512,38499,69222,69726,3600,False
PO03101,CA027,CR0450,2025-03-20,youtube,short,8739,53487,84624,82506,3600,False
PO03102,CA027,CR0418,2025-03-20,youtube,reel,3421,20081,33959,35174,900,False
PO03103,CA027,CR0444,2025-03-20,youtube,short,992,4476,5804,7076,0,False
PO03104,CA027,CR0885,2025-03-20,youtube,short,4864,17754,23801,27611,900,False
PO03105,CA027,CR0598,2025-03-20,youtube,short,9144,39421,49675,60553,3600,False
PO03106,CA027,CR0095,2025-03-20,youtube,long_form,7916,15116,31258,34893,900,False
PO03107,CA027,CR1098,2025-03-20,youtube,short,41966,98949,195799,191187,9000,False
PO03108,CA027,CR0871,2025-03-20,youtube,long_form,923,2352,3994,4694,0,False
PO03109,CA027,CR1114,2025-03-20,youtube,short,4734,14761,30606,34644,900,False
PO03110,CA027,CR0141,2025-03-20,youtube,short,3253,16506,22458,23678,900,False
PO03111,CA027,CR0093,2025-03-20,youtube,reel,5266,12630,28862,29257,900,False
PO03112,CA027,CR0295,2025-03-20,youtube,reel,1843,4376,6150,7671,0,False
PO03113,CA027,CR0144,2025-03-20,youtube,short,9425,14483,39567,38930,900,False
PO03114,CA027,CR0559,2025-03-20,youtube,short,1524,5436,8763,9453,0,False
PO03115,CA027,CR0277,2025-03-20,youtube,long_form,1018,3185,4994,4934,0,False
PO03116,CA027,CR0818,2025-03-20,youtube,short,226,563,1348,1573,0,False
PO03117,CA027,CR0887,2025-03-20,youtube,short,12414,20766,48735,49306,3600,False
PO03118,CA027,CR0261,2025-03-20,youtube,long_form,1026,2543,6877,7140,0,False
PO03119,CA027,CR1199,2025-03-20,youtube,short,2908,6436,10479,12901,900,False
PO03120,CA027,CR0670,2025-03-20,youtube,long_form,103357,233181,377980,442379,31550,False
PO03121,CA027,CR1037,2025-03-20,youtube,long_form,736,1801,2769,3405,0,False
PO03122,CA027,CR0288,2025-03-20,youtube,short,570,2406,5175,5130,0,False
PO03123,CA027,CR1018,2025-03-20,youtube,reel,16268,39132,65817,64401,3600,False
PO03124,CA027,CR0467,2025-03-20,youtube,short,8885,32378,61801,63281,3600,False
PO03125,CA027,CR1062,2025-03-20,youtube,short,2531,4518,9769,11172,900,False
PO03126,CA027,CR0615,2025-03-20,youtube,short,3785,11274,28197,29595,900,False
PO03127,CA027,CR0099,2025-03-20,youtube,short,5327,28580,41856,47065,3600,False
PO03128,CA027,CR0653,2025-03-20,youtube,short,2005,4492,11807,12209,900,False
PO03129,CA027,CR1069,2025-03-20,youtube,short,681,1281,3415,3511,0,False
PO03130,CA027,CR0467,2025-03-20,youtube,short,188,1486,2302,2340,0,False
PO03131,CA027,CR0883,2025-03-20,youtube,reel,1967,6573,8522,9940,900,False
PO03132,CA027,CR0623,2025-03-20,youtube,reel,11696,56057,93891,95649,3600,False
PO03133,CA027,CR0268,2025-03-20,youtube,long_form,3774,10913,58094,76165,3600,True
PO03134,CA027,CR0458,2025-03-20,youtube,long_form,2316,8942,12084,15009,900,False
PO03135,CA027,CR0008,2025-03-20,youtube,long_form,3459,9059,21647,24334,900,False
PO03136,CA027,CR0208,2025-03-20,youtube,long_form,48784,194439,365414,397414,31550,False
PO03137,CA027,CR0581,2025-03-20,youtube,short,1305,5120,11420,13320,900,False
PO03138,CA027,CR0488,2025-03-20,youtube,short,1214,5113,32858,42054,3600,True
PO03139,CA027,CR0144,2025-03-20,youtube,short,2435,5421,7686,8759,0,False
PO03140,CA027,CR0468,2025-03-20,youtube,carousel,7213,16304,24845,26831,900,False
PO03141,CA027,CR0103,2025-03-20,youtube,short,1602,5333,11007,10724,900,False
PO03142,CA027,CR0190,2025-03-20,youtube,reel,4515,9912,20702,20814,900,False
PO03143,CA027,CR0757,2025-03-20,youtube,long_form,5879,32484,55131,58702,3600,False
PO03144,CA027,CR0322,2025-03-20,youtube,short,2929,9279,13611,16033,900,False
PO03145,CA027,CR0073,2025-03-20,youtube,short,498,1072,1682,1781,0,False
PO03146,CA027,CR0948,2025-03-20,youtube,short,268,715,1091,1195,0,False
PO03147,CA027,CR0455,2025-03-20,youtube,reel,100,100,183,203,0,True
PO03148,CA027,CR0699,2025-03-20,youtube,short,6840,47940,57405,69214,3600,False
PO03149,CA027,CR0125,2025-03-20,youtube,carousel,138,457,674,713,0,False
PO03150,CA027,CR0293,2025-03-20,youtube,long_form,17126,36899,54295,64143,3600,False
PO03151,CA027,CR0429,2025-03-20,youtube,short,4471,8513,17903,18682,900,False
PO03152,CA027,CR0008,2025-03-20,youtube,reel,15524,66706,112692,140823,9000,False
PO03153,CA027,CR0575,2025-03-20,youtube,reel,10623,39701,48923,59702,3600,False
PO03154,CA027,CR1151,2025-03-20,youtube,long_form,100,220,518,528,0,False
PO03155,CA027,CR1067,2025-03-20,youtube,long_form,5226,48551,239684,312059,9000,True
PO03156,CA027,CR0132,2025-03-20,youtube,short,13470,40126,77725,78343,3600,False
PO03157,CA027,CR0995,2025-03-20,youtube,short,10647,27575,46933,48641,3600,False
PO03158,CA027,CR0541,2025-03-20,youtube,short,826,2417,5917,5841,0,False
PO03159,CA027,CR0332,2025-03-20,youtube,long_form,982,1416,3374,3606,0,False
PO03160,CA027,CR0388,2025-03-20,youtube,short,1933,6485,17782,17467,900,False
PO03161,CA027,CR1015,2025-03-20,youtube,carousel,1554,4271,5340,6317,0,False
PO03162,CA027,CR0426,2025-03-20,youtube,short,28103,68771,109484,125801,9000,False
PO03163,CA027,CR0632,2025-03-20,youtube,short,6053,22557,35734,39856,3600,False
PO03164,CA027,CR0812,2025-03-20,youtube,short,2770,5334,10479,10262,900,False
PO03165,CA027,CR0888,2025-03-20,youtube,long_form,3803,10156,17548,18933,900,False
PO03166,CA027,CR1039,2025-03-20,youtube,short,5412,12910,117764,135919,9000,True
PO03167,CA027,CR0413,2025-03-20,youtube,reel,2571,11423,13645,17006,900,False
PO03168,CA027,CR0920,2025-03-20,youtube,short,664,2840,7556,7839,0,False
PO03169,CA027,CR0623,2025-03-20,youtube,short,1756,3775,7215,8073,0,False
PO03170,CA027,CR0944,2025-03-20,youtube,short,7418,29145,60161,69294,3600,False
PO03171,CA027,CR0757,2025-03-20,youtube,short,13599,47760,82745,102724,9000,False
PO03172,CA027,CR0492,2025-03-20,youtube,short,4584,7865,20196,20102,900,False
PO03173,CA027,CR0426,2025-03-20,youtube,long_form,3141,8798,12769,14101,900,False
PO03174,CA027,CR0059,2025-03-20,youtube,short,21277,31406,68601,77802,3600,False
PO03175,CA027,CR0454,2025-03-20,youtube,long_form,3083,8491,13056,13997,900,False
PO03176,CA027,CR0680,2025-03-20,youtube,short,7604,18372,29025,31748,900,False
PO03177,CA027,CR0059,2025-03-20,youtube,reel,14481,45360,73811,72308,3600,False
PO03178,CA027,CR1107,2025-03-20,youtube,short,1051,3568,5650,6334,0,False
PO03179,CA027,CR0233,2025-03-20,youtube,short,1916,10213,19519,19151,900,False
PO03180,CA027,CR0592,2025-03-20,youtube,reel,724,1757,3022,3769,0,False
PO03181,CA027,CR0288,2025-03-20,youtube,reel,1326,1996,4506,4940,0,False
PO03182,CA027,CR1018,2025-03-20,youtube,short,2717,5163,8528,10255,900,False
PO03183,CA027,CR0488,2025-03-20,youtube,short,4815,6869,16652,17970,900,False
PO03184,CA027,CR1062,2025-03-20,youtube,long_form,568,893,1911,2075,0,False
PO03185,CA027,CR0613,2025-03-20,youtube,reel,21556,54467,79760,96540,3600,False
PO03186,CA027,CR1199,2025-03-20,youtube,long_form,9075,38128,66569,71635,3600,False
PO03187,CA027,CR0004,2025-03-20,youtube,short,3706,9125,16920,16887,900,False
PO03188,CA027,CR0883,2025-03-20,youtube,reel,4410,22713,35980,42529,3600,False
PO03189,CA027,CR0283,2025-03-20,youtube,reel,1287,2909,5902,5779,0,False
PO03190,CA027,CR0354,2025-03-20,youtube,short,8425,14513,35651,34912,900,False
PO03191,CA027,CR0093,2025-03-20,youtube,long_form,1290,3023,8548,8460,0,False
PO03192,CA027,CR0752,2025-03-20,youtube,long_form,1861,8109,12033,13141,900,False
PO03193,CA027,CR0175,2025-03-20,youtube,short,1692,6906,15227,14961,900,False
PO03194,CA027,CR0322,2025-03-20,youtube,long_form,1127,4604,10214,12223,900,False
PO03195,CA027,CR0906,2025-03-20,youtube,short,1561,5898,8252,9454,0,False
PO03196,CA027,CR0438,2025-03-20,youtube,reel,4039,15989,23034,23106,900,False
PO03197,CA027,CR0194,2025-03-20,youtube,long_form,1536,3286,5230,5906,0,False
PO03198,CA027,CR1167,2025-03-20,youtube,short,14041,40915,52567,58952,3600,False
PO03199,CA027,CR0216,2025-03-20,youtube,short,14317,31206,61921,67918,3600,False
PO03200,CA027,CR0264,2025-03-20,youtube,short,259,2454,11210,13916,900,True
PO03201,CA027,CR0712,2025-03-20,youtube,short,5617,18984,33523,34508,900,False
PO03202,CA027,CR0366,2025-03-20,youtube,long_form,9478,47246,95457,95034,3600,False
PO03203,CA027,CR0936,2025-03-20,youtube,short,1229,1749,4721,4720,0,False
PO03204,CA027,CR0337,2025-03-20,youtube,short,40738,116678,176934,173284,9000,False
PO03205,CA027,CR0704,2025-03-20,youtube,long_form,2096,8831,19713,20750,900,False
PO03206,CA027,CR0665,2025-03-20,youtube,reel,8146,36091,67723,83481,3600,False
PO03207,CA027,CR0102,2025-03-20,youtube,short,392,802,1574,1633,0,False
PO03208,CA027,CR0278,2025-03-20,youtube,long_form,1697,4068,5742,6834,0,False
PO03209,CA027,CR0920,2025-03-20,youtube,short,2488,12160,17609,19789,900,False
PO03210,CA027,CR1005,2025-03-20,youtube,short,2826,11392,21990,22105,900,False
PO03211,CA027,CR0936,2025-03-20,youtube,long_form,760,3941,5584,6079,0,False
PO03212,CA027,CR0797,2025-03-20,youtube,long_form,17154,49093,78304,86226,3600,False
PO03213,CA027,CR0866,2025-03-20,youtube,short,962,4322,7283,7160,0,False
PO03214,CA027,CR0040,2025-03-20,youtube,short,1650,4787,7338,7156,0,False
PO03215,CA027,CR0736,2025-03-20,youtube,short,1473,3096,6196,7229,0,False
PO03216,CA027,CR1140,2025-03-20,youtube,short,464,2295,3163,3492,0,False
PO03217,CA027,CR0625,2025-03-20,youtube,reel,567,841,2067,2312,0,False
PO03218,CA027,CR0912,2025-03-20,youtube,short,100,100,100,100,0,False
PO03219,CA027,CR0087,2025-03-20,youtube,short,8708,43959,65759,70330,3600,False
PO03220,CA027,CR0869,2025-03-20,youtube,short,2803,5540,10800,12543,900,False
PO03221,CA027,CR0985,2025-03-20,youtube,short,199,676,1440,1405,0,False
PO03222,CA027,CR1161,2025-03-20,youtube,short,3799,11190,17447,16974,900,False
PO03223,CA027,CR0573,2025-03-20,youtube,short,15716,38618,58887,66647,3600,False
PO03224,CA027,CR0833,2025-03-20,youtube,short,25013,90589,156435,191788,9000,False
PO03225,CA027,CR1040,2025-03-20,youtube,short,203,500,826,930,0,False
PO03226,CA027,CR0144,2025-03-20,youtube,long_form,3106,9230,14184,14680,900,False
PO03227,CA027,CR1079,2025-03-20,youtube,short,287,944,1133,1363,0,False
PO03228,CA027,CR0946,2025-03-20,youtube,short,52596,88269,215256,209815,9000,False
PO03229,CA027,CR0664,2025-03-20,youtube,carousel,245,375,857,998,0,False
PO03230,CA027,CR0100,2025-03-20,youtube,reel,14478,35289,67783,69001,3600,False
PO03231,CA027,CR1154,2025-03-20,youtube,short,9073,28585,48988,49754,3600,False
PO03232,CA027,CR0093,2025-03-20,youtube,short,3384,6459,12903,12969,900,False
PO03233,CA027,CR1069,2025-03-20,youtube,short,1080,3563,7557,8850,0,False
PO03234,CA027,CR0705,2025-03-20,youtube,long_form,3576,9712,20054,19976,900,False
PO03235,CA028,CR0903,2025-03-23,instagram,short,100,111,176,219,0,False
PO03236,CA028,CR0389,2025-03-23,instagram,reel,381,2950,4181,4258,0,False
PO03237,CA028,CR0185,2025-03-23,instagram,reel,286,871,1220,1393,0,False
PO03238,CA028,CR0256,2025-03-23,instagram,short,100,299,514,518,0,False
PO03239,CA028,CR0242,2025-03-23,instagram,long_form,100,405,607,710,0,False
PO03240,CA028,CR0801,2025-03-23,instagram,carousel,184,344,669,816,0,False
PO03241,CA028,CR0240,2025-03-23,instagram,reel,7872,38938,51114,63210,4050,False
PO03242,CA028,CR0374,2025-03-23,instagram,reel,553,1176,1866,2059,0,False
PO03243,CA028,CR0357,2025-03-23,instagram,reel,147,351,641,748,0,False
PO03244,CA028,CR0392,2025-03-23,instagram,reel,618,1176,2284,2312,0,False
PO03245,CA028,CR0302,2025-03-23,instagram,reel,100,401,571,580,0,False
PO03246,CA028,CR0993,2025-03-23,instagram,reel,208,399,911,1035,0,False
PO03247,CA028,CR1089,2025-03-23,instagram,reel,412,1231,1595,1832,0,False
PO03248,CA028,CR0352,2025-03-23,instagram,reel,4121,8617,18693,22905,1000,False
PO03249,CA028,CR0967,2025-03-23,instagram,short,2575,5076,8793,10780,0,False
PO03250,CA028,CR0253,2025-03-23,instagram,reel,100,100,100,100,0,False
PO03251,CA028,CR0027,2025-03-23,instagram,reel,11138,25125,56438,65116,4050,False
PO03252,CA028,CR0518,2025-03-23,instagram,reel,100,113,262,299,0,False
PO03253,CA028,CR1153,2025-03-23,instagram,reel,311,1206,2593,2933,0,False
PO03254,CA028,CR0290,2025-03-23,instagram,reel,464,1187,2582,2824,0,False
PO03255,CA028,CR0372,2025-03-23,instagram,reel,131,844,7144,8709,0,True
PO03256,CA028,CR0218,2025-03-23,instagram,long_form,410,1184,3112,3278,0,False
PO03257,CA028,CR0945,2025-03-23,instagram,reel,100,291,590,696,0,False
PO03258,CA028,CR0285,2025-03-23,instagram,long_form,100,100,122,146,0,False
PO03259,CA028,CR0415,2025-03-23,instagram,long_form,769,5369,33812,39490,1000,True
PO03260,CA028,CR0690,2025-03-23,instagram,reel,14274,37822,53576,56747,4050,False
PO03261,CA028,CR0826,2025-03-23,instagram,carousel,100,243,506,545,0,False
PO03262,CA028,CR1170,2025-03-23,instagram,long_form,815,2045,3176,3248,0,False
PO03263,CA028,CR0034,2025-03-23,instagram,reel,112324,262558,467553,472961,35300,False
PO03264,CA028,CR0842,2025-03-23,instagram,carousel,2425,7185,11484,12628,1000,False
PO03265,CA028,CR0476,2025-03-23,instagram,carousel,163,581,1117,1119,0,False
PO03266,CA028,CR0540,2025-03-23,instagram,carousel,197,334,851,875,0,False
PO03267,CA028,CR0619,2025-03-23,instagram,reel,100,159,897,1157,0,True
PO03268,CA028,CR0327,2025-03-23,instagram,short,100,181,477,478,0,False
PO03269,CA028,CR0416,2025-03-23,instagram,carousel,100,100,180,192,0,True
PO03270,CA028,CR0596,2025-03-23,instagram,reel,169,486,708,804,0,False
PO03271,CA028,CR0414,2025-03-23,instagram,long_form,164,377,661,706,0,False
PO03272,CA028,CR0889,2025-03-23,instagram,reel,221,980,6716,7469,0,True
PO03273,CA028,CR0805,2025-03-23,instagram,reel,100,258,384,439,0,False
PO03274,CA028,CR0663,2025-03-23,instagram,reel,100,236,397,408,0,False
PO03275,CA028,CR0055,2025-03-23,instagram,reel,100,174,220,266,0,False
PO03276,CA028,CR0279,2025-03-23,instagram,reel,467,639,1778,1775,0,False
PO03277,CA028,CR0856,2025-03-23,instagram,short,1983,4977,13755,14020,1000,False
PO03278,CA028,CR0434,2025-03-23,instagram,reel,228688,405950,808638,900581,35300,False
PO03279,CA028,CR0547,2025-03-23,instagram,short,208,391,932,1115,0,False
PO03280,CA028,CR0068,2025-03-23,instagram,reel,273,739,1447,1497,0,False
PO03281,CA028,CR0622,2025-03-23,instagram,reel,1102,3666,7661,7499,0,False
PO03282,CA028,CR1096,2025-03-23,instagram,carousel,100,199,330,344,0,False
PO03283,CA028,CR0335,2025-03-23,instagram,reel,504,1766,2567,2899,0,False
PO03284,CA028,CR0080,2025-03-23,instagram,reel,355,710,1134,1298,0,False
PO03285,CA028,CR0043,2025-03-23,instagram,reel,363,894,1620,1839,0,False
PO03286,CA028,CR0933,2025-03-23,instagram,reel,1093,3645,29701,31902,1000,True
PO03287,CA028,CR1050,2025-03-23,instagram,short,20446,34509,69978,80457,4050,False
PO03288,CA028,CR0143,2025-03-23,instagram,short,190,343,739,882,0,False
PO03289,CA028,CR0321,2025-03-23,instagram,short,100,173,334,410,0,False
PO03290,CA028,CR0427,2025-03-23,instagram,reel,1629,4981,6963,7602,0,False
PO03291,CA028,CR0753,2025-03-23,instagram,reel,100,363,619,692,0,False
PO03292,CA028,CR0656,2025-03-23,instagram,reel,586,3706,5072,6193,0,False
PO03293,CA028,CR0466,2025-03-23,instagram,reel,203,429,751,885,0,False
PO03294,CA028,CR0584,2025-03-23,instagram,reel,100,169,365,403,0,False
PO03295,CA028,CR0120,2025-03-23,instagram,short,196,611,855,922,0,False
PO03296,CA029,CR0144,2025-03-26,youtube,short,5010,17608,32351,31894,900,False
PO03297,CA029,CR0129,2025-03-26,youtube,carousel,174,495,803,794,0,False
PO03298,CA029,CR1015,2025-03-26,youtube,long_form,3011,14385,84246,94733,3550,True
PO03299,CA029,CR0348,2025-03-26,youtube,short,2142,9178,13809,14696,900,False
PO03300,CA029,CR0623,2025-03-26,youtube,short,14005,22923,58917,58366,3550,False
PO03301,CA029,CR1154,2025-03-26,youtube,long_form,190,1304,10326,13399,900,True
PO03302,CA029,CR0893,2025-03-26,youtube,carousel,206,607,1074,1072,0,False
PO03303,CA029,CR0008,2025-03-26,youtube,short,50695,95870,189125,189686,8900,False
PO03304,CA029,CR0808,2025-03-26,youtube,short,775,2005,3675,4555,0,False
PO03305,CA029,CR0885,2025-03-26,youtube,reel,1634,3490,6515,6419,0,False
PO03306,CA029,CR0102,2025-03-26,youtube,short,5748,24814,39690,43941,900,False
PO03307,CA029,CR0887,2025-03-26,youtube,carousel,3331,9434,22798,22175,900,False
PO03308,CA029,CR1031,2025-03-26,youtube,short,1219,3022,6364,7145,0,False
PO03309,CA029,CR0492,2025-03-26,youtube,short,3173,13588,23058,23946,900,False
PO03310,CA029,CR1062,2025-03-26,youtube,short,3759,12310,21109,24321,900,False
PO03311,CA029,CR0283,2025-03-26,youtube,short,4546,7202,15262,16895,900,False
PO03312,CA029,CR0182,2025-03-26,youtube,short,4645,15461,30046,32067,900,False
PO03313,CA029,CR0693,2025-03-26,youtube,short,2312,17377,27161,28143,900,False
PO03314,CA029,CR0833,2025-03-26,youtube,short,23563,45549,90074,103510,3550,False
PO03315,CA029,CR0468,2025-03-26,youtube,long_form,8856,16746,30841,34619,900,False
PO03316,CA029,CR0613,2025-03-26,youtube,short,79096,152360,294490,350472,8900,False
PO03317,CA029,CR1161,2025-03-26,youtube,reel,279,1280,1790,1888,0,False
PO03318,CA029,CR0217,2025-03-26,youtube,short,10864,23927,41253,41830,900,False
PO03319,CA029,CR0498,2025-03-26,youtube,short,828,4371,6001,6845,0,False
PO03320,CA029,CR0295,2025-03-26,youtube,short,4139,8577,17810,17377,900,False
PO03321,CA029,CR0233,2025-03-26,youtube,short,130657,299865,449785,492206,31150,False
PO03322,CA029,CR0306,2025-03-26,youtube,short,1773,5342,8129,8968,0,False
PO03323,CA029,CR1079,2025-03-26,youtube,short,1560,4254,6783,7299,0,False
PO03324,CA029,CR0132,2025-03-26,youtube,short,20684,107556,184321,188727,8900,False
PO03325,CA029,CR0948,2025-03-26,youtube,long_form,1626,3713,7883,8153,0,False
PO03326,CA029,CR0073,2025-03-26,youtube,carousel,1089,3476,6876,8242,0,False
PO03327,CA029,CR0575,2025-03-26,youtube,reel,65570,199330,303008,304618,8900,False
PO03328,CA029,CR0632,2025-03-26,youtube,short,12632,37521,55430,65196,3550,False
PO03329,CA029,CR1140,2025-03-26,youtube,short,534,1396,2437,2562,0,False
PO03330,CA029,CR0615,2025-03-26,youtube,reel,6210,12414,27934,29028,900,False
PO03331,CA029,CR0413,2025-03-26,youtube,long_form,39714,110286,190418,197188,8900,False
PO03332,CA029,CR0099,2025-03-26,youtube,short,30524,154819,223273,267684,8900,False
PO03333,CA029,CR0103,2025-03-26,youtube,long_form,7070,37000,60690,72383,3550,False
PO03334,CA029,CR0093,2025-03-26,youtube,long_form,3041,18940,26034,30102,900,False
PO03335,CA029,CR0623,2025-03-26,youtube,short,12883,68065,100419,125400,8900,False
PO03336,CA029,CR0946,2025-03-26,youtube,carousel,1010,3226,7315,7355,0,False
PO03337,CA029,CR0995,2025-03-26,youtube,long_form,4229,24885,33254,36762,900,False
PO03338,CA029,CR0102,2025-03-26,youtube,long_form,319,1135,1334,1650,0,False
PO03339,CA029,CR1018,2025-03-26,youtube,short,22212,94685,156367,154704,8900,False
PO03340,CA029,CR0944,2025-03-26,youtube,short,21525,65300,154405,171529,8900,False
PO03341,CA029,CR0293,2025-03-26,youtube,short,58882,155792,256495,271500,8900,False
PO03342,CA029,CR0073,2025-03-26,youtube,short,33509,87522,127833,128125,8900,False
PO03343,CA029,CR0573,2025-03-26,youtube,reel,2367,13040,20221,23819,900,False
PO03344,CA029,CR0277,2025-03-26,youtube,short,11019,25236,40206,40819,900,False
PO03345,CA029,CR1069,2025-03-26,youtube,reel,698,1334,12497,15972,900,True
PO03346,CA029,CR1005,2025-03-26,youtube,long_form,8191,16394,37200,36317,900,False
PO03347,CA029,CR0498,2025-03-26,youtube,short,7315,22410,45587,47672,900,False
PO03348,CA029,CR0871,2025-03-26,youtube,long_form,7028,11973,23762,25721,900,False
PO03349,CA029,CR0680,2025-03-26,youtube,short,5138,23196,35740,38828,900,False
PO03350,CA029,CR0257,2025-03-26,youtube,long_form,210,1148,1619,1815,0,False
PO03351,CA029,CR0233,2025-03-26,youtube,short,6426,21101,44321,47645,900,False
PO03352,CA029,CR0752,2025-03-26,youtube,short,20904,63373,113743,123505,8900,False
PO03353,CA029,CR0438,2025-03-26,youtube,short,3181,6471,12126,12232,900,False
PO03354,CA029,CR0921,2025-03-26,youtube,short,100,432,584,627,0,False
PO03355,CA029,CR0971,2025-03-26,youtube,reel,1672,7888,18093,17868,900,False
PO03356,CA029,CR0551,2025-03-26,youtube,short,207,556,967,1020,0,False
PO03357,CA029,CR0912,2025-03-26,youtube,carousel,132,520,863,1043,0,False
PO03358,CA029,CR0920,2025-03-26,youtube,short,12493,31737,43553,47445,900,False
PO03359,CA029,CR0757,2025-03-26,youtube,long_form,25426,51661,120825,132190,8900,False
PO03360,CA029,CR0860,2025-03-26,youtube,long_form,100,100,100,100,0,False
PO03361,CA029,CR0444,2025-03-26,youtube,short,3718,7772,18494,19658,900,False
PO03362,CA029,CR0669,2025-03-26,youtube,short,1928,3058,8873,8693,0,False
PO03363,CA029,CR1039,2025-03-26,youtube,short,7286,37025,58725,67374,3550,False
PO03364,CA029,CR1162,2025-03-26,youtube,short,168,467,1025,1033,0,False
PO03365,CA029,CR0816,2025-03-26,youtube,short,20931,116661,167379,179403,8900,False
PO03366,CA029,CR0704,2025-03-26,youtube,long_form,23456,62099,163564,167600,8900,False
PO03367,CA029,CR0190,2025-03-26,youtube,short,7593,34083,73930,81021,3550,False
PO03368,CA029,CR0059,2025-03-26,youtube,short,47176,153980,270233,313260,8900,False
PO03369,CA029,CR0264,2025-03-26,youtube,short,7807,40939,55183,68153,3550,False
PO03370,CA029,CR0696,2025-03-26,youtube,reel,305,827,1431,1398,0,False
PO03371,CA029,CR0458,2025-03-26,youtube,short,2201,3639,7975,9736,0,False
PO03372,CA029,CR0920,2025-03-26,youtube,short,10341,57272,76650,83516,3550,False
PO03373,CA029,CR0488,2025-03-26,youtube,long_form,13712,19402,50083,54191,3550,False
PO03374,CA029,CR1031,2025-03-26,youtube,short,1560,4394,6073,7156,0,False
PO03375,CA029,CR1141,2025-03-26,youtube,long_form,174,254,555,689,0,False
PO03376,CA029,CR0859,2025-03-26,youtube,long_form,199,1575,1939,2394,0,False
PO03377,CA029,CR1151,2025-03-26,youtube,short,134,643,951,974,0,False
PO03378,CA029,CR0797,2025-03-26,youtube,long_form,2703,12354,20352,23075,900,False
PO03379,CA029,CR0308,2025-03-26,youtube,short,22780,83328,166902,162819,8900,False
PO03380,CA029,CR0295,2025-03-26,youtube,short,5242,18754,35768,34881,900,False
PO03381,CA029,CR0220,2025-03-26,youtube,long_form,263,1300,1781,1928,0,False
PO03382,CA029,CR0736,2025-03-26,youtube,short,666,3643,5121,5999,0,False
PO03383,CA029,CR0261,2025-03-26,youtube,short,4334,11398,27819,31289,900,False
PO03384,CA029,CR0592,2025-03-26,youtube,short,3640,16593,32921,38071,900,False
PO03385,CA029,CR0670,2025-03-26,youtube,short,50485,158442,424870,452232,31150,False
PO03386,CA029,CR0388,2025-03-26,youtube,short,1789,9986,20572,20117,900,False
PO03387,CA029,CR0653,2025-03-26,youtube,short,8039,37898,48737,60857,3550,False
PO03388,CA029,CR0699,2025-03-26,youtube,short,480,3288,4700,5870,0,False
PO03389,CA029,CR0705,2025-03-26,youtube,short,17353,37357,53624,63448,3550,False
PO03390,CA029,CR0261,2025-03-26,youtube,carousel,4547,13625,18767,21046,900,False
PO03391,CA029,CR1075,2025-03-26,youtube,short,19047,31711,61630,72372,3550,False
PO03392,CA029,CR0337,2025-03-26,youtube,short,2427,8161,15702,16409,900,False
PO03393,CA029,CR0936,2025-03-26,youtube,long_form,1187,4927,8114,8044,0,False
PO03394,CA029,CR0665,2025-03-26,youtube,short,4533,12939,20977,25813,900,False
PO03395,CA029,CR0560,2025-03-26,youtube,reel,17035,87500,111943,132084,8900,False
PO03396,CA029,CR0418,2025-03-26,youtube,long_form,7484,18958,27331,30191,900,False
PO03397,CA029,CR1087,2025-03-26,youtube,short,326,618,1416,1523,0,False
PO03398,CA029,CR0757,2025-03-26,youtube,reel,2456,9317,18806,19563,900,False
PO03399,CA029,CR0175,2025-03-26,youtube,long_form,3891,9660,15367,17595,900,False
PO03400,CA029,CR0644,2025-03-26,youtube,short,100,114,326,321,0,False
PO03401,CA029,CR0797,2025-03-26,youtube,long_form,8521,41931,67116,68697,3550,False
PO03402,CA029,CR0948,2025-03-26,youtube,long_form,9169,38551,93075,93317,3550,False
PO03403,CA029,CR0467,2025-03-26,youtube,short,1833,7982,52980,61827,3550,True
PO03404,CA029,CR1114,2025-03-26,youtube,reel,3823,10955,19246,19046,900,False
PO03405,CA029,CR0465,2025-03-26,youtube,short,232,926,2025,2019,0,False
PO03406,CA029,CR0141,2025-03-26,youtube,short,1532,9024,15113,15726,900,False
PO03407,CA029,CR0337,2025-03-26,youtube,short,35254,100776,150708,152612,8900,False
PO03408,CA029,CR0757,2025-03-26,youtube,reel,3610,5743,13547,16267,900,False
PO03409,CA029,CR0625,2025-03-26,youtube,reel,15161,21521,51719,56438,3550,False
PO03410,CA029,CR0232,2025-03-26,youtube,short,8731,27804,61221,63428,3550,False
PO03411,CA029,CR0724,2025-03-26,youtube,short,156,458,845,1054,0,False
PO03412,CA029,CR0454,2025-03-26,youtube,reel,2908,6565,9979,10612,0,False
PO03413,CA029,CR0278,2025-03-26,youtube,short,571,3194,4498,4618,0,False
PO03414,CA029,CR0615,2025-03-26,youtube,short,10362,19139,36010,39517,900,False
PO03415,CA029,CR0581,2025-03-26,youtube,short,4072,23482,43023,47370,900,False
PO03416,CA029,CR0293,2025-03-26,youtube,long_form,3994,14544,21068,23136,900,False
PO03417,CA029,CR0004,2025-03-26,youtube,short,8051,19137,139839,170637,8900,True
PO03418,CA029,CR1037,2025-03-26,youtube,short,14409,25839,50058,57382,3550,False
PO03419,CA029,CR0971,2025-03-26,youtube,carousel,1825,3730,9207,9025,0,False
PO03420,CA029,CR0478,2025-03-26,youtube,short,3871,10701,17063,19840,900,False
PO03421,CA029,CR0354,2025-03-26,youtube,carousel,3507,23942,36843,40653,900,False
PO03422,CA029,CR0216,2025-03-26,youtube,short,40662,97112,130169,148855,8900,False
PO03423,CA029,CR0768,2025-03-26,youtube,long_form,486,1445,2593,2830,0,False
PO03424,CA029,CR0447,2025-03-26,youtube,short,7568,31393,53988,66075,3550,False
PO03425,CA029,CR0664,2025-03-26,youtube,short,100,308,1900,2350,0,True
PO03426,CA029,CR0337,2025-03-26,youtube,carousel,46081,139420,181415,212762,8900,False
PO03427,CA029,CR0444,2025-03-26,youtube,long_form,383,2401,3884,3959,0,False
PO03428,CA029,CR0757,2025-03-26,youtube,short,1656,4194,7464,7274,0,False
PO03429,CA029,CR0095,2025-03-26,youtube,short,2507,5818,10607,10918,0,False
PO03430,CA029,CR0429,2025-03-26,youtube,short,50205,210533,312452,363554,8900,False
PO03431,CA029,CR0559,2025-03-26,youtube,long_form,19306,69070,102689,100957,3550,False
PO03432,CA029,CR1199,2025-03-26,youtube,short,16131,42928,94092,92813,3550,False
PO03433,CA029,CR0944,2025-03-26,youtube,short,12487,22661,56143,57062,3550,False
PO03434,CA029,CR0332,2025-03-26,youtube,short,2448,7377,17783,18058,900,False
PO03435,CA029,CR0208,2025-03-26,youtube,short,6674,15004,23543,23932,900,False
PO03436,CA029,CR0450,2025-03-26,youtube,long_form,7669,35235,75168,83313,3550,False
PO03437,CA029,CR1107,2025-03-26,youtube,short,15774,39185,71200,82836,3550,False
PO03438,CA029,CR0196,2025-03-26,youtube,short,120,546,925,929,0,False
PO03439,CA029,CR0697,2025-03-26,youtube,reel,1832,4293,6222,6712,0,False
PO03440,CA029,CR0426,2025-03-26,youtube,reel,5582,22549,27687,32948,900,False
PO03441,CA029,CR0587,2025-03-26,youtube,short,326,3092,21877,27518,900,True
PO03442,CA029,CR0212,2025-03-26,youtube,short,3568,6985,14852,16431,900,False
PO03443,CA029,CR0979,2025-03-26,youtube,reel,9120,41997,67460,74913,3550,False
PO03444,CA029,CR0288,2025-03-26,youtube,long_form,1019,2521,5568,5726,0,False
PO03445,CA029,CR0311,2025-03-26,youtube,reel,633,2581,3345,4013,0,False
PO03446,CA029,CR0812,2025-03-26,youtube,long_form,1453,7289,13070,13698,900,False
PO03447,CA029,CR0906,2025-03-26,youtube,reel,19328,32513,64326,71499,3550,False
PO03448,CA029,CR1037,2025-03-26,youtube,short,4795,9067,18601,22393,900,False
PO03449,CA029,CR0869,2025-03-26,youtube,short,8276,17755,39341,42219,900,False
PO03450,CA029,CR0322,2025-03-26,youtube,short,7491,10838,24406,28256,900,False
PO03451,CA029,CR0444,2025-03-26,youtube,short,3507,8272,12587,12929,900,False
PO03452,CA029,CR0883,2025-03-26,youtube,short,41475,98519,152609,149891,8900,False
PO03453,CA029,CR0580,2025-03-26,youtube,short,100,100,107,123,0,False
PO03454,CA029,CR0712,2025-03-26,youtube,reel,15468,40972,67369,72544,3550,False
PO03455,CA029,CR0194,2025-03-26,youtube,long_form,6606,13431,33597,35980,900,False
PO03456,CA029,CR0699,2025-03-26,youtube,long_form,2152,8553,16169,16151,900,False
PO03457,CA029,CR0888,2025-03-26,youtube,long_form,12036,70341,111259,118268,3550,False
PO03458,CA029,CR0040,2025-03-26,youtube,reel,1082,3915,7433,8012,0,False
PO03459,CA030,CR0370,2025-03-29,instagram,reel,3573,22802,34475,40282,550,False
PO03460,CA030,CR0020,2025-03-29,instagram,short,928,3961,6559,7024,0,False
PO03461,CA030,CR0313,2025-03-29,instagram,long_form,4193,10797,15633,18521,550,False
PO03462,CA030,CR1104,2025-03-29,instagram,reel,1000,4131,11376,11243,0,False
PO03463,CA030,CR0990,2025-03-29,instagram,short,87843,211580,363100,398935,5500,False
PO03464,CA030,CR0529,2025-03-29,instagram,short,34815,121010,177329,194950,5500,False
PO03465,CA030,CR0203,2025-03-29,instagram,reel,867,8060,37722,48095,2200,True
PO03466,CA030,CR0801,2025-03-29,instagram,reel,821,2546,5367,6596,0,False
PO03467,CA030,CR0682,2025-03-29,instagram,reel,3807,12450,27997,34725,550,False
PO03468,CA030,CR0713,2025-03-29,instagram,reel,5767,18483,23909,28165,550,False
PO03469,CA030,CR0821,2025-03-29,instagram,long_form,27047,41937,98370,106425,2200,False
PO03470,CA030,CR0398,2025-03-29,instagram,reel,4333,28379,37270,41087,550,False
PO03471,CA030,CR0607,2025-03-29,instagram,reel,7852,29680,73041,71680,2200,False
PO03472,CA030,CR0186,2025-03-29,instagram,reel,2572,8624,19346,20848,550,False
PO03473,CA030,CR0274,2025-03-29,instagram,short,38665,90374,148412,159088,5500,False
PO03474,CA030,CR0340,2025-03-29,instagram,long_form,1089,4403,10488,10300,0,False
PO03475,CA030,CR0799,2025-03-29,instagram,reel,1785,5938,8187,9200,0,False
PO03476,CA030,CR0138,2025-03-29,instagram,long_form,1832,3031,7373,7347,0,False
PO03477,CA030,CR0493,2025-03-29,instagram,reel,2088,9225,12956,13275,550,False
PO03478,CA030,CR0338,2025-03-29,instagram,short,342,1910,2395,2984,0,False
PO03479,CA030,CR0956,2025-03-29,instagram,long_form,2357,7198,13352,15599,550,False
PO03480,CA030,CR0550,2025-03-29,instagram,reel,2419,5740,11558,14115,550,False
PO03481,CA030,CR1004,2025-03-29,instagram,reel,358,2476,3080,3574,0,False
PO03482,CA030,CR1102,2025-03-29,instagram,reel,3833,19140,36833,39727,550,False
PO03483,CA030,CR1120,2025-03-29,instagram,long_form,100,274,351,414,0,False
PO03484,CA030,CR0303,2025-03-29,instagram,reel,10702,30655,73268,71764,2200,False
PO03485,CA030,CR1103,2025-03-29,instagram,long_form,3020,12569,15019,18410,550,False
PO03486,CA030,CR0243,2025-03-29,instagram,short,6262,14642,31997,32671,550,False
PO03487,CA030,CR0228,2025-03-29,instagram,carousel,977,4021,6138,6547,0,False
PO03488,CA030,CR1099,2025-03-29,instagram,reel,3697,14588,32658,31941,550,False
PO03489,CA030,CR0002,2025-03-29,instagram,short,2051,7527,12301,12261,550,False
PO03490,CA030,CR0950,2025-03-29,instagram,reel,22103,65008,94951,97597,2200,False
PO03491,CA030,CR0943,2025-03-29,instagram,reel,2087,11958,104177,136945,5500,True
PO03492,CA030,CR0899,2025-03-29,instagram,reel,3344,23104,39238,40280,550,False
PO03493,CA030,CR0353,2025-03-29,instagram,reel,160268,455301,848476,861907,19250,False
PO03494,CA030,CR0130,2025-03-29,instagram,long_form,1472,3315,5874,6132,0,False
PO03495,CA030,CR1076,2025-03-29,instagram,reel,100,105,232,228,0,False
PO03496,CA030,CR0470,2025-03-29,instagram,short,100,247,439,531,0,False
PO03497,CA030,CR0501,2025-03-29,instagram,reel,11691,20648,44366,48611,2200,False
PO03498,CA030,CR0603,2025-03-29,instagram,short,250,911,2080,2088,0,False
PO03499,CA030,CR0786,2025-03-29,instagram,reel,4485,14458,25338,25945,550,False
PO03500,CA030,CR0405,2025-03-29,instagram,reel,278,791,1167,1167,0,False
PO03501,CA030,CR0038,2025-03-29,instagram,short,686,1430,2136,2497,0,False
PO03502,CA030,CR0036,2025-03-29,instagram,reel,1401,7917,9894,11482,0,False
PO03503,CA030,CR0829,2025-03-29,instagram,reel,5138,18134,26403,26569,550,False
PO03504,CA030,CR0679,2025-03-29,instagram,long_form,371,1756,3520,4308,0,False
PO03505,CA030,CR1180,2025-03-29,instagram,reel,55428,111918,244541,280238,5500,False
PO03506,CA030,CR0151,2025-03-29,instagram,reel,17886,41539,66215,69164,2200,False
PO03507,CA030,CR0570,2025-03-29,instagram,carousel,123,1035,5810,6619,0,True
PO03508,CA030,CR0614,2025-03-29,instagram,reel,5606,11364,17898,21232,550,False
PO03509,CA030,CR0180,2025-03-29,instagram,reel,8308,15520,27108,32195,550,False
PO03510,CA030,CR0927,2025-03-29,instagram,reel,100,699,913,1068,0,False
PO03511,CA030,CR0086,2025-03-29,instagram,carousel,5320,10104,23800,24974,550,False
PO03512,CA030,CR0240,2025-03-29,instagram,reel,3901,5908,13810,14426,550,False
PO03513,CA030,CR1153,2025-03-29,instagram,reel,214,626,949,1036,0,False
PO03514,CA030,CR0510,2025-03-29,instagram,carousel,608,2794,4385,5002,0,False
PO03515,CA030,CR1055,2025-03-29,instagram,reel,1058,3315,5588,5729,0,False
PO03516,CA030,CR0969,2025-03-29,instagram,carousel,15243,34701,83402,81542,2200,False
PO03517,CA030,CR1071,2025-03-29,instagram,reel,9105,44826,97498,95904,2200,False
PO03518,CA030,CR0071,2025-03-29,instagram,reel,6846,12299,27644,32158,550,False
PO03519,CA030,CR0026,2025-03-29,instagram,reel,100,100,120,128,0,False
PO03520,CA030,CR0663,2025-03-29,instagram,reel,412,2430,2987,3557,0,False
PO03521,CA030,CR0483,2025-03-29,instagram,long_form,11100,27195,40295,43072,550,False
PO03522,CA030,CR0928,2025-03-29,instagram,reel,458,3339,15809,18254,550,True
PO03523,CA030,CR0238,2025-03-29,instagram,long_form,11267,19495,39574,48590,2200,False
PO03524,CA030,CR0260,2025-03-29,instagram,carousel,3893,11239,22527,23725,550,False
PO03525,CA030,CR0207,2025-03-29,instagram,reel,1228,2963,8101,8186,0,False
PO03526,CA030,CR0856,2025-03-29,instagram,reel,676,1422,3384,3335,0,False
PO03527,CA030,CR1085,2025-03-29,instagram,reel,13208,30132,47477,58963,2200,False
PO03528,CA030,CR0158,2025-03-29,instagram,reel,1999,10639,16734,20029,550,False
PO03529,CA030,CR1108,2025-03-29,instagram,reel,1893,7822,17290,18470,550,False
PO03530,CA030,CR0252,2025-03-29,instagram,carousel,4447,21596,31376,37727,550,False
PO03531,CA030,CR1010,2025-03-29,instagram,long_form,248,1925,2499,2995,0,False
PO03532,CA030,CR1168,2025-03-29,instagram,reel,314,770,1255,1289,0,False
PO03533,CA030,CR0692,2025-03-29,instagram,reel,6278,18847,29533,31832,550,False
PO03534,CA030,CR0588,2025-03-29,instagram,short,8395,13613,26625,31962,550,False
PO03535,CA030,CR0845,2025-03-29,instagram,short,8546,19975,38718,38436,550,False
PO03536,CA030,CR0489,2025-03-29,instagram,long_form,1785,5573,12313,12905,550,False
PO03537,CA030,CR0605,2025-03-29,instagram,short,2143,7331,14977,16933,550,False
PO03538,CA030,CR1097,2025-03-29,instagram,carousel,84517,173806,436338,481435,19250,False
PO03539,CA031,CR0743,2025-04-01,instagram,carousel,1225,3456,4851,4955,0,False
PO03540,CA031,CR0556,2025-04-01,instagram,short,1545,3901,6168,6636,0,False
PO03541,CA031,CR0618,2025-04-01,instagram,long_form,253,575,831,968,0,False
PO03542,CA031,CR0054,2025-04-01,instagram,reel,1350,3961,5325,6142,0,False
PO03543,CA031,CR0568,2025-04-01,instagram,long_form,100,204,377,399,0,False
PO03544,CA031,CR0188,2025-04-01,instagram,short,326,1278,2477,2567,0,False
PO03545,CA031,CR0648,2025-04-01,instagram,reel,4439,12059,15190,18064,600,False
PO03546,CA031,CR0901,2025-04-01,instagram,reel,651,1123,2713,2861,0,False
PO03547,CA031,CR1027,2025-04-01,instagram,reel,124,432,999,1118,0,False
PO03548,CA031,CR1144,2025-04-01,instagram,long_form,1437,5014,7333,8777,600,False
PO03549,CA031,CR1170,2025-04-01,instagram,long_form,694,4283,6855,8072,600,False
PO03550,CA031,CR0486,2025-04-01,instagram,reel,100,305,2416,3184,0,True
PO03551,CA031,CR0273,2025-04-01,instagram,reel,2779,22146,100047,115625,5800,True
PO03552,CA031,CR0823,2025-04-01,instagram,reel,2198,6192,8613,9491,600,False
PO03553,CA031,CR0215,2025-04-01,instagram,reel,205,2962,11287,14883,600,True
PO03554,CA031,CR1142,2025-04-01,instagram,short,387,2934,3716,4472,0,False
PO03555,CA031,CR0937,2025-04-01,instagram,reel,1155,3214,6335,7100,0,False
PO03556,CA031,CR0636,2025-04-01,instagram,reel,400,941,1752,1862,0,False
PO03557,CA031,CR0897,2025-04-01,instagram,short,1379,4221,5761,6528,0,False
PO03558,CA031,CR0520,2025-04-01,instagram,long_form,1392,1827,4513,5012,0,False
PO03559,CA031,CR0855,2025-04-01,instagram,short,279,923,1184,1390,0,False
PO03560,CA031,CR0440,2025-04-01,instagram,reel,258,498,1314,1342,0,False
PO03561,CA031,CR0356,2025-04-01,instagram,reel,100,121,875,994,0,True
PO03562,CA031,CR0248,2025-04-01,instagram,reel,1100,2700,26454,28205,600,True
PO03563,CA031,CR0499,2025-04-01,instagram,reel,292,551,1103,1186,0,False
PO03564,CA031,CR1158,2025-04-01,instagram,long_form,100,459,640,765,0,False
PO03565,CA031,CR0214,2025-04-01,instagram,reel,474,1179,1662,1711,0,False
PO03566,CA031,CR1077,2025-04-01,instagram,long_form,100,100,100,100,0,False
PO03567,CA031,CR0300,2025-04-01,instagram,long_form,779,1219,3210,3135,0,False
PO03568,CA031,CR0076,2025-04-01,instagram,carousel,100,134,267,267,0,False
PO03569,CA031,CR0764,2025-04-01,instagram,reel,297,825,1127,1383,0,False
PO03570,CA031,CR0646,2025-04-01,instagram,reel,370,1097,2626,2698,0,False
PO03571,CA031,CR0796,2025-04-01,instagram,reel,1618,13632,19932,19934,600,False
PO03572,CA031,CR0088,2025-04-01,instagram,short,2318,5272,11508,12156,600,False
PO03573,CA031,CR0507,2025-04-01,instagram,reel,10114,22799,48159,56068,2350,False
PO03574,CA031,CR0837,2025-04-01,instagram,reel,234,605,1468,1595,0,False
PO03575,CA031,CR1091,2025-04-01,instagram,reel,319,741,1074,1274,0,False
PO03576,CA031,CR0585,2025-04-01,instagram,reel,314,1093,1902,1972,0,False
PO03577,CA031,CR0620,2025-04-01,instagram,reel,4081,11267,19480,22731,600,False
PO03578,CA031,CR0829,2025-04-01,instagram,reel,2810,5143,11607,12072,600,False
PO03579,CA031,CR0506,2025-04-01,instagram,reel,1402,3331,6656,8061,600,False
PO03580,CA031,CR0521,2025-04-01,instagram,short,872,2956,5189,6161,0,False
PO03581,CA031,CR0862,2025-04-01,instagram,reel,184,454,567,708,0,False
PO03582,CA031,CR0091,2025-04-01,instagram,reel,226,758,1195,1293,0,False
PO03583,CA031,CR1188,2025-04-01,instagram,reel,449,1588,3731,3956,0,False
PO03584,CA031,CR0442,2025-04-01,instagram,reel,2827,4231,8987,10470,600,False
PO03585,CA031,CR0655,2025-04-01,instagram,short,623,4574,6198,6598,0,False
PO03586,CA031,CR0289,2025-04-01,instagram,reel,567,2203,3891,4277,0,False
PO03587,CA031,CR1127,2025-04-01,instagram,reel,198,851,1448,1774,0,False
PO03588,CA031,CR0201,2025-04-01,instagram,carousel,466,2361,11302,13592,600,True
PO03589,CA031,CR0312,2025-04-01,instagram,short,100,153,244,243,0,False
PO03590,CA031,CR0104,2025-04-01,instagram,carousel,746,1665,3514,3472,0,False
PO03591,CA031,CR0070,2025-04-01,instagram,long_form,165,960,1468,1431,0,False
PO03592,CA031,CR0735,2025-04-01,instagram,reel,356,2092,3832,3747,0,False
PO03593,CA031,CR0909,2025-04-01,instagram,reel,6507,23403,43873,47341,2350,False
PO03594,CA031,CR0835,2025-04-01,instagram,short,977,6477,8760,9454,600,False
PO03595,CA031,CR1016,2025-04-01,instagram,reel,2471,9998,14363,14747,600,False
PO03596,CA031,CR1084,2025-04-01,instagram,reel,2048,5093,6960,8192,600,False
PO03597,CA031,CR0245,2025-04-01,instagram,reel,116,520,1175,1189,0,False
PO03598,CA031,CR0641,2025-04-01,instagram,reel,112,298,780,847,0,False
PO03599,CA031,CR0403,2025-04-01,instagram,short,7985,18190,27497,34186,2350,False
PO03600,CA031,CR0503,2025-04-01,instagram,reel,167,337,573,677,0,False
PO03601,CA031,CR0131,2025-04-01,instagram,short,1198,3811,5803,6426,0,False
PO03602,CA031,CR0362,2025-04-01,instagram,reel,1263,6543,14370,15148,600,False
PO03603,CA031,CR0377,2025-04-01,instagram,reel,3010,9169,11533,13110,600,False
PO03604,CA031,CR0469,2025-04-01,instagram,short,12586,31317,40579,45355,2350,False
PO03605,CA031,CR0174,2025-04-01,instagram,long_form,100,134,339,331,0,False
PO03606,CA031,CR0210,2025-04-01,instagram,long_form,19744,27498,67087,73349,2350,False
PO03607,CA031,CR0384,2025-04-01,instagram,reel,992,5288,7512,7620,0,False
PO03608,CA031,CR0448,2025-04-01,instagram,long_form,2161,7012,11927,11944,600,False
PO03609,CA031,CR0778,2025-04-01,instagram,reel,486,2056,2980,2972,0,False
PO03610,CA031,CR1030,2025-04-01,instagram,reel,535,989,2070,2264,0,False
PO03611,CA031,CR0260,2025-04-01,instagram,reel,1769,9080,11679,14299,600,False
PO03612,CA031,CR1065,2025-04-01,instagram,short,1515,3716,5047,5460,0,False
PO03613,CA031,CR0576,2025-04-01,instagram,reel,1082,4475,10782,12329,600,False
PO03614,CA031,CR0029,2025-04-01,instagram,reel,1432,3321,8368,9055,600,False
PO03615,CA031,CR0767,2025-04-01,instagram,reel,38092,159208,241032,263871,5800,False
PO03616,CA031,CR0031,2025-04-01,instagram,short,323,2225,3103,3624,0,False
PO03617,CA031,CR0727,2025-04-01,instagram,reel,289,1390,1915,2025,0,False
PO03618,CA031,CR0484,2025-04-01,instagram,carousel,100,100,133,165,0,False
PO03619,CA031,CR0181,2025-04-01,instagram,reel,100,295,681,828,0,False
PO03620,CA031,CR0171,2025-04-01,instagram,short,1115,8254,13798,13745,600,False
PO03621,CA031,CR0326,2025-04-01,instagram,reel,194,468,967,1041,0,False
PO03622,CA031,CR0256,2025-04-01,instagram,reel,1115,2620,4029,4651,0,False
PO03623,CA031,CR0094,2025-04-01,instagram,reel,665,3071,3933,4486,0,False
PO03624,CA031,CR0516,2025-04-01,instagram,long_form,337,651,1353,1661,0,False
PO03625,CA031,CR0755,2025-04-01,instagram,reel,1378,5683,10461,10266,600,False
PO03626,CA031,CR0806,2025-04-01,instagram,reel,251,917,1251,1335,0,False
PO03627,CA031,CR0591,2025-04-01,instagram,short,751,2210,3238,3913,0,False
PO03628,CA031,CR1136,2025-04-01,instagram,reel,100,266,2142,2729,0,True
PO03629,CA031,CR0193,2025-04-01,instagram,reel,2572,10173,43346,54708,2350,True
PO03630,CA031,CR0058,2025-04-01,instagram,reel,345,958,1765,1773,0,False
PO03631,CA031,CR0687,2025-04-01,instagram,long_form,345,1165,1712,2051,0,False
PO03632,CA031,CR1165,2025-04-01,instagram,reel,664,2465,3635,4080,0,False
PO03633,CA031,CR1150,2025-04-01,instagram,carousel,100,124,226,270,0,False
PO03634,CA031,CR0410,2025-04-01,instagram,reel,574,1817,4121,4785,0,False
PO03635,CA031,CR0907,2025-04-01,instagram,short,241,1576,2505,2605,0,False
PO03636,CA031,CR0631,2025-04-01,instagram,reel,729,2493,4029,4122,0,False
PO03637,CA031,CR0627,2025-04-01,instagram,reel,1320,3428,5634,5793,0,False
PO03638,CA031,CR0168,2025-04-01,instagram,reel,257,779,1449,1520,0,False
PO03639,CA031,CR0884,2025-04-01,instagram,short,3229,10299,20387,24000,600,False
PO03640,CA031,CR0299,2025-04-01,instagram,short,3084,12632,22956,22672,600,False
PO03641,CA031,CR0700,2025-04-01,instagram,long_form,1688,12110,17107,19305,600,False
PO03642,CA031,CR1093,2025-04-01,instagram,reel,4404,5929,16700,16397,600,False
PO03643,CA031,CR0865,2025-04-01,instagram,reel,225,809,1128,1220,0,False
PO03644,CA031,CR0790,2025-04-01,instagram,reel,113,298,523,533,0,False
PO03645,CA031,CR0709,2025-04-01,instagram,reel,740,1846,2783,3080,0,False
PO03646,CA031,CR0732,2025-04-01,instagram,short,154,569,3707,4039,0,True
PO03647,CA031,CR0546,2025-04-01,instagram,reel,531,1526,2240,2331,0,False
PO03648,CA031,CR0320,2025-04-01,instagram,long_form,2607,3597,8532,9513,600,False
PO03649,CA031,CR0206,2025-04-01,instagram,reel,100,100,100,100,0,False
PO03650,CA031,CR0831,2025-04-01,instagram,reel,1942,6632,9601,10531,600,False
PO03651,CA031,CR0016,2025-04-01,instagram,reel,342,1932,12022,13270,600,True
PO03652,CA031,CR0386,2025-04-01,instagram,reel,1678,4880,6631,7188,0,False
PO03653,CA031,CR0310,2025-04-01,instagram,reel,65362,139700,258829,254869,5800,False
PO03654,CA031,CR0406,2025-04-01,instagram,reel,3333,10603,14824,15598,600,False
PO03655,CA031,CR0515,2025-04-01,instagram,short,241,620,1022,1239,0,False
PO03656,CA031,CR0035,2025-04-01,instagram,short,100,493,967,1023,0,False
PO03657,CA031,CR0794,2025-04-01,instagram,long_form,429,681,1638,1731,0,False
PO03658,CA031,CR0213,2025-04-01,instagram,reel,261,1570,2749,3268,0,False
PO03659,CA031,CR0415,2025-04-01,instagram,reel,11886,18858,44707,49595,2350,False
PO03660,CA031,CR0667,2025-04-01,instagram,long_form,178,454,695,758,0,False
PO03661,CA031,CR0952,2025-04-01,instagram,carousel,137,502,4030,5081,0,True
PO03662,CA031,CR1179,2025-04-01,instagram,short,389,1700,2541,2993,0,False
PO03663,CA031,CR0077,2025-04-01,instagram,reel,2818,7624,12288,12885,600,False
PO03664,CA031,CR0453,2025-04-01,instagram,short,570,798,1956,2141,0,False
PO03665,CA031,CR0599,2025-04-01,instagram,carousel,512,1679,2092,2579,0,False
PO03666,CA031,CR1129,2025-04-01,instagram,short,108,489,2582,2878,0,True
PO03667,CA031,CR1133,2025-04-01,instagram,short,129,321,466,552,0,False
PO03668,CA031,CR0593,2025-04-01,instagram,reel,2923,12829,21892,22590,600,False
PO03669,CA031,CR0684,2025-04-01,instagram,carousel,100,100,222,250,0,False
PO03670,CA031,CR0272,2025-04-01,instagram,reel,100,212,292,331,0,False
PO03671,CA031,CR0318,2025-04-01,instagram,reel,267,663,1003,1001,0,False
PO03672,CA031,CR0751,2025-04-01,instagram,reel,494,714,1733,1869,0,False
PO03673,CA031,CR0063,2025-04-01,instagram,reel,7152,19098,23761,28302,600,False
PO03674,CA031,CR1021,2025-04-01,instagram,short,2237,9384,14577,16586,600,False
PO03675,CA031,CR0064,2025-04-01,instagram,short,6836,31512,72882,84455,5800,False
PO03676,CA031,CR0938,2025-04-01,instagram,carousel,881,1549,3065,3299,0,False
PO03677,CA031,CR0760,2025-04-01,instagram,long_form,3971,11314,16584,16978,600,False
PO03678,CA031,CR0981,2025-04-01,instagram,short,1064,5493,6814,8214,600,False
PO03679,CA031,CR0626,2025-04-01,instagram,long_form,223,582,775,926,0,False
PO03680,CA031,CR0092,2025-04-01,instagram,short,210,802,1182,1153,0,False
PO03681,CA031,CR0999,2025-04-01,instagram,short,361,1730,2841,2897,0,False
PO03682,CA031,CR0061,2025-04-01,instagram,short,1861,13097,18262,20950,600,False
PO03683,CA031,CR0839,2025-04-01,instagram,reel,1152,7976,38491,47684,2350,True
PO03684,CA031,CR0682,2025-04-01,instagram,carousel,672,1736,3181,3104,0,False
PO03685,CA031,CR0383,2025-04-01,instagram,reel,334,1402,2385,2666,0,False
PO03686,CA031,CR0231,2025-04-01,instagram,reel,5114,10180,22033,26856,600,False
PO03687,CA031,CR0814,2025-04-01,instagram,reel,1207,10112,14030,14649,600,False
PO03688,CA031,CR0204,2025-04-01,instagram,long_form,194,445,826,821,0,False
PO03689,CA031,CR0341,2025-04-01,instagram,long_form,1335,4612,7465,7801,600,False
PO03690,CA031,CR1190,2025-04-01,instagram,short,1038,3079,5991,7061,0,False
PO03691,CA031,CR1176,2025-04-01,instagram,reel,100,121,1185,1510,0,True
PO03692,CA031,CR1052,2025-04-01,instagram,reel,1078,2917,4725,5386,0,False
PO03693,CA031,CR0931,2025-04-01,instagram,short,538,957,1611,1932,0,False
PO03694,CA031,CR0474,2025-04-01,instagram,reel,100,178,327,384,0,False
PO03695,CA031,CR0400,2025-04-01,instagram,reel,100,553,754,803,0,False
PO03696,CA031,CR0405,2025-04-01,instagram,reel,2040,4307,7521,9017,600,False
PO03697,CA031,CR0874,2025-04-01,instagram,reel,480,1974,2839,3221,0,False
PO03698,CA031,CR0461,2025-04-01,instagram,reel,1820,5785,9192,9869,600,False
PO03699,CA031,CR0404,2025-04-01,instagram,reel,140,269,528,556,0,False
PO03700,CA031,CR0896,2025-04-01,instagram,reel,1852,5406,7678,8023,600,False
PO03701,CA031,CR0423,2025-04-01,instagram,short,317,2225,2719,3266,0,False
PO03702,CA031,CR1095,2025-04-01,instagram,reel,100,312,518,535,0,False
PO03703,CA031,CR0748,2025-04-01,instagram,reel,692,3110,5841,6172,0,False
PO03704,CA031,CR0633,2025-04-01,instagram,long_form,236,783,1286,1311,0,False
PO03705,CA031,CR0353,2025-04-01,instagram,reel,8606,24085,39431,42992,2350,False
PO03706,CA031,CR0145,2025-04-01,instagram,reel,135,348,844,866,0,False
PO03707,CA031,CR0984,2025-04-01,instagram,reel,100,100,911,1017,0,True
PO03708,CA031,CR0544,2025-04-01,instagram,reel,481,1780,2695,2927,0,False
PO03709,CA032,CR0130,2025-04-04,instagram,short,816,1520,3188,3680,0,False
PO03710,CA032,CR1097,2025-04-04,instagram,short,18821,97619,174847,177683,13900,False
PO03711,CA032,CR0310,2025-04-04,instagram,reel,27590,46891,113189,129808,5550,False
PO03712,CA032,CR0982,2025-04-04,instagram,reel,100,137,204,254,0,False
PO03713,CA032,CR0642,2025-04-04,instagram,reel,58727,315445,494230,553806,48650,False
PO03714,CA032,CR0229,2025-04-04,instagram,reel,103349,193863,435336,506463,13900,False
PO03715,CA032,CR0600,2025-04-04,instagram,reel,49800,144016,252928,309841,13900,False
PO03716,CA032,CR0847,2025-04-04,instagram,reel,82421,164091,255510,301295,13900,False
PO03717,CA032,CR0210,2025-04-04,instagram,reel,27412,89050,505808,596151,48650,True
PO03718,CA032,CR0067,2025-04-04,instagram,reel,16126,51012,145953,143988,5550,False
PO03719,CA032,CR0659,2025-04-04,instagram,short,36643,247274,350833,391849,13900,False
PO03720,CA032,CR0987,2025-04-04,instagram,reel,10137,15513,39400,38758,1400,False
PO03721,CA032,CR1175,2025-04-04,instagram,reel,11402,39790,67443,71462,5550,False
PO03722,CA032,CR1123,2025-04-04,instagram,long_form,17107,68074,118854,117799,5550,False
PO03723,CA032,CR1111,2025-04-04,instagram,reel,1234,5396,8111,9841,0,False
PO03724,CA032,CR0160,2025-04-04,instagram,long_form,6187,31921,64326,66026,5550,False
PO03725,CA032,CR0973,2025-04-04,instagram,long_form,6313,16569,26831,28044,1400,False
PO03726,CA032,CR0767,2025-04-04,instagram,reel,17744,92053,110503,136490,5550,False
PO03727,CA032,CR0539,2025-04-04,instagram,reel,100,100,100,100,0,False
PO03728,CA032,CR1125,2025-04-04,instagram,long_form,8410,22765,47726,56682,1400,False
PO03729,CA032,CR0998,2025-04-04,instagram,short,8333,13628,26884,31673,1400,False
PO03730,CA032,CR0761,2025-04-04,instagram,reel,26140,60862,128534,147016,5550,False
PO03731,CA032,CR0291,2025-04-04,instagram,reel,40919,97868,159945,180367,13900,False
PO03732,CA032,CR0307,2025-04-04,instagram,short,9916,34067,59188,64308,5550,False
PO03733,CA032,CR0911,2025-04-04,instagram,short,21063,44911,101154,118468,5550,False
PO03734,CA032,CR0852,2025-04-04,instagram,reel,10978,23754,43315,44597,1400,False
PO03735,CA032,CR0905,2025-04-04,instagram,long_form,5397,16584,37871,37075,1400,False
PO03736,CA032,CR0034,2025-04-04,instagram,reel,11726,25454,42852,45857,1400,False
PO03737,CA032,CR0886,2025-04-04,instagram,reel,12726,42030,83131,80775,5550,False
PO03738,CA032,CR0719,2025-04-04,instagram,reel,7347,48203,78674,86432,5550,False
PO03739,CA032,CR0266,2025-04-04,instagram,short,20620,42421,75010,81848,5550,False
PO03740,CA032,CR0595,2025-04-04,instagram,reel,100,167,403,393,0,False
PO03741,CA032,CR0353,2025-04-04,instagram,long_form,9730,24459,55436,57944,1400,False
PO03742,CA032,CR0545,2025-04-04,instagram,short,4356,16653,21731,25569,1400,False
PO03743,CA032,CR0303,2025-04-04,instagram,carousel,25974,49517,108543,129431,5550,False
PO03744,CA032,CR0490,2025-04-04,instagram,short,4366,19054,34931,39300,1400,False
PO03745,CA032,CR1130,2025-04-04,instagram,reel,7201,17563,46555,49432,1400,False
PO03746,CA032,CR0603,2025-04-04,instagram,reel,123890,199793,479938,468952,13900,False
PO03747,CA032,CR0446,2025-04-04,instagram,reel,74209,124377,268190,277071,13900,False
PO03748,CA032,CR1042,2025-04-04,instagram,reel,15341,50661,86026,88083,5550,False
PO03749,CA032,CR0990,2025-04-04,instagram,reel,629105,1237544,2629763,2781735,48650,False
PO03750,CA032,CR0535,2025-04-04,instagram,reel,161,589,914,930,0,False
PO03751,CA032,CR1150,2025-04-04,instagram,reel,131,408,780,886,0,False
PO03752,CA033,CR0443,2025-04-07,instagram,reel,2862,4627,10566,12055,250,False
PO03753,CA033,CR0316,2025-04-07,instagram,short,2723,10868,13828,15803,250,False
PO03754,CA033,CR0741,2025-04-07,instagram,reel,215,1098,1450,1690,0,False
PO03755,CA033,CR0931,2025-04-07,instagram,long_form,357,853,1117,1347,0,False
PO03756,CA033,CR0035,2025-04-07,instagram,short,366,1170,2774,2709,0,False
PO03757,CA033,CR1166,2025-04-07,instagram,reel,191,722,1614,1909,0,False
PO03758,CA033,CR1059,2025-04-07,instagram,reel,746,3205,5993,5957,250,False
PO03759,CA033,CR0999,2025-04-07,instagram,reel,189,575,828,1031,0,False
PO03760,CA033,CR1133,2025-04-07,instagram,long_form,208,463,617,765,0,False
PO03761,CA033,CR0292,2025-04-07,instagram,short,251,765,1895,1872,0,False
PO03762,CA033,CR0299,2025-04-07,instagram,short,145,472,620,728,0,False
PO03763,CA033,CR0214,2025-04-07,instagram,reel,250,699,987,1012,0,False
PO03764,CA033,CR0188,2025-04-07,instagram,reel,1213,3059,4711,5777,250,False
PO03765,CA033,CR1057,2025-04-07,instagram,reel,189,406,848,914,0,False
PO03766,CA033,CR0136,2025-04-07,instagram,short,128,275,602,599,0,False
PO03767,CA033,CR0628,2025-04-07,instagram,short,100,203,376,438,0,False
PO03768,CA033,CR0307,2025-04-07,instagram,short,4640,11537,19379,20326,850,False
PO03769,CA033,CR1080,2025-04-07,instagram,long_form,620,2061,4210,4586,0,False
PO03770,CA033,CR1047,2025-04-07,instagram,reel,3159,14724,25035,30383,850,False
PO03771,CA033,CR0749,2025-04-07,instagram,reel,3470,8670,12913,12901,250,False
PO03772,CA033,CR0448,2025-04-07,instagram,short,2882,7324,9782,10679,250,False
PO03773,CA033,CR0952,2025-04-07,instagram,reel,1049,2293,5047,5546,250,False
PO03774,CA033,CR0852,2025-04-07,instagram,short,7496,29548,55667,58959,2100,False
PO03775,CA033,CR0647,2025-04-07,instagram,short,2775,14302,27063,29444,850,False
PO03776,CA033,CR0084,2025-04-07,instagram,reel,100,261,369,443,0,False
PO03777,CA033,CR0553,2025-04-07,instagram,long_form,603,2623,5851,7129,250,False
PO03778,CA033,CR0051,2025-04-07,instagram,short,699,3337,4682,5110,250,False
PO03779,CA033,CR0231,2025-04-07,instagram,reel,363,2013,2779,2932,0,False
PO03780,CA033,CR0762,2025-04-07,instagram,reel,191,1216,1685,1768,0,False
PO03781,CA033,CR0720,2025-04-07,instagram,short,1892,2844,7040,7034,250,False
PO03782,CA033,CR0900,2025-04-07,instagram,short,641,1585,2168,2426,0,False
PO03783,CA033,CR0204,2025-04-07,instagram,short,142,379,444,547,0,False
PO03784,CA033,CR0380,2025-04-07,instagram,short,197,786,2027,2214,0,False
PO03785,CA033,CR0171,2025-04-07,instagram,carousel,673,1774,2861,2814,0,False
PO03786,CA033,CR0260,2025-04-07,instagram,long_form,1827,5050,7239,9009,250,False
PO03787,CA033,CR0661,2025-04-07,instagram,reel,1626,9063,20385,19814,250,False
PO03788,CA033,CR0616,2025-04-07,instagram,short,377,1887,4117,4186,0,False
PO03789,CA033,CR0359,2025-04-07,instagram,long_form,551,2348,3758,4335,0,False
PO03790,CA033,CR0591,2025-04-07,instagram,reel,1605,3648,6770,7763,250,False
PO03791,CA033,CR0636,2025-04-07,instagram,reel,4439,7561,16551,16856,250,False
PO03792,CA033,CR0779,2025-04-07,instagram,reel,498,2096,3600,4341,0,False
PO03793,CA033,CR0876,2025-04-07,instagram,reel,2865,5841,11806,13007,250,False
PO03794,CA033,CR1071,2025-04-07,instagram,short,1879,6514,15370,15049,250,False
PO03795,CA033,CR0061,2025-04-07,instagram,reel,543,2159,3810,4508,0,False
PO03796,CA033,CR0743,2025-04-07,instagram,reel,343,1140,1568,1866,0,False
PO03797,CA033,CR1158,2025-04-07,instagram,reel,143,388,686,856,0,False
PO03798,CA033,CR0835,2025-04-07,instagram,short,1368,3821,7113,7845,250,False
PO03799,CA033,CR0446,2025-04-07,instagram,long_form,4627,21847,30813,36182,850,False
PO03800,CA033,CR0574,2025-04-07,instagram,long_form,217,376,728,904,0,False
PO03801,CA033,CR1180,2025-04-07,instagram,carousel,6077,9203,23711,24442,850,False
PO03802,CA033,CR0627,2025-04-07,instagram,carousel,660,2930,3835,4424,0,False
PO03803,CA033,CR0146,2025-04-07,instagram,carousel,4650,19446,30355,36566,850,False
PO03804,CA033,CR0423,2025-04-07,instagram,reel,689,1669,3225,3399,0,False
PO03805,CA033,CR0641,2025-04-07,instagram,reel,748,1629,3760,4120,0,False
PO03806,CA033,CR0165,2025-04-07,instagram,reel,105,221,422,447,0,False
PO03807,CA033,CR1123,2025-04-07,instagram,reel,23640,49280,130900,139428,2100,False
PO03808,CA033,CR0003,2025-04-07,instagram,reel,100,638,2684,3454,0,True
PO03809,CA033,CR1111,2025-04-07,instagram,reel,4750,13562,17871,20685,850,False
PO03810,CA033,CR0054,2025-04-07,instagram,reel,474,1280,2080,2083,0,False
PO03811,CA033,CR1021,2025-04-07,instagram,reel,100,142,302,310,0,False
PO03812,CA033,CR1007,2025-04-07,instagram,reel,925,3110,4685,4729,0,False
PO03813,CA033,CR0916,2025-04-07,instagram,carousel,100,414,787,779,0,False
PO03814,CA033,CR0509,2025-04-07,instagram,long_form,445,2249,3349,3828,0,False
PO03815,CA033,CR0655,2025-04-07,instagram,reel,327,1385,9637,12758,250,True
PO03816,CA033,CR1121,2025-04-07,instagram,reel,736,2776,3859,4224,0,False
PO03817,CA033,CR0984,2025-04-07,instagram,short,150,710,961,1067,0,False
PO03818,CA033,CR0960,2025-04-07,instagram,short,791,2157,3833,4232,0,False
PO03819,CA033,CR0224,2025-04-07,instagram,short,4850,7750,16982,19454,250,False
PO03820,CA033,CR0046,2025-04-07,instagram,long_form,553,1653,4077,4480,0,False
PO03821,CA033,CR0010,2025-04-07,instagram,short,100,364,2672,3043,0,True
PO03822,CA033,CR1143,2025-04-07,instagram,carousel,6200,18854,30528,33857,850,False
PO03823,CA033,CR0986,2025-04-07,instagram,short,1450,4273,6475,7260,250,False
PO03824,CA033,CR0677,2025-04-07,instagram,reel,1360,3551,4821,5402,250,False
PO03825,CA033,CR0557,2025-04-07,instagram,short,456,2282,3596,4140,0,False
PO03826,CA033,CR0135,2025-04-07,instagram,short,5101,19832,35962,38673,850,False
PO03827,CA033,CR0584,2025-04-07,instagram,short,511,730,1963,2030,0,False
PO03828,CA033,CR0599,2025-04-07,instagram,long_form,682,1532,2623,2884,0,False
PO03829,CA033,CR0289,2025-04-07,instagram,reel,687,2327,5014,5088,250,False
PO03830,CA033,CR0823,2025-04-07,instagram,reel,390,2413,3718,4537,0,False
PO03831,CA033,CR0719,2025-04-07,instagram,short,3239,15737,22664,26070,850,False
PO03832,CA033,CR0321,2025-04-07,instagram,short,150,540,1052,1269,0,False
PO03833,CA033,CR0650,2025-04-07,instagram,reel,204,450,812,1000,0,False
PO03834,CA033,CR1044,2025-04-07,instagram,carousel,506,1171,2311,2379,0,False
PO03835,CA033,CR0968,2025-04-07,instagram,short,207,929,1389,1689,0,False
PO03836,CA033,CR0978,2025-04-07,instagram,reel,2921,7986,9440,11548,250,False
PO03837,CA033,CR0320,2025-04-07,instagram,reel,2409,33033,133327,175637,7350,True
PO03838,CA033,CR0868,2025-04-07,instagram,reel,1415,2809,4871,5756,250,False
PO03839,CA033,CR1072,2025-04-07,instagram,long_form,307,1045,1663,1940,0,False
PO03840,CA033,CR0085,2025-04-07,instagram,reel,911,2557,4090,4202,0,False
PO03841,CA034,CR0060,2025-04-10,youtube,short,125,248,511,541,0,False
PO03842,CA034,CR0075,2025-04-10,youtube,short,160,517,774,810,0,False
PO03843,CA034,CR0782,2025-04-10,youtube,long_form,173,689,1052,1128,0,False
PO03844,CA034,CR1053,2025-04-10,youtube,reel,262,1145,1964,1978,0,False
PO03845,CA034,CR0173,2025-04-10,youtube,reel,305,1290,2742,2905,0,False
PO03846,CA034,CR1119,2025-04-10,youtube,short,141,369,594,727,0,False
PO03847,CA034,CR0166,2025-04-10,youtube,short,100,147,383,391,0,False
PO03848,CA034,CR0183,2025-04-10,youtube,reel,108,197,392,458,0,False
PO03849,CA034,CR0156,2025-04-10,youtube,short,235,1331,1855,2110,0,False
PO03850,CA034,CR0241,2025-04-10,youtube,long_form,100,116,234,250,0,False
PO03851,CA034,CR0129,2025-04-10,youtube,reel,331,1336,2434,2416,0,False
PO03852,CA034,CR1177,2025-04-10,youtube,short,100,197,283,334,0,False
PO03853,CA034,CR0699,2025-04-10,youtube,short,193,627,3502,4309,0,True
PO03854,CA034,CR0156,2025-04-10,youtube,short,327,510,1192,1194,0,False
PO03855,CA034,CR0920,2025-04-10,youtube,short,831,3100,4673,4939,0,False
PO03856,CA034,CR0697,2025-04-10,youtube,reel,122,469,686,694,0,False
PO03857,CA034,CR0317,2025-04-10,youtube,long_form,294,487,1053,1283,0,False
PO03858,CA034,CR0965,2025-04-10,youtube,short,100,501,731,746,0,False
PO03859,CA034,CR0947,2025-04-10,youtube,short,381,1562,2545,2722,0,False
PO03860,CA034,CR0860,2025-04-10,youtube,short,322,510,1253,1296,0,False
PO03861,CA034,CR0580,2025-04-10,youtube,carousel,1463,3591,4659,5803,0,False
PO03862,CA034,CR0653,2025-04-10,youtube,reel,3008,8741,69752,77989,4050,True
PO03863,CA034,CR1063,2025-04-10,youtube,short,100,116,152,175,0,False
PO03864,CA034,CR0898,2025-04-10,youtube,reel,327,1121,1391,1606,0,False
PO03865,CA034,CR0893,2025-04-10,youtube,reel,112,512,715,767,0,False
PO03866,CA034,CR1183,2025-04-10,youtube,short,128,658,1238,1529,0,False
PO03867,CA034,CR0401,2025-04-10,youtube,short,311,953,1264,1414,0,False
PO03868,CA034,CR0913,2025-04-10,youtube,short,588,1569,4108,4050,0,False
PO03869,CA034,CR0977,2025-04-10,youtube,reel,100,100,100,100,0,False
PO03870,CA034,CR0714,2025-04-10,youtube,reel,100,102,171,212,0,False
PO03871,CA034,CR0902,2025-04-10,youtube,short,142,481,808,821,0,False
PO03872,CA034,CR0697,2025-04-10,youtube,reel,256,774,2135,2148,0,False
PO03873,CA034,CR0947,2025-04-10,youtube,short,683,1662,3807,4397,0,False
PO03874,CA034,CR0879,2025-04-10,youtube,short,100,100,142,147,0,False
PO03875,CA034,CR0103,2025-04-10,youtube,short,40306,62390,130500,149876,4050,False
PO03876,CA034,CR0234,2025-04-10,youtube,short,143,628,743,902,0,False
PO03877,CA034,CR0343,2025-04-10,youtube,long_form,224,546,831,886,0,False
PO03878,CA034,CR1046,2025-04-10,youtube,short,100,100,222,278,0,True
PO03879,CA034,CR0783,2025-04-10,youtube,long_form,100,100,196,214,0,False
PO03880,CA034,CR0935,2025-04-10,youtube,short,554,874,1786,2005,0,False
PO03881,CA034,CR1186,2025-04-10,youtube,long_form,136,641,1217,1302,0,False
PO03882,CA034,CR0795,2025-04-10,youtube,short,100,341,424,520,0,False
PO03883,CA034,CR0045,2025-04-10,youtube,carousel,100,100,147,173,0,False
PO03884,CA034,CR0551,2025-04-10,youtube,reel,100,100,101,114,0,False
PO03885,CA034,CR0166,2025-04-10,youtube,short,100,398,812,880,0,False
PO03886,CA034,CR1135,2025-04-10,youtube,short,194,502,949,1139,0,False
PO03887,CA034,CR0921,2025-04-10,youtube,long_form,100,100,118,133,0,False
PO03888,CA034,CR0012,2025-04-10,youtube,short,340,1257,1853,2088,0,False
PO03889,CA034,CR0670,2025-04-10,youtube,carousel,3997,10082,15056,18611,400,False
PO03890,CA034,CR0833,2025-04-10,youtube,short,15515,53720,134483,150291,4050,False
PO03891,CA034,CR0926,2025-04-10,youtube,short,1371,2461,4627,5116,0,False
PO03892,CA034,CR0696,2025-04-10,youtube,short,174,551,1481,1488,0,False
PO03893,CA034,CR0532,2025-04-10,youtube,long_form,191,368,615,753,0,False
PO03894,CA034,CR0308,2025-04-10,youtube,short,10464,20882,44659,44137,1600,False
PO03895,CA034,CR1137,2025-04-10,youtube,reel,469,1618,2360,2461,0,False
PO03896,CA034,CR0230,2025-04-10,youtube,reel,117,726,1191,1473,0,False
PO03897,CA034,CR0264,2025-04-10,youtube,short,2160,4764,8875,9959,400,False
PO03898,CA034,CR0325,2025-04-10,youtube,reel,492,1383,2197,2677,0,False
PO03899,CA034,CR0772,2025-04-10,youtube,long_form,128,410,827,882,0,False
PO03900,CA034,CR0714,2025-04-10,youtube,short,2359,5168,8641,8615,400,False
PO03901,CA034,CR1056,2025-04-10,youtube,short,512,1018,2439,2843,0,False
PO03902,CA034,CR0097,2025-04-10,youtube,long_form,201,554,792,892,0,False
PO03903,CA034,CR0683,2025-04-10,youtube,long_form,100,109,223,254,0,False
PO03904,CA034,CR0838,2025-04-10,youtube,long_form,100,108,156,183,0,False
PO03905,CA034,CR0056,2025-04-10,youtube,short,100,100,130,139,0,False
PO03906,CA034,CR0683,2025-04-10,youtube,reel,339,729,1737,2002,0,False
PO03907,CA034,CR0111,2025-04-10,youtube,short,152,260,523,547,0,False
PO03908,CA034,CR0892,2025-04-10,youtube,short,295,422,998,1071,0,False
PO03909,CA034,CR0754,2025-04-10,youtube,short,137,203,440,522,0,False
PO03910,CA034,CR1079,2025-04-10,youtube,short,339,1177,1923,1877,0,False
PO03911,CA034,CR0402,2025-04-10,youtube,short,100,335,681,764,0,False
PO03912,CA034,CR0124,2025-04-10,youtube,long_form,100,100,101,100,0,False
PO03913,CA034,CR0089,2025-04-10,youtube,long_form,100,487,564,705,0,False
PO03914,CA034,CR0935,2025-04-10,youtube,short,220,1321,1865,2129,0,False
PO03915,CA034,CR0111,2025-04-10,youtube,short,915,2829,3784,4134,0,False
PO03916,CA034,CR0220,2025-04-10,youtube,long_form,106,686,967,1081,0,False
PO03917,CA034,CR0455,2025-04-10,youtube,short,119,348,565,615,0,False
PO03918,CA034,CR0100,2025-04-10,youtube,short,36800,80712,126730,152005,4050,False
PO03919,CA034,CR0701,2025-04-10,youtube,short,990,5046,6415,7428,400,False
PO03920,CA034,CR0347,2025-04-10,youtube,long_form,575,1156,1891,2132,0,False
PO03921,CA034,CR0718,2025-04-10,youtube,long_form,100,100,152,158,0,False
PO03922,CA034,CR0179,2025-04-10,youtube,long_form,561,1740,2242,2597,0,False
PO03923,CA034,CR1151,2025-04-10,youtube,long_form,100,309,819,802,0,False
PO03924,CA034,CR0128,2025-04-10,youtube,short,775,1630,3589,3524,0,False
PO03925,CA034,CR1078,2025-04-10,youtube,reel,100,127,172,199,0,False
PO03926,CA034,CR0408,2025-04-10,youtube,short,100,431,706,693,0,False
PO03927,CA034,CR1160,2025-04-10,youtube,long_form,163,834,1203,1385,0,False
PO03928,CA034,CR0939,2025-04-10,youtube,short,100,133,354,369,0,False
PO03929,CA034,CR0074,2025-04-10,youtube,short,335,935,1207,1414,0,False
PO03930,CA034,CR0818,2025-04-10,youtube,long_form,100,197,437,426,0,False
PO03931,CA034,CR0250,2025-04-10,youtube,long_form,100,217,318,387,0,False
PO03932,CA034,CR0863,2025-04-10,youtube,long_form,512,742,1919,1914,0,False
PO03933,CA034,CR0587,2025-04-10,youtube,long_form,158,376,791,988,0,False
PO03934,CA034,CR0683,2025-04-10,youtube,long_form,100,100,100,100,0,False
PO03935,CA034,CR0947,2025-04-10,youtube,short,194,528,660,818,0,False
PO03936,CA034,CR0040,2025-04-10,youtube,short,12642,19938,40063,48816,1600,False
PO03937,CA034,CR1082,2025-04-10,youtube,long_form,305,724,1145,1183,0,False
PO03938,CA034,CR0073,2025-04-10,youtube,short,1039,2834,4142,5139,0,False
PO03939,CA034,CR0234,2025-04-10,youtube,short,434,2893,3817,4354,0,False
PO03940,CA034,CR0617,2025-04-10,youtube,short,429,1089,2337,2758,0,False
PO03941,CA034,CR1040,2025-04-10,youtube,short,13427,29344,68640,71744,4050,False
PO03942,CA034,CR0974,2025-04-10,youtube,reel,489,1112,2268,2472,0,False
PO03943,CA034,CR0517,2025-04-10,youtube,short,100,211,312,338,0,False
PO03944,CA034,CR0912,2025-04-10,youtube,short,100,579,694,860,0,False
PO03945,CA034,CR1086,2025-04-10,youtube,long_form,100,222,917,1212,0,True
PO03946,CA034,CR0756,2025-04-10,youtube,short,2966,6726,9880,11337,400,False
PO03947,CA034,CR0674,2025-04-10,youtube,short,100,411,521,613,0,False
PO03948,CA034,CR0784,2025-04-10,youtube,short,348,890,1191,1474,0,False
PO03949,CA034,CR0184,2025-04-10,youtube,long_form,188,525,702,860,0,False
PO03950,CA034,CR0437,2025-04-10,youtube,short,324,915,1634,1739,0,False
PO03951,CA034,CR0281,2025-04-10,youtube,short,243,796,1276,1315,0,False
PO03952,CA034,CR0816,2025-04-10,youtube,short,83194,225974,335101,336903,14150,False
PO03953,CA034,CR1034,2025-04-10,youtube,long_form,100,256,435,478,0,False
PO03954,CA034,CR0060,2025-04-10,youtube,long_form,159,472,1054,1181,0,False
PO03955,CA034,CR0236,2025-04-10,youtube,reel,100,165,241,294,0,False
PO03956,CA034,CR0640,2025-04-10,youtube,carousel,100,100,123,135,0,False
PO03957,CA034,CR0012,2025-04-10,youtube,short,100,196,406,402,0,False
PO03958,CA034,CR1000,2025-04-10,youtube,long_form,873,2140,4868,5120,0,False
PO03959,CA034,CR0220,2025-04-10,youtube,short,100,100,196,202,0,False
PO03960,CA034,CR0087,2025-04-10,youtube,long_form,37763,165682,319826,315496,14150,False
PO03961,CA034,CR0275,2025-04-10,youtube,reel,100,305,589,651,0,False
PO03962,CA034,CR0863,2025-04-10,youtube,reel,100,159,312,327,0,False
PO03963,CA034,CR0577,2025-04-10,youtube,short,100,172,292,317,0,False
PO03964,CA034,CR0198,2025-04-10,youtube,long_form,100,100,127,125,0,False
PO03965,CA034,CR1156,2025-04-10,youtube,short,102,187,382,393,0,False
PO03966,CA034,CR0364,2025-04-10,youtube,long_form,129,257,563,554,0,False
PO03967,CA034,CR0075,2025-04-10,youtube,reel,342,570,1098,1339,0,False
PO03968,CA034,CR0090,2025-04-10,youtube,long_form,100,200,281,298,0,False
PO03969,CA034,CR0232,2025-04-10,youtube,short,14691,35005,82325,86238,4050,False
PO03970,CA034,CR1053,2025-04-10,youtube,short,133,454,834,909,0,False
PO03971,CA034,CR0571,2025-04-10,youtube,long_form,131,509,658,731,0,False
PO03972,CA034,CR0746,2025-04-10,youtube,short,150,549,1266,1336,0,False
PO03973,CA034,CR0156,2025-04-10,youtube,short,251,573,870,938,0,False
PO03974,CA034,CR0343,2025-04-10,youtube,short,118,249,542,559,0,False
PO03975,CA034,CR0654,2025-04-10,youtube,reel,1904,4463,6720,7349,400,False
PO03976,CA034,CR0522,2025-04-10,youtube,short,100,687,1056,1060,0,False
PO03977,CA034,CR0668,2025-04-10,youtube,short,1021,5334,9033,9397,400,False
PO03978,CA034,CR0551,2025-04-10,youtube,short,117,262,394,440,0,False
PO03979,CA034,CR0455,2025-04-10,youtube,carousel,100,146,261,311,0,False
PO03980,CA034,CR0366,2025-04-10,youtube,long_form,34641,53011,126361,135508,4050,False
PO03981,CA034,CR0728,2025-04-10,youtube,long_form,100,100,146,163,0,False
PO03982,CA034,CR0105,2025-04-10,youtube,long_form,108,164,406,415,0,False
PO03983,CA034,CR0196,2025-04-10,youtube,long_form,100,201,299,317,0,False
PO03984,CA034,CR0183,2025-04-10,youtube,long_form,200,286,591,738,0,False
PO03985,CA034,CR0395,2025-04-10,youtube,short,156,681,1173,1153,0,False
PO03986,CA034,CR0714,2025-04-10,youtube,long_form,110,297,398,470,0,False
PO03987,CA034,CR0241,2025-04-10,youtube,short,292,2097,2828,3514,0,False
PO03988,CA034,CR0129,2025-04-10,youtube,short,100,413,637,633,0,False
PO03989,CA034,CR1135,2025-04-10,youtube,long_form,704,1138,2254,2658,0,False
PO03990,CA034,CR0571,2025-04-10,youtube,long_form,132,290,530,524,0,False
PO03991,CA034,CR1151,2025-04-10,youtube,short,149,402,787,975,0,False
PO03992,CA034,CR0254,2025-04-10,youtube,short,100,122,200,241,0,False
PO03993,CA034,CR0867,2025-04-10,youtube,reel,100,100,100,100,0,False
PO03994,CA034,CR0917,2025-04-10,youtube,reel,100,151,246,285,0,False
PO03995,CA034,CR0455,2025-04-10,youtube,long_form,100,299,503,574,0,False
PO03996,CA034,CR0323,2025-04-10,youtube,short,165,466,948,1006,0,False
PO03997,CA034,CR0456,2025-04-10,youtube,short,100,104,200,217,0,False
PO03998,CA034,CR0724,2025-04-10,youtube,short,100,100,228,222,0,False
PO03999,CA034,CR0894,2025-04-10,youtube,short,806,1675,2727,3046,0,False
PO04000,CA034,CR0072,2025-04-10,youtube,long_form,273,1541,2455,2402,0,False
PO04001,CA034,CR0390,2025-04-10,youtube,short,2860,6653,12387,14016,400,False
PO04002,CA034,CR1092,2025-04-10,youtube,short,136,486,860,1004,0,False
PO04003,CA034,CR1092,2025-04-10,youtube,short,428,1082,1429,1555,0,False
PO04004,CA034,CR0892,2025-04-10,youtube,short,138,1092,1373,1569,0,False
PO04005,CA034,CR0317,2025-04-10,youtube,short,275,484,1108,1149,0,False
PO04006,CA034,CR0580,2025-04-10,youtube,long_form,701,2404,3156,3736,0,False
PO04007,CA034,CR0765,2025-04-10,youtube,short,210,930,1929,2082,0,False
PO04008,CA034,CR0156,2025-04-10,youtube,short,393,2512,4888,4752,0,False
PO04009,CA034,CR0696,2025-04-10,youtube,short,436,1216,2382,2387,0,False
PO04010,CA034,CR0116,2025-04-10,youtube,short,358,831,1700,1895,0,False
PO04011,CA034,CR0772,2025-04-10,youtube,short,237,416,958,951,0,False
PO04012,CA034,CR1086,2025-04-10,youtube,short,663,1570,2165,2698,0,False
PO04013,CA034,CR0345,2025-04-10,youtube,short,1630,4340,5816,6636,400,False
PO04014,CA034,CR0759,2025-04-10,youtube,long_form,100,176,832,991,0,True
PO04015,CA034,CR0934,2025-04-10,youtube,short,121,384,742,802,0,False
PO04016,CA034,CR0887,2025-04-10,youtube,short,7020,25767,36495,39593,1600,False
PO04017,CA034,CR0009,2025-04-10,youtube,long_form,100,100,100,100,0,False
PO04018,CA034,CR0075,2025-04-10,youtube,short,100,133,293,322,0,False
PO04019,CA034,CR0665,2025-04-10,youtube,reel,2360,5460,12525,12492,400,False
PO04020,CA034,CR0644,2025-04-10,youtube,carousel,101,156,374,374,0,False
PO04021,CA034,CR1178,2025-04-10,youtube,short,100,514,2754,2964,0,True
PO04022,CA034,CR0196,2025-04-10,youtube,long_form,100,117,1110,1384,0,True
PO04023,CA034,CR0217,2025-04-10,youtube,long_form,1884,5873,9745,9644,400,False
PO04024,CA034,CR0715,2025-04-10,youtube,short,300,1375,2169,2488,0,False
PO04025,CA034,CR0746,2025-04-10,youtube,long_form,290,720,974,1078,0,False
PO04026,CA034,CR0009,2025-04-10,youtube,long_form,348,759,1704,1732,0,False
PO04027,CA034,CR1098,2025-04-10,youtube,reel,55446,205601,264117,323865,14150,False
PO04028,CA034,CR0935,2025-04-10,youtube,long_form,640,1110,2653,2823,0,False
PO04029,CA034,CR0706,2025-04-10,youtube,short,100,117,217,258,0,False
PO04030,CA034,CR0517,2025-04-10,youtube,long_form,100,234,352,383,0,False
PO04031,CA034,CR0951,2025-04-10,youtube,short,231,493,800,904,0,False
PO04032,CA035,CR0201,2025-04-13,instagram,reel,100,122,1265,1351,0,True
PO04033,CA035,CR0645,2025-04-13,instagram,reel,886,3254,6317,6716,0,False
PO04034,CA035,CR0172,2025-04-13,instagram,short,448,692,1670,1654,0,False
PO04035,CA035,CR0336,2025-04-13,instagram,reel,1030,3849,6513,7737,0,False
PO04036,CA035,CR0828,2025-04-13,instagram,long_form,503,1746,2013,2501,0,False
PO04037,CA035,CR0978,2025-04-13,instagram,reel,431,1996,3024,3506,0,False
PO04038,CA035,CR0031,2025-04-13,instagram,short,100,105,258,266,0,False
PO04039,CA035,CR1143,2025-04-13,instagram,reel,715,1550,2887,3261,0,False
PO04040,CA035,CR1010,2025-04-13,instagram,reel,3806,5834,15917,15805,1200,False
PO04041,CA035,CR0798,2025-04-13,instagram,carousel,139,267,611,717,0,False
PO04042,CA035,CR1054,2025-04-13,instagram,reel,100,148,299,359,0,False
PO04043,CA035,CR0732,2025-04-13,instagram,reel,1308,9131,12343,15110,0,False
PO04044,CA035,CR0733,2025-04-13,instagram,reel,362,1194,1768,2191,0,False
PO04045,CA035,CR0161,2025-04-13,instagram,long_form,100,272,474,464,0,False
PO04046,CA035,CR0536,2025-04-13,instagram,reel,8867,21980,34898,42650,1200,False
PO04047,CA035,CR0824,2025-04-13,instagram,long_form,417,1179,2082,2259,0,False
PO04048,CA035,CR0509,2025-04-13,instagram,reel,2000,2626,6239,7157,0,False
PO04049,CA035,CR0423,2025-04-13,instagram,reel,328,1277,2063,2377,0,False
PO04050,CA035,CR0959,2025-04-13,instagram,reel,768,1383,3621,3806,0,False
PO04051,CA035,CR0399,2025-04-13,instagram,carousel,2647,8319,12154,13950,0,False
PO04052,CA035,CR0508,2025-04-13,instagram,carousel,239,1448,2530,2685,0,False
PO04053,CA035,CR0694,2025-04-13,instagram,short,245,1332,1872,2169,0,False
PO04054,CA035,CR0968,2025-04-13,instagram,reel,209,652,859,933,0,False
PO04055,CA035,CR1041,2025-04-13,instagram,reel,7997,29150,44139,46980,1200,False
PO04056,CA035,CR0320,2025-04-13,instagram,reel,3196,10996,65853,85047,4800,True
PO04057,CA035,CR1072,2025-04-13,instagram,short,1002,3314,6708,7048,0,False
PO04058,CA035,CR0681,2025-04-13,instagram,reel,1739,4744,8488,9376,0,False
PO04059,CA035,CR0891,2025-04-13,instagram,short,3523,5505,13477,14803,0,False
PO04060,CA035,CR0897,2025-04-13,instagram,reel,165,695,1326,1537,0,False
PO04061,CA035,CR0014,2025-04-13,instagram,reel,457,1081,1827,2246,0,False
PO04062,CA035,CR0436,2025-04-13,instagram,reel,315,572,1221,1314,0,False
PO04063,CA035,CR1105,2025-04-13,instagram,reel,169,1094,1407,1596,0,False
PO04064,CA035,CR1127,2025-04-13,instagram,carousel,372,729,1891,1961,0,False
PO04065,CA035,CR0616,2025-04-13,instagram,reel,1812,4599,6077,6660,0,False
PO04066,CA035,CR0406,2025-04-13,instagram,reel,2295,5195,7960,8289,0,False
PO04067,CA035,CR0486,2025-04-13,instagram,reel,466,941,1407,1682,0,False
PO04068,CA035,CR0168,2025-04-13,instagram,carousel,100,960,5901,6435,0,True
PO04069,CA035,CR1172,2025-04-13,instagram,carousel,343,1196,2520,3124,0,False
PO04070,CA035,CR0901,2025-04-13,instagram,short,1082,2188,3940,4039,0,False
PO04071,CA035,CR0435,2025-04-13,instagram,reel,993,2171,5118,5943,0,False
PO04072,CA035,CR1065,2025-04-13,instagram,long_form,4536,8051,14738,16835,1200,False
PO04073,CA035,CR0188,2025-04-13,instagram,short,363,810,1415,1619,0,False
PO04074,CA035,CR0861,2025-04-13,instagram,reel,231,524,783,926,0,False
PO04075,CA035,CR0785,2025-04-13,instagram,reel,1858,5612,9535,9798,0,False
PO04076,CA035,CR0593,2025-04-13,instagram,reel,1334,2680,5366,6286,0,False
PO04077,CA035,CR1123,2025-04-13,instagram,short,7313,20018,30478,34343,1200,False
PO04078,CA035,CR0585,2025-04-13,instagram,long_form,6584,24024,29635,35996,1200,False
PO04079,CA035,CR0684,2025-04-13,instagram,reel,2627,4695,8955,9720,0,False
PO04080,CA035,CR1116,2025-04-13,instagram,reel,9386,29196,37547,42873,1200,False
PO04081,CA035,CR1022,2025-04-13,instagram,carousel,266,716,1399,1639,0,False
PO04082,CA035,CR0403,2025-04-13,instagram,carousel,124,905,7349,7992,0,True
PO04083,CA035,CR0852,2025-04-13,instagram,short,57158,166269,397443,422903,12050,False
PO04084,CA035,CR0990,2025-04-13,instagram,carousel,10167,16736,37560,39220,1200,False
PO04085,CA035,CR0084,2025-04-13,instagram,long_form,100,116,154,182,0,False
PO04086,CA035,CR1129,2025-04-13,instagram,reel,178,738,1727,1721,0,False
PO04087,CA035,CR1024,2025-04-13,instagram,carousel,100,206,1092,1312,0,True
PO04088,CA035,CR1179,2025-04-13,instagram,reel,188,679,1176,1278,0,False
PO04089,CA035,CR0051,2025-04-13,instagram,short,2898,9383,24343,26105,1200,False
PO04090,CA035,CR0300,2025-04-13,instagram,reel,302,1215,2804,2945,0,False
PO04091,CA035,CR0855,2025-04-13,instagram,reel,170,336,659,701,0,False
PO04092,CA035,CR1020,2025-04-13,instagram,reel,884,3258,7130,8662,0,False
PO04093,CA035,CR0269,2025-04-13,instagram,carousel,100,223,582,589,0,False
PO04094,CA035,CR1191,2025-04-13,instagram,reel,222,1091,1658,1691,0,False
PO04095,CA035,CR0041,2025-04-13,instagram,long_form,1130,3436,5219,5368,0,False
PO04096,CA035,CR1121,2025-04-13,instagram,long_form,1982,3322,7642,7464,0,False
PO04097,CA035,CR0620,2025-04-13,instagram,long_form,308,1086,1417,1710,0,False
PO04098,CA035,CR0453,2025-04-13,instagram,reel,779,1507,2504,2798,0,False
PO04099,CA035,CR0243,2025-04-13,instagram,long_form,941,4694,6954,6937,0,False
PO04100,CA035,CR0987,2025-04-13,instagram,short,22029,61137,97413,113421,4800,False
PO04101,CA035,CR0574,2025-04-13,instagram,reel,506,3232,4152,4642,0,False
PO04102,CA035,CR0914,2025-04-13,instagram,short,236,1690,2388,2469,0,False
PO04103,CA035,CR0700,2025-04-13,instagram,reel,390,1730,4236,4437,0,False
PO04104,CA035,CR0301,2025-04-13,instagram,reel,694,4005,6702,8310,0,False
PO04105,CA035,CR1059,2025-04-13,instagram,carousel,165,476,674,769,0,False
PO04106,CA035,CR1029,2025-04-13,instagram,reel,537,854,2265,2328,0,False
PO04107,CA035,CR0339,2025-04-13,instagram,reel,215,1402,1931,2040,0,False
PO04108,CA035,CR1190,2025-04-13,instagram,reel,3791,5829,13120,15271,0,False
PO04109,CA035,CR0109,2025-04-13,instagram,short,270,864,1381,1640,0,False
PO04110,CA035,CR1194,2025-04-13,instagram,reel,1599,2825,24756,32630,1200,True
PO04111,CA035,CR0750,2025-04-13,instagram,carousel,244,699,1151,1178,0,False
PO04112,CA035,CR0755,2025-04-13,instagram,reel,1923,4289,8364,9121,0,False
PO04113,CA035,CR0461,2025-04-13,instagram,short,1922,3558,8832,8793,0,False
PO04114,CA035,CR0884,2025-04-13,instagram,reel,4156,7707,16647,19160,1200,False
PO04115,CA035,CR0070,2025-04-13,instagram,reel,6543,17985,35397,35576,1200,False
PO04116,CA035,CR0544,2025-04-13,instagram,reel,189,534,695,859,0,False
PO04117,CA035,CR0771,2025-04-13,instagram,long_form,100,112,183,217,0,False
PO04118,CA035,CR0110,2025-04-13,instagram,reel,1196,2418,4646,4649,0,False
PO04119,CA035,CR0443,2025-04-13,instagram,long_form,100,463,636,681,0,False
PO04120,CA035,CR0079,2025-04-13,instagram,reel,225,844,1732,1869,0,False
PO04121,CA035,CR0253,2025-04-13,instagram,reel,100,162,268,318,0,False
PO04122,CA035,CR0556,2025-04-13,instagram,long_form,838,2531,3637,4442,0,False
PO04123,CA035,CR0868,2025-04-13,instagram,short,536,1944,3394,3541,0,False
PO04124,CA035,CR0630,2025-04-13,instagram,long_form,262,619,1119,1197,0,False
PO04125,CA035,CR0814,2025-04-13,instagram,reel,641,2267,3368,3469,0,False
PO04126,CA035,CR0303,2025-04-13,instagram,reel,638,3987,27116,35051,1200,True
PO04127,CA035,CR1185,2025-04-13,instagram,reel,628,1244,2674,2654,0,False
PO04128,CA035,CR0244,2025-04-13,instagram,long_form,588,1186,2341,2440,0,False
PO04129,CA035,CR0748,2025-04-13,instagram,reel,155,307,693,820,0,False
PO04130,CA035,CR0521,2025-04-13,instagram,reel,6040,21865,48704,58823,1200,False
PO04131,CA035,CR0780,2025-04-13,instagram,short,9977,19261,43150,50219,1200,False
PO04132,CA035,CR0058,2025-04-13,instagram,reel,8660,12890,32661,32151,1200,False
PO04133,CA035,CR0417,2025-04-13,instagram,reel,100,100,429,541,0,True
PO04134,CA035,CR0998,2025-04-13,instagram,short,4182,12787,14866,18485,1200,False
PO04135,CA035,CR0907,2025-04-13,instagram,carousel,387,699,1669,1983,0,False
PO04136,CA035,CR0504,2025-04-13,instagram,reel,1568,6328,13452,14316,0,False
PO04137,CA035,CR0472,2025-04-13,instagram,reel,735,1401,2719,3340,0,False
PO04138,CA035,CR0291,2025-04-13,instagram,reel,16188,55413,73021,84171,4800,False
PO04139,CA035,CR0297,2025-04-13,instagram,reel,1086,3738,5911,5927,0,False
PO04140,CA035,CR0147,2025-04-13,instagram,carousel,378,1347,1855,1962,0,False
PO04141,CA035,CR0743,2025-04-13,instagram,short,470,1197,1891,2155,0,False
PO04142,CA035,CR0410,2025-04-13,instagram,reel,482,776,1822,1834,0,False
PO04143,CA035,CR1016,2025-04-13,instagram,reel,1528,3155,5315,5624,0,False
PO04144,CA035,CR1064,2025-04-13,instagram,reel,100,411,521,641,0,False
PO04145,CA035,CR0530,2025-04-13,instagram,short,117,662,5700,7189,0,True
PO04146,CA035,CR1176,2025-04-13,instagram,short,219,560,891,951,0,False
PO04147,CA035,CR1193,2025-04-13,instagram,short,10155,44320,65416,72732,4800,False
PO04148,CA035,CR1095,2025-04-13,instagram,carousel,100,150,215,237,0,False
PO04149,CA035,CR0552,2025-04-13,instagram,short,11627,31320,46153,49115,1200,False
PO04150,CA035,CR1027,2025-04-13,instagram,reel,1946,2899,7483,7415,0,False
PO04151,CA035,CR0310,2025-04-13,instagram,long_form,52987,172556,378239,399175,12050,False
PO04152,CA035,CR0352,2025-04-13,instagram,reel,2806,3757,8359,10381,0,False
PO04153,CA035,CR0769,2025-04-13,instagram,reel,308,1045,1581,1766,0,False
PO04154,CA035,CR1102,2025-04-13,instagram,carousel,2010,6528,8751,9576,0,False
PO04155,CA035,CR0874,2025-04-13,instagram,long_form,2477,6336,11145,12176,0,False
PO04156,CA035,CR0371,2025-04-13,instagram,reel,110,598,970,1003,0,False
PO04157,CA035,CR0195,2025-04-13,instagram,reel,1258,2363,4476,5152,0,False
PO04158,CA035,CR0629,2025-04-13,instagram,short,6216,17300,23013,26111,1200,False
PO04159,CA035,CR0289,2025-04-13,instagram,reel,100,268,496,548,0,False
PO04160,CA035,CR1011,2025-04-13,instagram,reel,1421,2980,6257,6520,0,False
PO04161,CA035,CR0245,2025-04-13,instagram,short,1211,1795,3908,4473,0,False
PO04162,CA035,CR0171,2025-04-13,instagram,short,4384,10457,16205,16096,1200,False
PO04163,CA035,CR0747,2025-04-13,instagram,reel,648,1832,3550,4267,0,False
PO04164,CA035,CR0400,2025-04-13,instagram,long_form,285,1458,2187,2154,0,False
PO04165,CA035,CR0516,2025-04-13,instagram,short,452,1458,2324,2274,0,False
PO04166,CA035,CR0326,2025-04-13,instagram,reel,259,985,1562,1688,0,False
PO04167,CA035,CR0085,2025-04-13,instagram,long_form,3841,12976,20189,20407,1200,False
PO04168,CA035,CR0599,2025-04-13,instagram,long_form,1397,4244,5370,6204,0,False
PO04169,CA035,CR0865,2025-04-13,instagram,reel,274,577,1230,1455,0,False
PO04170,CA035,CR0727,2025-04-13,instagram,short,2630,4816,10507,13074,0,False
PO04171,CA035,CR0835,2025-04-13,instagram,reel,226,897,2121,2195,0,False
PO04172,CA035,CR1057,2025-04-13,instagram,long_form,485,2519,3300,3829,0,False
PO04173,CA035,CR1093,2025-04-13,instagram,reel,227,889,1805,1897,0,False
PO04174,CA035,CR0405,2025-04-13,instagram,reel,688,2089,4714,5109,0,False
PO04175,CA035,CR1080,2025-04-13,instagram,reel,376,2237,3514,3536,0,False
PO04176,CA035,CR1165,2025-04-13,instagram,short,311,587,1156,1136,0,False
PO04177,CA035,CR0695,2025-04-13,instagram,short,384,939,1419,1448,0,False
PO04178,CA035,CR0983,2025-04-13,instagram,carousel,753,2289,3493,3593,0,False
PO04179,CA035,CR0794,2025-04-13,instagram,short,218,1606,2484,2671,0,False
PO04180,CA035,CR0011,2025-04-13,instagram,long_form,100,489,821,842,0,False
PO04181,CA035,CR0803,2025-04-13,instagram,short,665,2127,3090,3200,0,False
PO04182,CA035,CR0215,2025-04-13,instagram,reel,422,1302,2360,2338,0,False
PO04183,CA035,CR0434,2025-04-13,instagram,long_form,30565,96900,128719,149489,4800,False
PO04184,CA035,CR1068,2025-04-13,instagram,reel,244,1265,1624,1861,0,False
PO04185,CA035,CR0626,2025-04-13,instagram,reel,169,799,1340,1638,0,False
PO04186,CA035,CR0627,2025-04-13,instagram,short,943,2367,3042,3396,0,False
PO04187,CA035,CR0165,2025-04-13,instagram,reel,135,323,488,577,0,False
PO04188,CA035,CR1047,2025-04-13,instagram,reel,655,1767,2690,2954,0,False
PO04189,CA035,CR0383,2025-04-13,instagram,reel,2708,5241,13680,13580,0,False
PO04190,CA035,CR1013,2025-04-13,instagram,short,231,623,903,1030,0,False
PO04191,CA035,CR0046,2025-04-13,instagram,reel,174,395,910,909,0,False
PO04192,CA035,CR0092,2025-04-13,instagram,carousel,135,718,922,1101,0,False
PO04193,CA035,CR1089,2025-04-13,instagram,short,341,944,2011,2001,0,False
PO04194,CA035,CR0010,2025-04-13,instagram,reel,709,1918,2961,3354,0,False
PO04195,CA035,CR0542,2025-04-13,instagram,short,991,4536,7925,8035,0,False
PO04196,CA035,CR0145,2025-04-13,instagram,reel,1014,3251,6525,7018,0,False
PO04197,CA036,CR1014,2025-04-16,instagram,short,338,1191,1694,1735,0,False
PO04198,CA036,CR1002,2025-04-16,instagram,reel,100,100,123,137,0,False
PO04199,CA036,CR0967,2025-04-16,instagram,long_form,196,1260,1820,2111,0,False
PO04200,CA036,CR0819,2025-04-16,instagram,reel,100,229,373,415,0,False
PO04201,CA036,CR0975,2025-04-16,instagram,reel,506,2402,3336,3835,0,False
PO04202,CA036,CR0564,2025-04-16,instagram,reel,271,575,1118,1156,0,False
PO04203,CA036,CR0738,2025-04-16,instagram,reel,100,243,459,515,0,False
PO04204,CA036,CR0266,2025-04-16,instagram,short,18898,55233,89344,96846,5150,False
PO04205,CA036,CR0949,2025-04-16,instagram,reel,397,689,1305,1535,0,False
PO04206,CA036,CR0147,2025-04-16,instagram,reel,100,349,564,603,0,False
PO04207,CA036,CR0744,2025-04-16,instagram,carousel,199,853,1652,1665,0,False
PO04208,CA036,CR0138,2025-04-16,instagram,reel,382,1476,8431,9056,500,True
PO04209,CA036,CR0525,2025-04-16,instagram,short,210,348,879,897,0,False
PO04210,CA036,CR0013,2025-04-16,instagram,reel,100,100,149,148,0,False
PO04211,CA036,CR0425,2025-04-16,instagram,reel,100,159,890,952,0,True
PO04212,CA036,CR0043,2025-04-16,instagram,reel,383,1399,1787,2103,0,False
PO04213,CA036,CR0327,2025-04-16,instagram,short,100,100,100,108,0,False
PO04214,CA036,CR0107,2025-04-16,instagram,reel,100,100,104,111,0,False
PO04215,CA036,CR0649,2025-04-16,instagram,reel,320,1003,2153,2621,0,False
PO04216,CA036,CR0678,2025-04-16,instagram,long_form,394,1302,2178,2200,0,False
PO04217,CA036,CR0957,2025-04-16,instagram,long_form,1647,7576,12514,14976,500,False
PO04218,CA036,CR0771,2025-04-16,instagram,short,1328,3295,5232,5460,0,False
PO04219,CA036,CR1115,2025-04-16,instagram,reel,100,100,183,205,0,False
PO04220,CA036,CR0526,2025-04-16,instagram,short,298,413,1052,1118,0,False
PO04221,CA036,CR1134,2025-04-16,instagram,reel,104,747,1133,1102,0,False
PO04222,CA036,CR0802,2025-04-16,instagram,short,100,100,150,187,0,False
PO04223,CA036,CR0660,2025-04-16,instagram,reel,100,550,2679,3413,0,True
PO04224,CA036,CR0663,2025-04-16,instagram,reel,100,314,505,610,0,False
PO04225,CA036,CR0987,2025-04-16,instagram,reel,4606,19881,28858,29416,2050,False
PO04226,CA036,CR0619,2025-04-16,instagram,short,305,1017,1933,1881,0,False
PO04227,CA036,CR1171,2025-04-16,instagram,carousel,100,100,100,100,0,False
PO04228,CA036,CR0374,2025-04-16,instagram,reel,176,1048,1727,1752,0,False
PO04229,CA036,CR0428,2025-04-16,instagram,long_form,100,192,269,296,0,False
PO04230,CA036,CR0601,2025-04-16,instagram,short,1210,3415,6250,6662,0,False
PO04231,CA036,CR0026,2025-04-16,instagram,short,100,100,397,517,0,True
PO04232,CA037,CR0933,2025-04-19,instagram,long_form,360,747,1064,1328,0,False
PO04233,CA037,CR0610,2025-04-19,instagram,short,100,100,100,100,0,False
PO04234,CA037,CR0601,2025-04-19,instagram,reel,178,469,571,706,0,False
PO04235,CA037,CR0678,2025-04-19,instagram,reel,100,241,527,548,0,False
PO04236,CA037,CR1006,2025-04-19,instagram,short,100,121,203,233,0,False
PO04237,CA037,CR0202,2025-04-19,instagram,short,141,321,552,586,0,False
PO04238,CA037,CR0253,2025-04-19,instagram,long_form,100,100,100,100,0,False
PO04239,CA037,CR0882,2025-04-19,instagram,carousel,196,552,764,893,0,False
PO04240,CA037,CR0589,2025-04-19,instagram,reel,249,864,1246,1251,0,False
PO04241,CA037,CR0139,2025-04-19,instagram,long_form,100,156,353,355,0,False
PO04242,CA037,CR0385,2025-04-19,instagram,reel,100,100,100,100,0,False
PO04243,CA037,CR0602,2025-04-19,instagram,long_form,105,172,384,397,0,False
PO04244,CA037,CR0716,2025-04-19,instagram,long_form,149,742,3129,3799,0,True
PO04245,CA037,CR0449,2025-04-19,instagram,reel,571,1655,4129,4050,0,False
PO04246,CA037,CR0800,2025-04-19,instagram,short,100,100,149,158,0,False
PO04247,CA037,CR0791,2025-04-19,instagram,short,678,996,2464,2742,0,False
PO04248,CA037,CR0966,2025-04-19,instagram,reel,872,2956,4440,4388,0,False
PO04249,CA037,CR0698,2025-04-19,instagram,reel,444,620,1541,1636,0,False
PO04250,CA037,CR0133,2025-04-19,instagram,reel,231,618,1669,1706,0,False
PO04251,CA037,CR0078,2025-04-19,instagram,reel,100,100,127,124,0,False
PO04252,CA037,CR0427,2025-04-19,instagram,reel,241,641,1337,1324,0,False
PO04253,CA037,CR1147,2025-04-19,instagram,reel,100,134,207,225,0,False
PO04254,CA037,CR0945,2025-04-19,instagram,reel,100,213,302,329,0,False
PO04255,CA037,CR0199,2025-04-19,instagram,reel,751,3213,5888,6017,0,False
PO04256,CA037,CR0810,2025-04-19,instagram,reel,944,1531,3552,4113,0,False
PO04257,CA037,CR0535,2025-04-19,instagram,reel,245,546,972,987,0,False
PO04258,CA037,CR0285,2025-04-19,instagram,short,147,721,1084,1075,0,False
PO04259,CA037,CR0013,2025-04-19,instagram,reel,167,493,661,773,0,False
PO04260,CA037,CR0069,2025-04-19,instagram,reel,313,1089,1516,1767,0,False
PO04261,CA037,CR0487,2025-04-19,instagram,reel,427,947,2090,2032,0,False
PO04262,CA037,CR0080,2025-04-19,instagram,reel,215,410,825,947,0,False
PO04263,CA037,CR0302,2025-04-19,instagram,reel,100,176,321,365,0,False
PO04264,CA038,CR0492,2025-04-22,youtube,short,4742,15052,21673,24317,450,False
PO04265,CA038,CR0944,2025-04-22,youtube,long_form,2567,6013,13396,13509,450,False
PO04266,CA038,CR0936,2025-04-22,youtube,long_form,846,2189,3096,3380,0,False
PO04267,CA038,CR1200,2025-04-22,youtube,long_form,973,2200,2956,3621,0,False
PO04268,CA038,CR1154,2025-04-22,youtube,short,6886,9812,21530,24683,450,False
PO04269,CA038,CR0095,2025-04-22,youtube,long_form,3213,7269,13890,15537,450,False
PO04270,CA038,CR0444,2025-04-22,youtube,short,1843,9891,17111,18007,450,False
PO04271,CA038,CR0581,2025-04-22,youtube,short,3761,15387,19329,23077,450,False
PO04272,CA038,CR0664,2025-04-22,youtube,reel,1899,7137,11563,11627,450,False
PO04273,CA038,CR0946,2025-04-22,youtube,short,1956,8795,13203,12914,450,False
PO04274,CA038,CR0132,2025-04-22,youtube,short,45371,97968,238016,245788,4600,False
PO04275,CA038,CR0705,2025-04-22,youtube,short,7042,19199,24877,27852,450,False
PO04276,CA038,CR0812,2025-04-22,youtube,reel,1138,4582,6514,8125,0,False
PO04277,CA038,CR0073,2025-04-22,youtube,long_form,207,842,1303,1475,0,False
PO04278,CA038,CR0577,2025-04-22,youtube,short,339,594,1312,1380,0,False
PO04279,CA038,CR0759,2025-04-22,youtube,short,195,556,710,820,0,False
PO04280,CA038,CR0699,2025-04-22,youtube,long_form,234,584,1071,1265,0,False
PO04281,CA038,CR0438,2025-04-22,youtube,reel,2601,9610,13866,14530,450,False
PO04282,CA038,CR0468,2025-04-22,youtube,short,953,1524,3364,4041,0,False
PO04283,CA038,CR0295,2025-04-22,youtube,long_form,1084,4199,8750,8815,0,False
PO04284,CA038,CR0465,2025-04-22,youtube,short,1038,2796,5983,7420,0,False
PO04285,CA038,CR0688,2025-04-22,youtube,long_form,935,2451,4495,4602,0,False
PO04286,CA038,CR0042,2025-04-22,youtube,long_form,100,488,885,943,0,False
PO04287,CA038,CR0288,2025-04-22,youtube,short,1617,7535,9521,11808,450,False
PO04288,CA038,CR0670,2025-04-22,youtube,short,2298,7138,15986,17623,450,False
PO04289,CA038,CR1114,2025-04-22,youtube,short,5589,11842,19171,20915,450,False
PO04290,CA038,CR1018,2025-04-22,youtube,short,8817,23732,44593,45442,1850,False
PO04291,CA038,CR1018,2025-04-22,youtube,short,11615,30249,41658,48554,1850,False
PO04292,CA038,CR1037,2025-04-22,youtube,short,940,4180,5833,6669,0,False
PO04293,CA038,CR0348,2025-04-22,youtube,long_form,3154,13802,31146,31291,450,False
PO04294,CA038,CR0004,2025-04-22,youtube,short,5840,20957,30877,37689,450,False
PO04295,CA038,CR0580,2025-04-22,youtube,long_form,345,799,1473,1672,0,False
PO04296,CA038,CR0388,2025-04-22,youtube,short,2741,15401,20222,25082,450,False
PO04297,CA038,CR0653,2025-04-22,youtube,short,13447,40316,68661,69924,1850,False
PO04298,CA038,CR0623,2025-04-22,youtube,short,14564,24441,42729,52922,1850,False
PO04299,CA038,CR0411,2025-04-22,youtube,long_form,100,694,910,1116,0,False
PO04300,CA038,CR0598,2025-04-22,youtube,long_form,8790,25507,48523,48418,1850,False
PO04301,CA038,CR0498,2025-04-22,youtube,short,4484,7303,20318,19869,450,False
PO04302,CA038,CR0888,2025-04-22,youtube,short,464,1696,3248,3760,0,False
PO04303,CA038,CR0560,2025-04-22,youtube,short,3874,11504,18861,20657,450,False
PO04304,CA038,CR0944,2025-04-22,youtube,reel,2109,4860,6835,8163,0,False
PO04305,CA038,CR0216,2025-04-22,youtube,long_form,3331,14246,34991,35473,450,False
PO04306,CA038,CR0559,2025-04-22,youtube,long_form,8282,23244,48277,51708,1850,False
PO04307,CA038,CR0560,2025-04-22,youtube,reel,3164,14056,23309,23813,450,False
PO04308,CA038,CR1199,2025-04-22,youtube,short,48976,119932,205732,208812,4600,False
PO04309,CA038,CR0734,2025-04-22,youtube,short,1942,4785,10216,9946,0,False
PO04310,CA038,CR0264,2025-04-22,youtube,short,8638,23125,34627,36583,450,False
PO04311,CA038,CR0216,2025-04-22,youtube,reel,72453,166623,229678,284879,4600,False
PO04312,CA038,CR0354,2025-04-22,youtube,carousel,1160,2889,5497,5647,0,False
PO04313,CA038,CR0615,2025-04-22,youtube,short,6977,17975,23187,27729,450,False
PO04314,CA038,CR0182,2025-04-22,youtube,short,28336,71635,119810,137880,4600,False
PO04315,CA038,CR0573,2025-04-22,youtube,long_form,2283,11166,21905,21773,450,False
PO04316,CA038,CR0332,2025-04-22,youtube,short,2762,7267,16335,18588,450,False
PO04317,CA038,CR0712,2025-04-22,youtube,short,1628,3188,5592,6589,0,False
PO04318,CA038,CR0332,2025-04-22,youtube,reel,3946,10903,19179,19230,450,False
PO04319,CA038,CR0450,2025-04-22,youtube,short,27747,107576,215823,224202,4600,False
PO04320,CA038,CR1140,2025-04-22,youtube,long_form,11423,27637,42527,44356,1850,False
PO04321,CA038,CR0465,2025-04-22,youtube,short,231,1269,1912,2350,0,False
PO04322,CA038,CR0283,2025-04-22,youtube,short,608,1549,3651,3712,0,False
PO04323,CA038,CR0059,2025-04-22,youtube,long_form,1298,5127,25713,28276,450,True
PO04324,CA038,CR0233,2025-04-22,youtube,reel,5926,24362,37374,39166,450,False
PO04325,CA038,CR0093,2025-04-22,youtube,reel,748,2260,5893,6358,0,False
PO04326,CA038,CR0277,2025-04-22,youtube,short,598,1809,3683,3596,0,False
PO04327,CA038,CR1082,2025-04-22,youtube,short,167,581,1465,1442,0,False
PO04328,CA038,CR1174,2025-04-22,youtube,reel,8043,18325,30624,38057,450,False
PO04329,CA038,CR0693,2025-04-22,youtube,short,7100,11986,21128,25512,450,False
PO04330,CA038,CR0971,2025-04-22,youtube,reel,56870,144964,250484,276721,4600,False
PO04331,CA038,CR0306,2025-04-22,youtube,short,2804,8989,19499,22978,450,False
PO04332,CA038,CR0212,2025-04-22,youtube,carousel,122,190,409,494,0,False
PO04333,CA038,CR1009,2025-04-22,youtube,reel,118,886,1235,1300,0,False
PO04334,CA038,CR0885,2025-04-22,youtube,short,1385,2744,6412,7188,0,False
PO04335,CA038,CR0948,2025-04-22,youtube,short,47766,82119,193139,187590,4600,False
PO04336,CA038,CR0680,2025-04-22,youtube,reel,7648,21502,28765,32989,450,False
PO04337,CA038,CR0261,2025-04-22,youtube,reel,2644,12280,23893,24743,450,False
PO04338,CA038,CR0458,2025-04-22,youtube,short,5451,14691,25224,24782,450,False
PO04339,CA038,CR1161,2025-04-22,youtube,short,1791,2309,5663,6465,0,False
PO04340,CA038,CR1039,2025-04-22,youtube,short,24807,173504,240961,292221,4600,False
PO04341,CA038,CR0869,2025-04-22,youtube,long_form,721,1724,2904,2985,0,False
PO04342,CA038,CR0040,2025-04-22,youtube,long_form,4951,10563,20813,21911,450,False
PO04343,CA038,CR0458,2025-04-22,youtube,short,9676,39698,69666,77808,1850,False
PO04344,CA038,CR0613,2025-04-22,youtube,short,4509,22817,32421,33107,450,False
PO04345,CA038,CR0102,2025-04-22,youtube,short,3448,5744,13413,14354,450,False
PO04346,CA038,CR0665,2025-04-22,youtube,short,4465,14429,27424,29691,450,False
PO04347,CA038,CR0438,2025-04-22,youtube,short,2771,8874,13081,13324,450,False
PO04348,CA038,CR0454,2025-04-22,youtube,reel,13521,41507,48256,60263,1850,False
PO04349,CA038,CR0337,2025-04-22,youtube,short,26824,80574,154586,155156,4600,False
PO04350,CA038,CR0278,2025-04-22,youtube,short,794,2676,6096,6001,0,False
PO04351,CA038,CR0885,2025-04-22,youtube,short,3193,6842,15191,15705,450,False
PO04352,CA038,CR0559,2025-04-22,youtube,short,58411,203124,288254,312727,4600,False
PO04353,CA038,CR0308,2025-04-22,youtube,long_form,5764,21760,32453,34508,450,False
PO04354,CA038,CR0306,2025-04-22,youtube,long_form,358,990,1270,1477,0,False
PO04355,CA038,CR0447,2025-04-22,youtube,reel,1765,2875,7014,7487,0,False
PO04356,CA038,CR0995,2025-04-22,youtube,short,12336,19465,43817,47001,1850,False
PO04357,CA038,CR0233,2025-04-22,youtube,reel,969,5934,9257,10990,450,False
PO04358,CA038,CR0632,2025-04-22,youtube,long_form,514,2909,4586,5555,0,False
PO04359,CA038,CR0288,2025-04-22,youtube,short,123,1103,5120,6161,0,True
PO04360,CA038,CR1151,2025-04-22,youtube,long_form,135,805,1150,1173,0,False
PO04361,CA038,CR0560,2025-04-22,youtube,short,1128,2664,3762,4479,0,False
PO04362,CA038,CR0175,2025-04-22,youtube,short,3705,9299,18667,18863,450,False
PO04363,CA038,CR0306,2025-04-22,youtube,long_form,844,5410,7715,7736,0,False
PO04364,CA038,CR0217,2025-04-22,youtube,long_form,2543,10817,16752,20455,450,False
PO04365,CA038,CR0768,2025-04-22,youtube,short,251,534,1186,1225,0,False
PO04366,CA038,CR0575,2025-04-22,youtube,short,62720,260733,483326,562161,16150,False
PO04367,CA038,CR0268,2025-04-22,youtube,reel,49285,82794,175402,200391,4600,False
PO04368,CA038,CR0141,2025-04-22,youtube,reel,3226,10970,17490,17929,450,False
PO04369,CA038,CR0099,2025-04-22,youtube,long_form,17732,90707,161992,173147,4600,False
PO04370,CA038,CR1067,2025-04-22,youtube,short,58058,216326,328081,319368,4600,False
PO04371,CA038,CR0293,2025-04-22,youtube,short,3833,16701,25805,25270,450,False
PO04372,CA038,CR0337,2025-04-22,youtube,short,5465,17471,24978,28505,450,False
PO04373,CA038,CR0797,2025-04-22,youtube,short,2492,9005,82573,97981,1850,True
PO04374,CA038,CR0144,2025-04-22,youtube,reel,3876,7969,18249,18354,450,False
PO04375,CA038,CR1069,2025-04-22,youtube,reel,2094,12582,19746,20418,450,False
PO04376,CA038,CR0625,2025-04-22,youtube,short,739,1118,2819,2834,0,False
PO04377,CA038,CR0944,2025-04-22,youtube,long_form,3382,20152,39346,38484,450,False
PO04378,CA038,CR0971,2025-04-22,youtube,long_form,1632,5698,11237,13322,450,False
PO04379,CA038,CR0322,2025-04-22,youtube,short,13152,26458,42890,50818,1850,False
PO04380,CA038,CR0478,2025-04-22,youtube,carousel,2247,12296,15860,18132,450,False
PO04381,CA038,CR0703,2025-04-22,youtube,carousel,367,938,1569,1540,0,False
PO04382,CA038,CR0194,2025-04-22,youtube,short,6121,19711,41338,40176,450,False
PO04383,CA038,CR1107,2025-04-22,youtube,short,2122,3860,9142,9846,0,False
PO04384,CA038,CR0413,2025-04-22,youtube,short,2654,8855,20007,20901,450,False
PO04385,CA038,CR1062,2025-04-22,youtube,short,4645,37188,48697,56556,1850,False
PO04386,CA038,CR0173,2025-04-22,youtube,carousel,100,100,136,168,0,False
PO04387,CA038,CR0278,2025-04-22,youtube,long_form,713,1293,3390,3304,0,False
PO04388,CA038,CR0808,2025-04-22,youtube,short,645,1268,2339,2629,0,False
PO04389,CA038,CR0757,2025-04-22,youtube,reel,2533,5982,9766,9585,0,False
PO04390,CA038,CR0332,2025-04-22,youtube,short,10719,18973,35841,40936,450,False
PO04391,CA038,CR0100,2025-04-22,youtube,short,101138,481127,724550,832462,16150,False
PO04392,CA038,CR0008,2025-04-22,youtube,reel,3159,5727,11383,11686,450,False
PO04393,CA038,CR0264,2025-04-22,youtube,short,4576,36783,320043,355631,4600,True
PO04394,CA038,CR1031,2025-04-22,youtube,short,709,4582,6141,6912,0,False
PO04395,CA038,CR0488,2025-04-22,youtube,long_form,4015,11745,18442,22426,450,False
PO04396,CA038,CR0706,2025-04-22,youtube,short,100,100,100,100,0,False
PO04397,CA038,CR0467,2025-04-22,youtube,long_form,1554,2988,4763,5932,0,False
PO04398,CA038,CR0871,2025-04-22,youtube,short,1258,10305,15187,15210,450,False
PO04399,CA038,CR0979,2025-04-22,youtube,short,7534,13936,25999,30962,450,False
PO04400,CA038,CR1005,2025-04-22,youtube,long_form,8256,17804,32175,31633,450,False
PO04401,CA038,CR0413,2025-04-22,youtube,reel,1323,3870,7865,8194,0,False
PO04402,CA038,CR0124,2025-04-22,youtube,short,100,100,153,170,0,False
PO04403,CA038,CR0190,2025-04-22,youtube,short,10204,23608,38943,41811,1850,False
PO04404,CA038,CR1098,2025-04-22,youtube,reel,60956,153815,293129,353817,4600,False
PO04405,CA038,CR0232,2025-04-22,youtube,long_form,20605,61232,81662,96110,1850,False
PO04406,CA038,CR0664,2025-04-22,youtube,reel,274,1558,2326,2764,0,False
PO04407,CA038,CR0454,2025-04-22,youtube,reel,729,1920,5052,4998,0,False
PO04408,CA038,CR0773,2025-04-22,youtube,long_form,12381,23027,54681,59211,1850,False
PO04409,CA038,CR0065,2025-04-22,youtube,short,382,1460,2315,2691,0,False
PO04410,CA038,CR1154,2025-04-22,youtube,short,13104,37983,72478,72696,1850,False
PO04411,CA038,CR0426,2025-04-22,youtube,short,5053,15918,21366,25839,450,False
PO04412,CA038,CR0095,2025-04-22,youtube,short,4273,9183,18433,19542,450,False
PO04413,CA038,CR0736,2025-04-22,youtube,long_form,4032,16160,26424,26826,450,False
PO04414,CA038,CR0883,2025-04-22,youtube,short,258704,607428,997640,1201153,16150,False
PO04415,CA038,CR0040,2025-04-22,youtube,short,103,648,3176,3373,0,True
PO04416,CA038,CR0704,2025-04-22,youtube,short,7855,24857,43463,44501,1850,False
PO04417,CA038,CR0592,2025-04-22,youtube,short,4151,8851,22251,22594,450,False
PO04418,CA038,CR0072,2025-04-22,youtube,long_form,113,204,527,538,0,False
PO04419,CA038,CR0752,2025-04-22,youtube,short,1339,4809,6609,7632,0,False
PO04420,CA038,CR0920,2025-04-22,youtube,reel,4226,9327,22015,24601,450,False
PO04421,CA038,CR0087,2025-04-22,youtube,short,43220,117191,159777,169271,4600,False
PO04422,CA038,CR0465,2025-04-22,youtube,long_form,746,1869,2400,2746,0,False
PO04423,CA038,CR0366,2025-04-22,youtube,short,54768,75310,194442,206709,4600,False
PO04424,CA038,CR1062,2025-04-22,youtube,long_form,1437,3175,7800,8516,0,False
PO04425,CA038,CR0592,2025-04-22,youtube,reel,18271,42200,77117,75974,1850,False
PO04426,CA038,CR1037,2025-04-22,youtube,long_form,10053,36476,57678,59705,1850,False
PO04427,CA038,CR0833,2025-04-22,youtube,short,2625,17325,187041,206774,4600,True
PO04428,CA038,CR0906,2025-04-22,youtube,short,743,3223,7450,7538,0,False
PO04429,CA038,CR0208,2025-04-22,youtube,short,21739,75635,115470,134777,4600,False
PO04430,CA038,CR1039,2025-04-22,youtube,short,2246,6438,8434,9981,0,False
PO04431,CA038,CR0103,2025-04-22,youtube,reel,30583,76003,209310,211108,4600,False
PO04432,CA038,CR0429,2025-04-22,youtube,long_form,3378,8412,14537,15265,450,False
PO04433,CA038,CR1167,2025-04-22,youtube,reel,34507,95244,224426,218174,4600,False
PO04434,CA038,CR1015,2025-04-22,youtube,short,2540,8157,13051,12945,450,False
PO04435,CA038,CR1075,2025-04-22,youtube,short,7161,21667,30786,35010,450,False
PO04436,CA038,CR0418,2025-04-22,youtube,long_form,3448,10343,13998,15957,450,False
PO04437,CA038,CR0887,2025-04-22,youtube,short,25788,144853,188914,223209,4600,False
PO04438,CA038,CR1107,2025-04-22,youtube,short,528,1536,2674,3176,0,False
PO04439,CA038,CR0467,2025-04-22,youtube,reel,757,10345,56433,60763,1850,True
PO04440,CA039,CR0670,2025-04-25,youtube,short,16541,55715,99978,110501,3350,False
PO04441,CA039,CR1067,2025-04-25,youtube,long_form,14926,50025,88292,110000,3350,False
PO04442,CA039,CR1167,2025-04-25,youtube,short,6959,15430,21078,25031,850,False
PO04443,CA039,CR0598,2025-04-25,youtube,long_form,69927,160100,363829,401658,8400,False
PO04444,CA039,CR0268,2025-04-25,youtube,carousel,997,2566,4027,4010,0,False
PO04445,CA039,CR0087,2025-04-25,youtube,reel,70345,137856,257564,252074,8400,False
PO04446,CA039,CR0773,2025-04-25,youtube,short,94127,204153,368811,379788,8400,False
PO04447,CA039,CR1167,2025-04-25,youtube,short,22215,68625,97331,119809,3350,False
PO04448,CA039,CR0099,2025-04-25,youtube,reel,5346,17264,30090,32884,850,False
PO04449,CA039,CR0103,2025-04-25,youtube,reel,21762,36206,95010,100022,3350,False
PO04450,CA039,CR0833,2025-04-25,youtube,short,36708,109895,159376,160060,8400,False
PO04451,CA039,CR0232,2025-04-25,youtube,long_form,4303,17994,32030,33278,850,False
PO04452,CA039,CR1083,2025-04-25,youtube,long_form,3487,18065,27033,26944,850,False
PO04453,CA039,CR0100,2025-04-25,youtube,long_form,13128,28568,67974,78556,3350,False
PO04454,CA039,CR0450,2025-04-25,youtube,reel,5133,32926,41279,50202,850,False
PO04455,CA039,CR1067,2025-04-25,youtube,short,21583,89981,131842,150075,8400,False
PO04456,CA039,CR0366,2025-04-25,youtube,short,72768,144490,221883,266325,8400,False
PO04457,CA039,CR1098,2025-04-25,youtube,long_form,49570,94077,152062,179122,8400,False
PO04458,CA039,CR0087,2025-04-25,youtube,long_form,46547,322303,554220,572223,29350,False
PO04459,CA039,CR0268,2025-04-25,youtube,short,12885,35223,45016,53636,850,False
PO04460,CA039,CR0598,2025-04-25,youtube,short,29875,98228,144455,157824,8400,False
PO04461,CA039,CR0833,2025-04-25,youtube,short,5353,32696,155213,171848,8400,True
PO04462,CA039,CR0103,2025-04-25,youtube,carousel,7804,25319,61765,61925,3350,False
PO04463,CA039,CR0366,2025-04-25,youtube,short,15415,54363,124981,138444,8400,False
PO04464,CA039,CR0308,2025-04-25,youtube,short,13881,59396,90284,112394,3350,False
PO04465,CA039,CR0450,2025-04-25,youtube,short,5430,10807,25996,26615,850,False
PO04466,CA039,CR0366,2025-04-25,youtube,short,36359,150557,190982,229035,8400,False
PO04467,CA039,CR0773,2025-04-25,youtube,short,113874,239599,499217,610247,29350,False
PO04468,CA039,CR0887,2025-04-25,youtube,short,17568,53112,81083,80003,3350,False
PO04469,CA039,CR0103,2025-04-25,youtube,reel,10622,35666,54788,62290,3350,False
PO04470,CA039,CR0099,2025-04-25,youtube,reel,32290,105371,145870,182065,8400,False
PO04471,CA039,CR1178,2025-04-25,youtube,short,1517,2276,6227,6308,0,False
PO04472,CA039,CR1167,2025-04-25,youtube,long_form,17723,44265,102063,102043,3350,False
PO04473,CA039,CR0268,2025-04-25,youtube,long_form,24380,66322,119741,127387,3350,False
PO04474,CA039,CR1098,2025-04-25,youtube,reel,19656,129876,215898,244262,8400,False
PO04475,CA039,CR0308,2025-04-25,youtube,short,341992,893615,2499142,2551701,29350,False
PO04476,CA039,CR0113,2025-04-25,youtube,short,328,891,2000,2268,0,False
PO04477,CA039,CR0401,2025-04-25,youtube,long_form,737,1237,2859,2830,0,False
PO04478,CA039,CR0264,2025-04-25,youtube,short,8895,19243,41601,51197,850,False
PO04479,CA039,CR1098,2025-04-25,youtube,short,20895,170443,208927,246150,8400,False
PO04480,CA039,CR0598,2025-04-25,youtube,carousel,4573,17626,37061,41940,850,False
PO04481,CA039,CR0268,2025-04-25,youtube,short,64788,183624,332592,349474,8400,False
PO04482,CA039,CR0268,2025-04-25,youtube,carousel,56729,144327,202218,206427,8400,False
PO04483,CA039,CR0773,2025-04-25,youtube,long_form,5731,21597,37732,38117,850,False
PO04484,CA039,CR0103,2025-04-25,youtube,short,5801,26850,46611,47639,850,False
PO04485,CA039,CR0100,2025-04-25,youtube,reel,1941,25994,168506,189304,8400,True
PO04486,CA039,CR0773,2025-04-25,youtube,short,7404,29007,40288,48547,850,False
PO04487,CA039,CR0598,2025-04-25,youtube,long_form,17929,72971,99600,111313,3350,False
PO04488,CA039,CR0308,2025-04-25,youtube,reel,31420,61173,127527,130935,3350,False
PO04489,CA039,CR0366,2025-04-25,youtube,short,53677,146780,239787,251995,8400,False
PO04490,CA039,CR0598,2025-04-25,youtube,short,6070,31697,48235,52194,850,False
PO04491,CA039,CR1098,2025-04-25,youtube,long_form,6533,21166,30232,34477,850,False
PO04492,CA039,CR1098,2025-04-25,youtube,reel,7730,61789,94990,94732,3350,False
PO04493,CA039,CR0816,2025-04-25,youtube,short,11540,52890,113414,122638,3350,False
PO04494,CA039,CR0773,2025-04-25,youtube,long_form,25445,61083,98026,103549,3350,False
PO04495,CA039,CR0816,2025-04-25,youtube,short,7594,44637,77330,90739,3350,False
PO04496,CA039,CR0887,2025-04-25,youtube,reel,3256,17245,27198,27576,850,False
PO04497,CA039,CR0887,2025-04-25,youtube,short,66651,129211,248622,299337,8400,False
PO04498,CA039,CR0100,2025-04-25,youtube,short,44569,197673,346979,376617,8400,False
PO04499,CA039,CR0833,2025-04-25,youtube,short,1654,4878,35948,39917,850,True
PO04500,CA039,CR0308,2025-04-25,youtube,short,58843,101542,226378,256376,8400,False
PO04501,CA039,CR0773,2025-04-25,youtube,long_form,11715,29930,39488,43020,850,False
PO04502,CA039,CR0598,2025-04-25,youtube,short,11487,18425,36508,41961,850,False
PO04503,CA039,CR0887,2025-04-25,youtube,long_form,11190,26245,76085,74641,3350,False
PO04504,CA039,CR0232,2025-04-25,youtube,short,13745,36629,313269,344233,8400,True
PO04505,CA039,CR1098,2025-04-25,youtube,reel,348974,596103,1285562,1249520,29350,False
PO04506,CA039,CR0366,2025-04-25,youtube,long_form,76941,247236,393247,410609,8400,False
PO04507,CA039,CR0613,2025-04-25,youtube,short,5986,18749,29939,34203,850,False
PO04508,CA039,CR0816,2025-04-25,youtube,short,10026,29931,39811,48590,850,False
PO04509,CA039,CR0073,2025-04-25,youtube,short,7949,16302,28991,28529,850,False
PO04510,CA039,CR0670,2025-04-25,youtube,long_form,57431,270833,366212,429829,8400,False
PO04511,CA039,CR0232,2025-04-25,youtube,short,51653,145307,190844,222741,8400,False
PO04512,CA039,CR0103,2025-04-25,youtube,carousel,1618,7241,12640,15333,850,False
PO04513,CA039,CR1098,2025-04-25,youtube,short,154120,367105,723837,721831,29350,False
PO04514,CA039,CR0670,2025-04-25,youtube,short,8014,27424,53980,53206,850,False
PO04515,CA039,CR0087,2025-04-25,youtube,short,8200,39059,59389,62491,3350,False
PO04516,CA039,CR0308,2025-04-25,youtube,carousel,58399,220160,383384,391579,8400,False
PO04517,CA039,CR0087,2025-04-25,youtube,carousel,31446,64080,91846,114241,3350,False
PO04518,CA039,CR0100,2025-04-25,youtube,short,11429,49111,71304,78746,3350,False
PO04519,CA039,CR0580,2025-04-25,youtube,short,492,1300,2482,2981,0,False
PO04520,CA039,CR0099,2025-04-25,youtube,short,15551,32285,71712,71782,3350,False
PO04521,CA039,CR0087,2025-04-25,youtube,short,142499,316635,631389,759563,29350,False
PO04522,CA039,CR0087,2025-04-25,youtube,short,69313,183836,286255,314226,8400,False
PO04523,CA039,CR0232,2025-04-25,youtube,long_form,31751,90080,120476,136422,8400,False
PO04524,CA040,CR0926,2025-04-28,youtube,short,2785,7301,16514,17704,300,False
PO04525,CA040,CR0541,2025-04-28,youtube,reel,1458,2895,5136,5644,0,False
PO04526,CA040,CR1174,2025-04-28,youtube,short,386,912,1675,1973,0,False
PO04527,CA040,CR1139,2025-04-28,youtube,short,8248,19187,28898,30838,300,False
PO04528,CA040,CR0925,2025-04-28,youtube,short,2070,6047,8831,10548,300,False
PO04529,CA040,CR0082,2025-04-28,youtube,short,1871,6278,7593,9453,300,False
PO04530,CA040,CR0117,2025-04-28,youtube,carousel,629,1853,2380,2836,0,False
PO04531,CA040,CR1162,2025-04-28,youtube,short,174,577,783,935,0,False
PO04532,CA040,CR0212,2025-04-28,youtube,short,5380,17509,24325,28993,300,False
PO04533,CA040,CR0407,2025-04-28,youtube,short,100,250,532,522,0,False
PO04534,CA040,CR0413,2025-04-28,youtube,long_form,1548,4259,6330,6252,0,False
PO04535,CA040,CR1019,2025-04-28,youtube,short,284,713,990,1177,0,False
PO04536,CA040,CR1038,2025-04-28,youtube,long_form,435,1881,3974,4335,0,False
PO04537,CA040,CR1094,2025-04-28,youtube,short,503,2244,4861,5673,0,False
PO04538,CA040,CR0811,2025-04-28,youtube,long_form,432,1574,3776,3911,0,False
PO04539,CA040,CR0444,2025-04-28,youtube,long_form,780,2622,3683,3794,0,False
PO04540,CA040,CR0268,2025-04-28,youtube,long_form,1238,8073,10931,13205,300,False
PO04541,CA040,CR0419,2025-04-28,youtube,short,269,932,1506,1759,0,False
PO04542,CA040,CR0433,2025-04-28,youtube,reel,1536,2821,5584,5568,0,False
PO04543,CA040,CR0258,2025-04-28,youtube,carousel,306,428,1078,1183,0,False
PO04544,CA040,CR0954,2025-04-28,youtube,short,473,1142,2153,2321,0,False
PO04545,CA040,CR0164,2025-04-28,youtube,short,805,2610,5238,6208,0,False
PO04546,CA040,CR0081,2025-04-28,youtube,short,1098,4609,5577,6692,0,False
PO04547,CA040,CR0689,2025-04-28,youtube,long_form,3335,13107,19636,22648,300,False
PO04548,CA040,CR0843,2025-04-28,youtube,reel,679,2194,11268,13839,300,True
PO04549,CA040,CR0985,2025-04-28,youtube,short,1806,6139,7911,9534,300,False
PO04550,CA040,CR0150,2025-04-28,youtube,long_form,398,1987,3228,3663,0,False
PO04551,CA040,CR0159,2025-04-28,youtube,short,412,1960,3621,4302,0,False
PO04552,CA040,CR0524,2025-04-28,youtube,long_form,8109,14353,31880,35398,1200,False
PO04553,CA040,CR0375,2025-04-28,youtube,short,195,940,1791,2034,0,False
PO04554,CA040,CR0688,2025-04-28,youtube,short,149,943,5205,6784,0,True
PO04555,CA040,CR0922,2025-04-28,youtube,reel,1585,4865,7476,8590,300,False
PO04556,CA040,CR0037,2025-04-28,youtube,short,605,1854,3329,3553,0,False
PO04557,CA040,CR0232,2025-04-28,youtube,short,5887,38302,175323,200787,2950,True
PO04558,CA040,CR0439,2025-04-28,youtube,long_form,393,1300,2663,3305,0,False
PO04559,CA040,CR0462,2025-04-28,youtube,long_form,1155,4360,9484,10016,300,False
PO04560,CA040,CR0758,2025-04-28,youtube,reel,789,3720,6544,7030,0,False
PO04561,CA040,CR1026,2025-04-28,youtube,short,451,2864,3994,4164,0,False
PO04562,CA040,CR0162,2025-04-28,youtube,reel,100,369,453,545,0,False
PO04563,CA040,CR0675,2025-04-28,youtube,long_form,782,1920,4322,4361,0,False
PO04564,CA040,CR0368,2025-04-28,youtube,long_form,113,554,5022,6390,0,True
PO04565,CA040,CR0635,2025-04-28,youtube,long_form,651,1628,2558,2837,0,False
PO04566,CA040,CR1087,2025-04-28,youtube,long_form,980,5443,8690,9497,300,False
PO04567,CA040,CR1015,2025-04-28,youtube,short,1209,3693,25531,30203,300,True
PO04568,CA040,CR0257,2025-04-28,youtube,short,833,2628,6138,6115,0,False
PO04569,CA040,CR0870,2025-04-28,youtube,long_form,1679,6519,12533,13527,300,False
PO04570,CA040,CR0830,2025-04-28,youtube,reel,571,2313,3585,3935,0,False
PO04571,CA040,CR0668,2025-04-28,youtube,reel,1109,2420,4157,4933,0,False
PO04572,CA040,CR0586,2025-04-28,youtube,reel,560,1144,2606,2677,0,False
PO04573,CA040,CR0099,2025-04-28,youtube,short,17100,51112,77328,75568,1200,False
PO04574,CA040,CR0358,2025-04-28,youtube,short,185,388,949,995,0,False
PO04575,CA040,CR1012,2025-04-28,youtube,carousel,136,703,1304,1432,0,False
PO04576,CA040,CR1189,2025-04-28,youtube,short,235,1178,1881,1915,0,False
PO04577,CA040,CR0328,2025-04-28,youtube,short,1667,4011,9074,10916,300,False
PO04578,CA040,CR0571,2025-04-28,youtube,long_form,381,961,1659,1746,0,False
PO04579,CA040,CR0789,2025-04-28,youtube,short,762,3521,31232,37135,1200,True
PO04580,CA040,CR0866,2025-04-28,youtube,short,100,436,853,866,0,False
PO04581,CA040,CR0699,2025-04-28,youtube,short,552,1988,3790,4359,0,False
PO04582,CA040,CR0366,2025-04-28,youtube,long_form,13904,31350,65816,63928,1200,False
PO04583,CA040,CR0693,2025-04-28,youtube,short,4481,8763,23620,23747,300,False
PO04584,CA040,CR0122,2025-04-28,youtube,short,927,7424,9925,10779,300,False
PO04585,CA040,CR0816,2025-04-28,youtube,long_form,88084,166318,332305,343928,10300,False
PO04586,CA040,CR0734,2025-04-28,youtube,carousel,638,1307,2780,2808,0,False
PO04587,CA040,CR0923,2025-04-28,youtube,short,602,2778,4477,4553,0,False
PO04588,CA040,CR0052,2025-04-28,youtube,long_form,169,714,1206,1214,0,False
PO04589,CA040,CR0773,2025-04-28,youtube,long_form,41890,135712,196771,201248,2950,False
PO04590,CA040,CR0623,2025-04-28,youtube,short,21032,55269,88364,88657,2950,False
PO04591,CA040,CR0887,2025-04-28,youtube,short,2072,5973,7147,8843,300,False
PO04592,CA040,CR1098,2025-04-28,youtube,short,5442,36167,55665,54119,1200,False
PO04593,CA040,CR0023,2025-04-28,youtube,short,100,443,590,723,0,False
PO04594,CA040,CR0728,2025-04-28,youtube,short,395,1181,1619,1987,0,False
PO04595,CA040,CR0200,2025-04-28,youtube,short,306,1759,2718,3052,0,False
PO04596,CA040,CR0723,2025-04-28,youtube,long_form,195,850,1657,1938,0,False
PO04597,CA040,CR1183,2025-04-28,youtube,long_form,201,308,788,804,0,False
PO04598,CA040,CR0463,2025-04-28,youtube,reel,590,1760,4431,4517,0,False
PO04599,CA040,CR0840,2025-04-28,youtube,short,545,3299,5690,5753,0,False
PO04600,CA040,CR0103,2025-04-28,youtube,reel,12029,23910,48926,50486,1200,False
PO04601,CA040,CR0009,2025-04-28,youtube,short,100,100,183,194,0,False
PO04602,CA040,CR1086,2025-04-28,youtube,short,254,579,951,973,0,False
PO04603,CA040,CR0042,2025-04-28,youtube,reel,100,276,423,497,0,False
PO04604,CA040,CR0857,2025-04-28,youtube,reel,5612,15025,21141,21800,300,False
PO04605,CA040,CR0114,2025-04-28,youtube,short,808,2590,19511,23200,300,True
PO04606,CA040,CR0929,2025-04-28,youtube,carousel,229,947,1770,1756,0,False
PO04607,CA040,CR0098,2025-04-28,youtube,short,770,2182,3848,3892,0,False
PO04608,CA040,CR0087,2025-04-28,youtube,long_form,139027,325993,497482,565434,10300,False
PO04609,CA040,CR0432,2025-04-28,youtube,long_form,1177,7938,13282,14243,300,False
PO04610,CA040,CR0263,2025-04-28,youtube,short,385,1347,2685,2806,0,False
PO04611,CA040,CR0373,2025-04-28,youtube,reel,1976,6599,15172,16956,300,False
PO04612,CA040,CR0108,2025-04-28,youtube,short,163,626,871,904,0,False
PO04613,CA040,CR0125,2025-04-28,youtube,reel,1728,6842,52825,56759,1200,True
PO04614,CA040,CR0859,2025-04-28,youtube,long_form,100,315,749,763,0,False
PO04615,CA040,CR0579,2025-04-28,youtube,long_form,176,653,1282,1283,0,False
PO04616,CA040,CR0342,2025-04-28,youtube,reel,3293,8767,20531,23170,300,False
PO04617,CA040,CR1128,2025-04-28,youtube,short,314,1017,1522,1635,0,False
PO04618,CA040,CR0598,2025-04-28,youtube,short,5931,24188,32715,34805,1200,False
PO04619,CA040,CR0634,2025-04-28,youtube,long_form,291,491,975,1057,0,False
PO04620,CA040,CR0992,2025-04-28,youtube,reel,248,537,4232,5380,0,True
PO04621,CA040,CR0549,2025-04-28,youtube,short,624,2148,3866,4771,0,False
PO04622,CA040,CR0166,2025-04-28,youtube,short,124,242,498,540,0,False
PO04623,CA040,CR0566,2025-04-28,youtube,short,1664,3235,7180,7905,0,False
PO04624,CA040,CR0030,2025-04-28,youtube,reel,1206,3091,4778,5928,0,False
PO04625,CA040,CR0849,2025-04-28,youtube,reel,1669,3332,7313,8016,0,False
PO04626,CA040,CR0844,2025-04-28,youtube,short,345,685,1195,1331,0,False
PO04627,CA040,CR0393,2025-04-28,youtube,long_form,100,251,580,663,0,False
PO04628,CA040,CR1200,2025-04-28,youtube,long_form,407,2897,4685,5039,0,False
PO04629,CA040,CR0827,2025-04-28,youtube,long_form,409,940,1685,1808,0,False
PO04630,CA040,CR1122,2025-04-28,youtube,short,1063,3809,8635,8797,300,False
PO04631,CA040,CR0270,2025-04-28,youtube,long_form,656,4517,7082,7665,0,False
PO04632,CA040,CR0587,2025-04-28,youtube,long_form,155,608,856,951,0,False
PO04633,CA040,CR0142,2025-04-28,youtube,long_form,2228,8555,13562,14466,300,False
PO04634,CA040,CR0809,2025-04-28,youtube,carousel,110,576,858,874,0,False
PO04635,CA040,CR0376,2025-04-28,youtube,short,550,1298,2848,2882,0,False
PO04636,CA040,CR0261,2025-04-28,youtube,short,2409,17322,26131,28774,300,False
PO04637,CA040,CR0382,2025-04-28,youtube,short,893,2424,3608,3977,0,False
PO04638,CA040,CR0378,2025-04-28,youtube,short,496,2901,5791,5865,0,False
PO04639,CA040,CR0039,2025-04-28,youtube,short,12338,28680,73636,81897,2950,False
PO04640,CA040,CR0187,2025-04-28,youtube,short,4671,6762,14700,17231,300,False
PO04641,CA040,CR0197,2025-04-28,youtube,short,3184,6028,12280,11960,300,False
PO04642,CA040,CR0467,2025-04-28,youtube,short,12552,41339,61887,65638,1200,False
PO04643,CA040,CR0209,2025-04-28,youtube,long_form,145,330,529,630,0,False
PO04644,CA040,CR1163,2025-04-28,youtube,short,326,846,1388,1407,0,False
PO04645,CA041,CR0382,2025-05-01,youtube,short,110,550,852,903,0,False
PO04646,CA041,CR0833,2025-05-01,youtube,short,24979,81351,126683,131635,4600,False
PO04647,CA041,CR0817,2025-05-01,youtube,long_form,783,2300,4413,5330,0,False
PO04648,CA041,CR0809,2025-05-01,youtube,long_form,100,108,154,166,0,False
PO04649,CA041,CR1098,2025-05-01,youtube,short,9111,19849,37711,45660,1850,False
PO04650,CA041,CR1138,2025-05-01,youtube,short,3821,13557,18562,20198,450,False
PO04651,CA041,CR0037,2025-05-01,youtube,long_form,651,2261,3777,4565,0,False
PO04652,CA041,CR0344,2025-05-01,youtube,short,828,1846,2701,3135,0,False
PO04653,CA041,CR0039,2025-05-01,youtube,short,6955,13410,29468,29133,450,False
PO04654,CA041,CR0789,2025-05-01,youtube,reel,523,3025,18624,23331,450,True
PO04655,CA041,CR0840,2025-05-01,youtube,reel,833,2370,3640,3793,0,False
PO04656,CA041,CR0670,2025-05-01,youtube,reel,4671,18070,23180,27367,450,False
PO04657,CA041,CR0480,2025-05-01,youtube,short,1652,6891,10118,10074,450,False
PO04658,CA041,CR0270,2025-05-01,youtube,long_form,6625,18559,25424,31349,450,False
PO04659,CA041,CR0811,2025-05-01,youtube,short,3712,10926,16521,19302,450,False
PO04660,CA041,CR0197,2025-05-01,youtube,short,1127,2171,5037,5574,0,False
PO04661,CA041,CR0421,2025-05-01,youtube,short,261,1310,2951,3101,0,False
PO04662,CA041,CR0992,2025-05-01,youtube,short,2182,4863,9669,12080,450,False
PO04663,CA041,CR0025,2025-05-01,youtube,short,440,884,1597,1639,0,False
PO04664,CA041,CR0407,2025-05-01,youtube,carousel,159,408,1058,1077,0,False
PO04665,CA041,CR0703,2025-05-01,youtube,reel,186,500,893,898,0,False
PO04666,CA041,CR0926,2025-05-01,youtube,reel,100,100,155,178,0,False
PO04667,CA041,CR0247,2025-05-01,youtube,short,1223,2857,4587,4634,0,False
PO04668,CA041,CR0954,2025-05-01,youtube,long_form,105,443,791,903,0,False
PO04669,CA041,CR0149,2025-05-01,youtube,long_form,285,1208,1478,1811,0,False
PO04670,CA041,CR1169,2025-05-01,youtube,short,445,937,1949,1968,0,False
PO04671,CA041,CR0123,2025-05-01,youtube,short,134,345,601,646,0,False
PO04672,CA041,CR0635,2025-05-01,youtube,short,100,217,583,615,0,False
PO04673,CA041,CR1189,2025-05-01,youtube,short,3651,14637,19770,21193,450,False
PO04674,CA041,CR1183,2025-05-01,youtube,short,288,533,848,1057,0,False
PO04675,CA041,CR0108,2025-05-01,youtube,short,100,100,100,100,0,False
PO04676,CA041,CR0232,2025-05-01,youtube,short,2945,7550,10018,11231,450,False
PO04677,CA041,CR0368,2025-05-01,youtube,short,100,654,784,973,0,False
PO04678,CA041,CR0580,2025-05-01,youtube,short,1713,2545,5609,6237,0,False
PO04679,CA041,CR0117,2025-05-01,youtube,short,100,259,433,472,0,False
PO04680,CA041,CR0159,2025-05-01,youtube,reel,471,719,1918,1931,0,False
PO04681,CA041,CR1110,2025-05-01,youtube,long_form,2077,2773,6670,7509,0,False
PO04682,CA041,CR0775,2025-05-01,youtube,carousel,533,1484,3587,3500,0,False
PO04683,CA041,CR0066,2025-05-01,youtube,short,585,942,2162,2141,0,False
PO04684,CA041,CR0701,2025-05-01,youtube,short,100,129,190,231,0,False
PO04685,CA041,CR0328,2025-05-01,youtube,short,789,2183,5171,5220,0,False
PO04686,CA041,CR0098,2025-05-01,youtube,short,390,1259,2101,2604,0,False
PO04687,CA041,CR0432,2025-05-01,youtube,long_form,5576,17466,35266,36825,1850,False
PO04688,CA041,CR1019,2025-05-01,youtube,short,282,760,1140,1110,0,False
PO04689,CA041,CR0103,2025-05-01,youtube,reel,2989,4786,12901,12899,450,False
PO04690,CA041,CR0734,2025-05-01,youtube,long_form,474,1380,2048,2299,0,False
PO04691,CA041,CR0925,2025-05-01,youtube,long_form,1759,3275,5681,6988,0,False
PO04692,CA041,CR0142,2025-05-01,youtube,long_form,1830,6930,9920,12351,450,False
PO04693,CA041,CR0439,2025-05-01,youtube,reel,572,1135,2860,2862,0,False
PO04694,CA041,CR1067,2025-05-01,youtube,carousel,20978,72257,100055,117983,4600,False
PO04695,CA041,CR0258,2025-05-01,youtube,short,884,2060,4505,4641,0,False
PO04696,CA041,CR1139,2025-05-01,youtube,short,774,3102,4467,5186,0,False
PO04697,CA041,CR0419,2025-05-01,youtube,short,437,1338,2796,2908,0,False
PO04698,CA041,CR0125,2025-05-01,youtube,short,1601,9644,83044,102075,4600,True
PO04699,CA041,CR1025,2025-05-01,youtube,short,396,1631,2694,2877,0,False
PO04700,CA041,CR0784,2025-05-01,youtube,reel,154,302,487,557,0,False
PO04701,CA041,CR0688,2025-05-01,youtube,reel,665,3990,23996,27775,450,True
PO04702,CA041,CR0485,2025-05-01,youtube,long_form,969,1355,3038,3759,0,False
PO04703,CA041,CR0065,2025-05-01,youtube,carousel,150,576,1019,1058,0,False
PO04704,CA041,CR0830,2025-05-01,youtube,long_form,248,636,1239,1314,0,False
PO04705,CA041,CR1167,2025-05-01,youtube,short,537,6663,33113,38206,1850,True
PO04706,CA041,CR1198,2025-05-01,youtube,long_form,764,1809,2869,3239,0,False
PO04707,CA041,CR1126,2025-05-01,youtube,short,100,100,140,175,0,False
PO04708,CA041,CR1119,2025-05-01,youtube,short,248,626,1013,1121,0,False
PO04709,CA041,CR0742,2025-05-01,youtube,short,999,2061,4664,4977,0,False
PO04710,CA041,CR0770,2025-05-01,youtube,short,1712,3344,7056,7716,0,False
PO04711,CA041,CR0200,2025-05-01,youtube,long_form,261,830,1761,2111,0,False
PO04712,CA041,CR0059,2025-05-01,youtube,carousel,7319,37812,53870,60425,1850,False
PO04713,CA041,CR0409,2025-05-01,youtube,long_form,359,702,1423,1386,0,False
PO04714,CA041,CR0531,2025-05-01,youtube,long_form,2099,6406,9482,9931,450,False
PO04715,CA041,CR0060,2025-05-01,youtube,short,100,352,514,608,0,False
PO04716,CA041,CR1094,2025-05-01,youtube,long_form,672,1812,2289,2819,0,False
PO04717,CA041,CR0562,2025-05-01,youtube,short,373,702,1472,1553,0,False
PO04718,CA041,CR0849,2025-05-01,youtube,reel,4713,20127,25053,30594,450,False
PO04719,CA041,CR0342,2025-05-01,youtube,short,3406,6891,15389,15761,450,False
PO04720,CA041,CR0194,2025-05-01,youtube,short,2565,11890,21658,24344,450,False
PO04721,CA041,CR0586,2025-05-01,youtube,reel,3234,12929,35246,35755,1850,False
PO04722,CA041,CR0150,2025-05-01,youtube,long_form,401,1752,2790,2753,0,False
PO04723,CA041,CR0308,2025-05-01,youtube,short,19299,43133,117552,122869,4600,False
PO04724,CA041,CR0587,2025-05-01,youtube,reel,2107,3730,8792,9002,450,False
PO04725,CA041,CR0212,2025-05-01,youtube,short,904,2624,6891,7220,0,False
PO04726,CA041,CR0961,2025-05-01,youtube,long_form,100,247,502,508,0,False
PO04727,CA041,CR0082,2025-05-01,youtube,reel,34310,63310,114059,138520,4600,False
PO04728,CA041,CR0030,2025-05-01,youtube,reel,1514,3037,6179,7631,0,False
PO04729,CA041,CR0859,2025-05-01,youtube,short,126,216,491,524,0,False
PO04730,CA041,CR0114,2025-05-01,youtube,reel,218,896,1220,1524,0,False
PO04731,CA041,CR0985,2025-05-01,youtube,short,100,536,707,779,0,False
PO04732,CA041,CR1163,2025-05-01,youtube,long_form,278,776,1301,1321,0,False
PO04733,CA041,CR0955,2025-05-01,youtube,short,516,1816,5042,4915,0,False
PO04734,CA041,CR1023,2025-05-01,youtube,long_form,807,1617,2590,3150,0,False
PO04735,CA041,CR0725,2025-05-01,youtube,short,100,106,584,644,0,True
PO04736,CA041,CR0549,2025-05-01,youtube,short,2806,5551,13889,14071,450,False
PO04737,CA041,CR1128,2025-05-01,youtube,short,2247,3746,6603,8156,0,False
PO04738,CA041,CR0723,2025-05-01,youtube,carousel,160,438,523,652,0,False
PO04739,CA041,CR1001,2025-05-01,youtube,long_form,415,2919,4872,4932,0,False
PO04740,CA041,CR1122,2025-05-01,youtube,reel,394,2767,4167,4117,0,False
PO04741,CA041,CR0478,2025-05-01,youtube,long_form,485,2938,14782,15920,450,True
PO04742,CA041,CR1162,2025-05-01,youtube,short,243,450,948,1031,0,False
PO04743,CA041,CR0154,2025-05-01,youtube,short,181,658,860,964,0,False
PO04744,CA041,CR0209,2025-05-01,youtube,short,100,139,674,856,0,True
PO04745,CA041,CR0671,2025-05-01,youtube,short,248,438,1123,1128,0,False
PO04746,CA041,CR0668,2025-05-01,youtube,reel,238,835,1470,1580,0,False
PO04747,CA041,CR0311,2025-05-01,youtube,short,153,1068,1670,1912,0,False
PO04748,CA041,CR1141,2025-05-01,youtube,long_form,170,619,847,1058,0,False
PO04749,CA041,CR0558,2025-05-01,youtube,long_form,100,186,292,302,0,False
PO04750,CA041,CR1038,2025-05-01,youtube,short,1473,3315,5930,6052,0,False
PO04751,CA041,CR1005,2025-05-01,youtube,short,4809,13934,28306,29172,450,False
PO04752,CA041,CR0355,2025-05-01,youtube,short,1486,3945,5302,5890,0,False
PO04753,CA041,CR0346,2025-05-01,youtube,long_form,1464,6061,13729,16282,450,False
PO04754,CA041,CR1058,2025-05-01,youtube,short,2972,7171,11296,11318,450,False
PO04755,CA041,CR0081,2025-05-01,youtube,long_form,4161,11126,20486,23674,450,False
PO04756,CA041,CR0393,2025-05-01,youtube,short,100,100,100,106,0,False
PO04757,CA041,CR0411,2025-05-01,youtube,short,663,1194,3246,3207,0,False
PO04758,CA041,CR1083,2025-05-01,youtube,short,100,255,1996,2249,0,True
PO04759,CA041,CR0376,2025-05-01,youtube,short,398,1058,1995,2226,0,False
PO04760,CA041,CR0613,2025-05-01,youtube,short,25053,136655,203345,205314,4600,False
PO04761,CA041,CR0162,2025-05-01,youtube,long_form,256,453,849,948,0,False
PO04762,CA041,CR0844,2025-05-01,youtube,long_form,224,514,800,900,0,False
PO04763,CA042,CR0436,2025-05-04,instagram,short,132,236,528,653,0,False
PO04764,CA042,CR0901,2025-05-04,instagram,long_form,814,4579,8569,9742,0,False
PO04765,CA042,CR0591,2025-05-04,instagram,short,1352,3527,7960,8229,0,False
PO04766,CA042,CR0585,2025-05-04,instagram,reel,7077,41985,62962,63622,8950,False
PO04767,CA042,CR0294,2025-05-04,instagram,short,436,2271,3817,4434,0,False
PO04768,CA042,CR1158,2025-05-04,instagram,long_form,2094,4374,7043,7922,0,False
PO04769,CA042,CR0299,2025-05-04,instagram,carousel,100,116,195,200,0,False
PO04770,CA042,CR0732,2025-05-04,instagram,short,19557,68548,86022,107256,8950,False
PO04771,CA042,CR1150,2025-05-04,instagram,reel,2101,12229,16417,20434,2250,False
PO04772,CA042,CR1064,2025-05-04,instagram,reel,251,1614,2769,2853,0,False
PO04773,CA042,CR1172,2025-05-04,instagram,reel,6285,14308,22953,22557,2250,False
PO04774,CA042,CR0084,2025-05-04,instagram,long_form,1823,4468,6270,7250,0,False
PO04775,CA042,CR0646,2025-05-04,instagram,reel,3830,5837,11672,13974,0,False
PO04776,CA042,CR0229,2025-05-04,instagram,reel,118682,254427,609084,601631,78350,False
PO04777,CA042,CR1159,2025-05-04,instagram,reel,458,1479,2568,2737,0,False
PO04778,CA042,CR0707,2025-05-04,instagram,reel,12490,55939,89131,94708,8950,False
PO04779,CA042,CR0336,2025-05-04,instagram,carousel,559,1057,1941,2039,0,False
PO04780,CA042,CR0398,2025-05-04,instagram,reel,9404,23932,34101,34463,2250,False
PO04781,CA042,CR0405,2025-05-04,instagram,reel,1433,3677,5784,6007,0,False
PO04782,CA042,CR0748,2025-05-04,instagram,reel,1867,3384,5521,6793,0,False
PO04783,CA042,CR0435,2025-05-04,instagram,long_form,6618,14394,23191,24619,2250,False
PO04784,CA042,CR1106,2025-05-04,instagram,short,104,486,688,805,0,False
PO04785,CA042,CR0807,2025-05-04,instagram,carousel,3405,19499,34293,38450,2250,False
PO04786,CA042,CR0464,2025-05-04,instagram,short,2355,5466,9162,9361,0,False
PO04787,CA042,CR0269,2025-05-04,instagram,short,1497,3445,7912,9365,0,False
PO04788,CA042,CR0557,2025-05-04,instagram,short,1742,7097,9997,11069,0,False
PO04789,CA042,CR1059,2025-05-04,instagram,reel,1659,4519,7888,8168,0,False
PO04790,CA042,CR0474,2025-05-04,instagram,short,1492,6269,12762,13819,0,False
PO04791,CA042,CR0643,2025-05-04,instagram,reel,226,1222,8053,9088,0,True
PO04792,CA042,CR0588,2025-05-04,instagram,long_form,7400,50034,66288,74250,8950,False
PO04793,CA042,CR0152,2025-05-04,instagram,reel,988,2801,6679,6864,0,False
PO04794,CA042,CR0852,2025-05-04,instagram,long_form,27966,121808,168915,180807,22400,False
PO04795,CA042,CR0823,2025-05-04,instagram,reel,794,6559,7862,9514,0,False
PO04796,CA042,CR0820,2025-05-04,instagram,reel,143,998,1715,1774,0,False
PO04797,CA042,CR0956,2025-05-04,instagram,long_form,7057,23880,124237,147727,8950,True
PO04798,CA042,CR0709,2025-05-04,instagram,reel,45686,97466,176058,178888,22400,False
PO04799,CA042,CR0339,2025-05-04,instagram,reel,963,2206,3360,3713,0,False
PO04800,CA042,CR0534,2025-05-04,instagram,reel,1351,4413,6210,7257,0,False
PO04801,CA042,CR0660,2025-05-04,instagram,reel,301,1298,1700,2058,0,False
PO04802,CA042,CR0876,2025-05-04,instagram,reel,12819,32514,49910,52212,2250,False
PO04803,CA042,CR0168,2025-05-04,instagram,reel,1193,2297,5896,5960,0,False
PO04804,CA042,CR0880,2025-05-04,instagram,carousel,288,535,1226,1203,0,False
PO04805,CA042,CR0363,2025-05-04,instagram,reel,317,1040,6940,9009,0,True
PO04806,CA042,CR0896,2025-05-04,instagram,reel,2817,17287,24737,30395,2250,False
PO04807,CA042,CR0962,2025-05-04,instagram,short,5435,11412,18612,19865,2250,False
PO04808,CA042,CR0470,2025-05-04,instagram,reel,1718,5817,14261,16159,2250,False
PO04809,CA042,CR0536,2025-05-04,instagram,reel,1884,3762,6445,7465,0,False
PO04810,CA042,CR0874,2025-05-04,instagram,short,1019,2479,3683,4022,0,False
PO04811,CA042,CR0552,2025-05-04,instagram,reel,612,1585,2237,2612,0,False
PO04812,CA042,CR1179,2025-05-04,instagram,reel,487,2427,3667,4222,0,False
PO04813,CA042,CR0070,2025-05-04,instagram,short,48438,77703,178050,173810,22400,False
PO04814,CA042,CR0136,2025-05-04,instagram,short,1760,10951,17152,20808,2250,False
PO04815,CA042,CR0841,2025-05-04,instagram,short,943,3877,17846,20402,2250,True
PO04816,CA042,CR0636,2025-05-04,instagram,long_form,100,900,3674,4773,0,True
PO04817,CA042,CR1152,2025-05-04,instagram,short,7066,17551,31728,31302,2250,False
PO04818,CA042,CR0461,2025-05-04,instagram,reel,1313,7418,8948,10875,0,False
PO04819,CA042,CR0469,2025-05-04,instagram,reel,4132,11651,14596,17507,2250,False
PO04820,CA042,CR0937,2025-05-04,instagram,reel,861,2052,3808,4384,0,False
PO04821,CA042,CR1157,2025-05-04,instagram,reel,36770,92441,144772,179610,22400,False
PO04822,CA042,CR0609,2025-05-04,instagram,short,7518,16507,28065,29426,2250,False
PO04823,CA042,CR0999,2025-05-04,instagram,short,4567,11281,25069,26168,2250,False
PO04824,CA042,CR0171,2025-05-04,instagram,short,6271,9375,21532,23665,2250,False
PO04825,CA042,CR0417,2025-05-04,instagram,reel,382,1202,1658,1737,0,False
PO04826,CA042,CR0555,2025-05-04,instagram,long_form,112,438,538,666,0,False
PO04827,CA042,CR0847,2025-05-04,instagram,reel,116695,215121,460925,574444,78350,False
PO04828,CA042,CR0350,2025-05-04,instagram,reel,100,595,2927,3554,0,True
PO04829,CA042,CR0457,2025-05-04,instagram,reel,729,4662,7280,7872,0,False
PO04830,CA042,CR0062,2025-05-04,instagram,reel,132,309,473,564,0,False
PO04831,CA042,CR0908,2025-05-04,instagram,short,100,186,272,267,0,False
PO04832,CA042,CR0201,2025-05-04,instagram,short,4703,8894,14776,17458,2250,False
PO04833,CA042,CR0810,2025-05-04,instagram,reel,13312,32509,49381,57075,2250,False
PO04834,CA042,CR0650,2025-05-04,instagram,long_form,100,394,600,704,0,False
PO04835,CA042,CR1045,2025-05-04,instagram,reel,2264,5895,11447,13008,0,False
PO04836,CA042,CR0188,2025-05-04,instagram,reel,3398,7554,14115,14020,0,False
PO04837,CA042,CR0530,2025-05-04,instagram,reel,668,2273,3066,3273,0,False
PO04838,CA042,CR1145,2025-05-04,instagram,carousel,591,4415,18544,24398,2250,True
PO04839,CA042,CR0916,2025-05-04,instagram,carousel,608,3910,6446,6365,0,False
PO04840,CA042,CR0024,2025-05-04,instagram,short,124,515,754,774,0,False
PO04841,CA042,CR0088,2025-05-04,instagram,long_form,1020,3943,19673,25277,2250,True
PO04842,CA042,CR0384,2025-05-04,instagram,reel,711,5421,7800,8728,0,False
PO04843,CA042,CR0383,2025-05-04,instagram,reel,4189,16013,24568,26763,2250,False
PO04844,CA042,CR0960,2025-05-04,instagram,long_form,3407,22421,33488,33250,2250,False
PO04845,CA042,CR0434,2025-05-04,instagram,reel,119247,392372,1061233,1072764,78350,False
PO04846,CA042,CR0994,2025-05-04,instagram,reel,17901,115449,217381,213169,22400,False
PO04847,CA042,CR0544,2025-05-04,instagram,long_form,5960,9689,24045,25639,2250,False
PO04848,CA042,CR0853,2025-05-04,instagram,reel,1013,3903,5098,6216,0,False
PO04849,CA042,CR0884,2025-05-04,instagram,short,6728,46641,57930,69824,8950,False
PO04850,CA042,CR0291,2025-05-04,instagram,reel,12557,41680,84526,94430,8950,False
PO04851,CA042,CR0484,2025-05-04,instagram,reel,300,1792,2355,2676,0,False
PO04852,CA042,CR0219,2025-05-04,instagram,reel,1940,3578,8135,9636,0,False
PO04853,CA042,CR0289,2025-05-04,instagram,reel,3449,11509,23900,24365,2250,False
PO04854,CA042,CR1125,2025-05-04,instagram,reel,8720,21733,32786,33635,2250,False
PO04855,CA042,CR1109,2025-05-04,instagram,long_form,443,2087,5244,5301,0,False
PO04856,CA042,CR0631,2025-05-04,instagram,reel,5014,12835,19857,20342,2250,False
PO04857,CA042,CR0014,2025-05-04,instagram,reel,1678,4508,7009,7988,0,False
PO04858,CA042,CR0165,2025-05-04,instagram,short,203,654,1518,1480,0,False
PO04859,CA042,CR0035,2025-05-04,instagram,reel,2333,9343,14064,16828,2250,False
PO04860,CA042,CR1049,2025-05-04,instagram,reel,2412,7802,15344,15321,0,False
PO04861,CA042,CR0942,2025-05-04,instagram,reel,967,1816,3917,4701,0,False
PO04862,CA042,CR1191,2025-05-04,instagram,short,1552,8604,13831,13681,0,False
PO04863,CA042,CR1047,2025-05-04,instagram,short,1279,1991,4008,4776,0,False
PO04864,CA042,CR0897,2025-05-04,instagram,short,1595,5320,7823,7849,0,False
PO04865,CA042,CR1006,2025-05-04,instagram,reel,151,433,1159,1133,0,False
PO04866,CA042,CR0624,2025-05-04,instagram,reel,2078,3979,8702,8976,0,False
PO04867,CA042,CR0796,2025-05-04,instagram,short,2648,20269,28445,30605,2250,False
PO04868,CA042,CR0410,2025-05-04,instagram,reel,371,1787,2783,3300,0,False
PO04869,CA042,CR0016,2025-05-04,instagram,short,2770,6481,13418,13273,0,False
PO04870,CA042,CR0312,2025-05-04,instagram,reel,1838,5123,6904,7715,0,False
PO04871,CA042,CR1118,2025-05-04,instagram,carousel,911,1961,4646,4923,0,False
PO04872,CA042,CR0834,2025-05-04,instagram,reel,4730,9680,22914,22433,2250,False
PO04873,CA042,CR1113,2025-05-04,instagram,long_form,251,665,1413,1420,0,False
PO04874,CA042,CR0353,2025-05-04,instagram,reel,228031,808393,1410720,1423131,78350,False
PO04875,CA042,CR0046,2025-05-04,instagram,carousel,126,917,4822,5177,0,True
PO04876,CA042,CR1007,2025-05-04,instagram,reel,2682,7227,13715,16606,2250,False
PO04877,CA042,CR1136,2025-05-04,instagram,reel,1048,3848,5722,6846,0,False
PO04878,CA042,CR1133,2025-05-04,instagram,reel,340,531,1021,1229,0,False
PO04879,CA042,CR0900,2025-05-04,instagram,short,211,679,1394,1704,0,False
PO04880,CA042,CR0721,2025-05-04,instagram,short,5023,7513,18937,21064,2250,False
PO04881,CA042,CR0846,2025-05-04,instagram,reel,801,2699,6570,7219,0,False
PO04882,CA042,CR0755,2025-05-04,instagram,long_form,1940,5142,10064,11468,0,False
PO04883,CA042,CR0406,2025-05-04,instagram,reel,4222,21827,31116,34933,2250,False
PO04884,CA042,CR0427,2025-05-04,instagram,long_form,108,317,519,561,0,False
PO04885,CA042,CR0519,2025-05-04,instagram,reel,100,415,2519,3031,0,True
PO04886,CA042,CR0751,2025-05-04,instagram,reel,193,676,983,1091,0,False
PO04887,CA042,CR0029,2025-05-04,instagram,reel,3537,6215,11859,13404,0,False
PO04888,CA042,CR0386,2025-05-04,instagram,short,259,1194,1546,1755,0,False
PO04889,CA042,CR0181,2025-05-04,instagram,reel,5409,10699,19937,19938,2250,False
PO04890,CA042,CR0101,2025-05-04,instagram,reel,4609,12568,28108,28838,2250,False
PO04891,CA042,CR0245,2025-05-04,instagram,reel,124,245,505,525,0,False
PO04892,CA042,CR0453,2025-05-04,instagram,short,800,1597,2927,3525,0,False
PO04893,CA042,CR0296,2025-05-04,instagram,reel,531,3317,6099,6063,0,False
PO04894,CA042,CR0958,2025-05-04,instagram,short,1594,5320,9488,9498,0,False
PO04895,CA042,CR0537,2025-05-04,instagram,long_form,9746,30042,44900,44006,2250,False
PO04896,CA042,CR0282,2025-05-04,instagram,carousel,1067,4197,11283,11816,0,False
PO04897,CA042,CR0743,2025-05-04,instagram,reel,192,1503,12319,14310,0,True
PO04898,CA042,CR0205,2025-05-04,instagram,short,683,1353,14398,15572,2250,True
PO04899,CA042,CR0489,2025-05-04,instagram,long_form,6854,40572,48195,59843,2250,False
PO04900,CA042,CR0359,2025-05-04,instagram,short,3416,6945,12496,14919,0,False
PO04901,CA042,CR0399,2025-05-04,instagram,short,32801,76798,126203,144769,8950,False
PO04902,CA042,CR0647,2025-05-04,instagram,reel,1134,2007,4246,4536,0,False
PO04903,CA042,CR0785,2025-05-04,instagram,reel,404,1436,2541,2719,0,False
PO04904,CA042,CR0769,2025-05-04,instagram,short,256,1113,10459,13171,0,True
PO04905,CA042,CR0630,2025-05-04,instagram,reel,2684,7119,10665,11477,0,False
PO04906,CA042,CR0984,2025-05-04,instagram,reel,565,1949,2736,2918,0,False
PO04907,CA042,CR0918,2025-05-04,instagram,carousel,1492,5133,10915,13603,0,False
PO04908,CA042,CR0661,2025-05-04,instagram,carousel,9033,21809,36128,35732,2250,False
PO04909,CA042,CR0352,2025-05-04,instagram,reel,528,1497,2665,2643,0,False
PO04910,CA042,CR1022,2025-05-04,instagram,carousel,577,2717,3527,4290,0,False
PO04911,CA042,CR0248,2025-05-04,instagram,short,2638,5706,9597,10813,0,False
PO04912,CA042,CR0061,2025-05-04,instagram,long_form,52845,111370,201179,198418,22400,False
PO04913,CA042,CR0938,2025-05-04,instagram,reel,6689,19615,29156,29410,2250,False
PO04914,CA042,CR0750,2025-05-04,instagram,reel,2069,5060,6995,8022,0,False
PO04915,CA042,CR0673,2025-05-04,instagram,short,766,2697,3591,3881,0,False
PO04916,CA042,CR0445,2025-05-04,instagram,reel,1425,4359,6257,6549,0,False
PO04917,CA042,CR0868,2025-05-04,instagram,long_form,9430,26957,44742,50257,2250,False
PO04918,CA042,CR0403,2025-05-04,instagram,reel,100,337,2378,2511,0,True
PO04919,CA042,CR1105,2025-05-04,instagram,short,508,2269,5337,5958,0,False
PO04920,CA042,CR0404,2025-05-04,instagram,reel,1012,2650,7403,7400,0,False
PO04921,CA042,CR0735,2025-05-04,instagram,reel,155,461,1083,1161,0,False
PO04922,CA042,CR0077,2025-05-04,instagram,long_form,2219,7891,14265,16657,2250,False
PO04923,CA042,CR0003,2025-05-04,instagram,carousel,438,3324,4654,5124,0,False
PO04924,CA042,CR0835,2025-05-04,instagram,reel,1879,12612,17770,18509,2250,False
PO04925,CA042,CR0837,2025-05-04,instagram,short,4809,7557,19565,20519,2250,False
PO04926,CA042,CR0666,2025-05-04,instagram,short,8192,21947,26686,32464,2250,False
PO04927,CA042,CR0914,2025-05-04,instagram,reel,9580,36243,53783,53741,2250,False
PO04928,CA042,CR0986,2025-05-04,instagram,reel,4774,10203,19026,18717,2250,False
PO04929,CA042,CR1095,2025-05-04,instagram,short,3838,25458,34316,37669,2250,False
PO04930,CA042,CR0762,2025-05-04,instagram,carousel,5861,11262,27696,30127,2250,False
PO04931,CA042,CR0990,2025-05-04,instagram,carousel,46920,127124,179613,198698,22400,False
PO04932,CA042,CR0629,2025-05-04,instagram,reel,9477,20248,30853,35652,2250,False
PO04933,CA042,CR0710,2025-05-04,instagram,long_form,3033,10981,15119,18618,2250,False
PO04934,CA042,CR1085,2025-05-04,instagram,reel,7692,33394,76753,79390,8950,False
PO04935,CA042,CR0092,2025-05-04,instagram,reel,2830,6979,13081,13956,0,False
PO04936,CA042,CR0221,2025-05-04,instagram,short,61882,115219,250489,279111,22400,False
PO04937,CA042,CR1044,2025-05-04,instagram,reel,517,1076,1994,2139,0,False
PO04938,CA042,CR0251,2025-05-04,instagram,short,2530,8742,16091,16251,2250,False
PO04939,CA042,CR0861,2025-05-04,instagram,short,1942,4706,8769,9367,0,False
PO04940,CA042,CR1032,2025-05-04,instagram,short,1453,3880,31336,36924,2250,True
PO04941,CA042,CR0396,2025-05-04,instagram,reel,1189,4688,5549,6702,0,False
PO04942,CA042,CR0831,2025-05-04,instagram,reel,3245,11599,23512,23777,2250,False
PO04943,CA042,CR1024,2025-05-04,instagram,reel,10233,40602,61665,74470,8950,False
PO04944,CA042,CR0681,2025-05-04,instagram,reel,5444,14060,18008,20619,2250,False
PO04945,CA042,CR0063,2025-05-04,instagram,reel,8138,26363,36953,41499,2250,False
PO04946,CA042,CR0423,2025-05-04,instagram,reel,1677,4924,6576,7385,0,False
PO04947,CA042,CR0031,2025-05-04,instagram,long_form,305,936,2094,2169,0,False
PO04948,CA042,CR0380,2025-05-04,instagram,carousel,451,895,1649,1643,0,False
PO04949,CA042,CR1175,2025-05-04,instagram,reel,78325,121877,258375,290928,22400,False
PO04950,CA042,CR0349,2025-05-04,instagram,reel,1265,8448,12757,12710,0,False
PO04951,CA042,CR0214,2025-05-04,instagram,short,1035,2430,5129,5832,0,False
PO04952,CA042,CR0864,2025-05-04,instagram,reel,9133,21340,32163,37487,2250,False
PO04953,CA042,CR0284,2025-05-04,instagram,reel,100,436,651,729,0,False
PO04954,CA042,CR0215,2025-05-04,instagram,reel,305,2251,3279,3592,0,False
PO04955,CA042,CR1193,2025-05-04,instagram,reel,98001,161181,321662,359439,22400,False
PO04956,CA042,CR1132,2025-05-04,instagram,short,377,1136,1485,1808,0,False
PO04957,CA043,CR0615,2025-05-07,youtube,short,4435,16527,21110,24438,600,False
PO04958,CA043,CR0912,2025-05-07,youtube,long_form,100,100,213,224,0,False
PO04959,CA043,CR0283,2025-05-07,youtube,short,1210,4318,10532,11209,600,False
PO04960,CA043,CR0579,2025-05-07,youtube,reel,199,982,1928,1904,0,False
PO04961,CA043,CR0757,2025-05-07,youtube,long_form,1042,4988,7194,8160,0,False
PO04962,CA043,CR0059,2025-05-07,youtube,short,40248,119201,249410,244171,5900,False
PO04963,CA043,CR0354,2025-05-07,youtube,short,8559,16054,25031,30627,600,False
PO04964,CA043,CR0040,2025-05-07,youtube,short,2336,8271,14110,16293,600,False
PO04965,CA043,CR1140,2025-05-07,youtube,long_form,1324,6478,10839,13124,600,False
PO04966,CA043,CR0004,2025-05-07,youtube,reel,705,3195,8016,8582,0,False
PO04967,CA043,CR0308,2025-05-07,youtube,short,66815,162661,287631,310933,5900,False
PO04968,CA043,CR0653,2025-05-07,youtube,long_form,19093,95067,159586,186228,5900,False
PO04969,CA043,CR0623,2025-05-07,youtube,short,18183,90745,148158,145709,5900,False
PO04970,CA043,CR1018,2025-05-07,youtube,short,1547,2677,5508,6787,0,False
PO04971,CA043,CR0348,2025-05-07,youtube,short,1217,3909,4995,6193,0,False
PO04972,CA043,CR0885,2025-05-07,youtube,short,870,2609,3780,4082,0,False
PO04973,CA043,CR0752,2025-05-07,youtube,short,3030,9704,12846,14191,600,False
PO04974,CA043,CR0575,2025-05-07,youtube,short,6620,18108,30036,29334,600,False
PO04975,CA043,CR0797,2025-05-07,youtube,carousel,2872,6740,10192,12631,600,False
PO04976,CA043,CR0261,2025-05-07,youtube,carousel,5719,14949,31221,38418,600,False
PO04977,CA043,CR0322,2025-05-07,youtube,long_form,1381,5561,9594,9845,0,False
PO04978,CA043,CR1082,2025-05-07,youtube,long_form,191,1301,1998,2006,0,False
PO04979,CA043,CR0099,2025-05-07,youtube,short,3270,8520,11543,14139,600,False
PO04980,CA043,CR0182,2025-05-07,youtube,carousel,163,650,1523,1838,0,False
PO04981,CA043,CR1183,2025-05-07,youtube,short,788,1656,2319,2818,0,False
PO04982,CA043,CR0418,2025-05-07,youtube,short,1456,3361,7468,7711,0,False
PO04983,CA043,CR0233,2025-05-07,youtube,long_form,799,3163,4273,4913,0,False
PO04984,CA043,CR0293,2025-05-07,youtube,long_form,1271,3427,7594,8623,0,False
PO04985,CA043,CR1154,2025-05-07,youtube,long_form,3485,8397,14251,15831,600,False
PO04986,CA043,CR0388,2025-05-07,youtube,long_form,791,4296,7830,9164,0,False
PO04987,CA043,CR0438,2025-05-07,youtube,long_form,3799,7663,14116,16431,600,False
PO04988,CA043,CR1069,2025-05-07,youtube,short,614,3532,5964,6929,0,False
PO04989,CA043,CR0465,2025-05-07,youtube,short,2057,15007,20647,22444,600,False
PO04990,CA043,CR0073,2025-05-07,youtube,reel,909,3656,4497,5279,0,False
PO04991,CA043,CR1126,2025-05-07,youtube,long_form,100,100,100,100,0,False
PO04992,CA043,CR0948,2025-05-07,youtube,short,3928,8362,19505,22451,600,False
PO04993,CA043,CR0089,2025-05-07,youtube,short,100,104,259,282,0,False
PO04994,CA043,CR0592,2025-05-07,youtube,short,959,2356,6590,6671,0,False
PO04995,CA043,CR0478,2025-05-07,youtube,long_form,985,2432,6334,6770,0,False
PO04996,CA043,CR0100,2025-05-07,youtube,long_form,1211,4306,8276,9120,0,False
PO04997,CA043,CR0712,2025-05-07,youtube,long_form,3812,5770,12805,13968,600,False
PO04998,CA043,CR0768,2025-05-07,youtube,short,1573,3088,5958,6116,0,False
PO04999,CA043,CR1031,2025-05-07,youtube,short,1317,2199,5074,5925,0,False
PO05000,CA043,CR0871,2025-05-07,youtube,long_form,2491,7854,12151,12330,600,False
PO05001,CA043,CR0278,2025-05-07,youtube,reel,1761,9060,16544,17427,600,False
PO05002,CA043,CR0217,2025-05-07,youtube,short,388,716,1488,1654,0,False
PO05003,CA043,CR0498,2025-05-07,youtube,short,1844,7203,14726,16698,600,False
PO05004,CA043,CR1114,2025-05-07,youtube,short,2157,5229,12330,14377,600,False
PO05005,CA043,CR0936,2025-05-07,youtube,reel,1263,1990,4608,4760,0,False
PO05006,CA043,CR0680,2025-05-07,youtube,reel,1752,9872,14364,17234,600,False
PO05007,CA043,CR0759,2025-05-07,youtube,long_form,100,100,100,101,0,False
PO05008,CA043,CR0332,2025-05-07,youtube,short,2038,5460,8258,9505,0,False
PO05009,CA043,CR0432,2025-05-07,youtube,long_form,422,2898,4561,4825,0,False
PO05010,CA043,CR0573,2025-05-07,youtube,long_form,394,2392,4078,4461,0,False
PO05011,CA043,CR0132,2025-05-07,youtube,long_form,19860,49902,79806,85858,2350,False
PO05012,CA043,CR0888,2025-05-07,youtube,short,1442,7616,10552,11363,600,False
PO05013,CA043,CR0946,2025-05-07,youtube,short,6286,12875,25576,31940,600,False
PO05014,CA043,CR1141,2025-05-07,youtube,short,173,434,906,883,0,False
PO05015,CA043,CR0454,2025-05-07,youtube,short,331,813,1506,1523,0,False
PO05016,CA043,CR0704,2025-05-07,youtube,short,663,2012,5037,5059,0,False
PO05017,CA043,CR0444,2025-05-07,youtube,reel,590,2418,3706,3748,0,False
PO05018,CA043,CR0560,2025-05-07,youtube,short,2941,9512,16044,18737,600,False
PO05019,CA043,CR0979,2025-05-07,youtube,short,4911,10469,27951,28791,600,False
PO05020,CA043,CR0008,2025-05-07,youtube,long_form,1386,2596,5424,6618,0,False
PO05021,CA043,CR0812,2025-05-07,youtube,short,1305,2348,4542,5137,0,False
PO05022,CA043,CR0492,2025-05-07,youtube,short,1968,5493,7655,8321,0,False
PO05023,CA044,CR0635,2025-05-10,youtube,reel,2285,5632,14338,14750,250,False
PO05024,CA044,CR0586,2025-05-10,youtube,short,1681,2839,6129,6016,250,False
PO05025,CA044,CR0342,2025-05-10,youtube,short,1240,2686,5443,6457,250,False
PO05026,CA044,CR1043,2025-05-10,youtube,carousel,100,100,178,210,0,False
PO05027,CA044,CR0298,2025-05-10,youtube,short,1627,4655,5726,6774,250,False
PO05028,CA044,CR0212,2025-05-10,youtube,short,607,1400,3067,3790,0,False
PO05029,CA044,CR0066,2025-05-10,youtube,long_form,1194,7232,11753,12369,250,False
PO05030,CA044,CR0023,2025-05-10,youtube,long_form,139,229,445,537,0,False
PO05031,CA044,CR0187,2025-05-10,youtube,short,6201,41745,53161,59703,1950,False
PO05032,CA044,CR0125,2025-05-10,youtube,reel,185,577,5912,6850,250,True
PO05033,CA044,CR0951,2025-05-10,youtube,reel,151,650,971,951,0,False
PO05034,CA044,CR0358,2025-05-10,youtube,short,1888,5243,7320,8512,250,False
PO05035,CA044,CR0688,2025-05-10,youtube,long_form,6806,12604,24555,26489,800,False
PO05036,CA044,CR1138,2025-05-10,youtube,short,5219,10395,21200,26013,800,False
PO05037,CA044,CR0382,2025-05-10,youtube,reel,248,1057,2203,2559,0,False
PO05038,CA044,CR1005,2025-05-10,youtube,long_form,1218,3353,4916,5124,250,False
PO05039,CA044,CR0566,2025-05-10,youtube,short,8208,15913,30780,35069,800,False
PO05040,CA044,CR0258,2025-05-10,youtube,short,667,1594,3994,4407,0,False
PO05041,CA044,CR1019,2025-05-10,youtube,reel,975,2068,4854,5154,250,False
PO05042,CA044,CR0789,2025-05-10,youtube,short,11231,19630,36446,40274,800,False
PO05043,CA044,CR0286,2025-05-10,youtube,reel,1263,2069,4810,5540,250,False
PO05044,CA044,CR0105,2025-05-10,youtube,long_form,100,183,774,939,0,True
PO05045,CA044,CR0689,2025-05-10,youtube,short,1235,2752,5053,5981,250,False
PO05046,CA044,CR0675,2025-05-10,youtube,short,153,688,1410,1452,0,False
PO05047,CA044,CR0376,2025-05-10,youtube,reel,1719,3387,6371,7219,250,False
PO05048,CA044,CR0087,2025-05-10,youtube,carousel,18349,32518,65102,67579,1950,False
PO05049,CA044,CR0082,2025-05-10,youtube,reel,5995,15341,35543,38291,800,False
PO05050,CA044,CR0485,2025-05-10,youtube,short,3110,19661,27749,28837,800,False
PO05051,CA044,CR0439,2025-05-10,youtube,short,1131,4490,5257,6456,250,False
PO05052,CA044,CR0725,2025-05-10,youtube,short,647,2276,3680,4279,0,False
PO05053,CA044,CR0042,2025-05-10,youtube,short,346,1080,2964,2909,0,False
PO05054,CA044,CR0159,2025-05-10,youtube,short,1291,2470,5583,5572,250,False
PO05055,CA044,CR1034,2025-05-10,youtube,long_form,100,100,128,142,0,False
PO05056,CA044,CR0809,2025-05-10,youtube,long_form,7348,9347,22722,26443,800,False
PO05057,CA044,CR0758,2025-05-10,youtube,long_form,9091,12611,31410,32881,800,False
PO05058,CA044,CR0052,2025-05-10,youtube,short,1176,3243,5253,5601,250,False
PO05059,CA044,CR0419,2025-05-10,youtube,short,2132,9363,15795,16769,250,False
PO05060,CA044,CR0270,2025-05-10,youtube,long_form,1213,2296,4256,4603,0,False
PO05061,CA044,CR0781,2025-05-10,youtube,long_form,800,2026,4089,4095,0,False
PO05062,CA044,CR0142,2025-05-10,youtube,short,1380,2543,5178,5409,250,False
PO05063,CA044,CR1139,2025-05-10,youtube,short,4608,17337,30712,35704,800,False
PO05064,CA044,CR0065,2025-05-10,youtube,reel,449,2179,4156,4586,0,False
PO05065,CA044,CR0811,2025-05-10,youtube,long_form,843,2878,3749,4561,0,False
PO05066,CA044,CR0090,2025-05-10,youtube,short,100,100,100,112,0,False
PO05067,CA044,CR0462,2025-05-10,youtube,short,599,5773,29040,35721,800,True
PO05068,CA044,CR1009,2025-05-10,youtube,long_form,245,573,818,882,0,False
PO05069,CA045,CR0611,2025-05-13,instagram,reel,208,980,1737,2165,0,False
PO05070,CA045,CR0733,2025-05-13,instagram,short,25603,47876,92308,92307,2500,False
PO05071,CA045,CR0618,2025-05-13,instagram,reel,359,862,1166,1292,0,False
PO05072,CA045,CR0545,2025-05-13,instagram,long_form,58762,288301,445074,522928,8750,False
PO05073,CA045,CR0882,2025-05-13,instagram,short,1146,5385,8914,10214,250,False
PO05074,CA045,CR0396,2025-05-13,instagram,reel,1162,3254,6500,7028,250,False
PO05075,CA045,CR0251,2025-05-13,instagram,reel,729,2446,3101,3812,0,False
PO05076,CA045,CR0657,2025-05-13,instagram,reel,104,343,817,799,0,False
PO05077,CA045,CR0800,2025-05-13,instagram,reel,218,677,1697,1656,0,False
PO05078,CA045,CR0738,2025-05-13,instagram,reel,2362,7701,16774,19508,250,False
PO05079,CA045,CR0899,2025-05-13,instagram,short,8634,36108,91803,102731,2500,False
PO05080,CA045,CR0604,2025-05-13,instagram,reel,936,1812,3059,3533,0,False
PO05081,CA045,CR0518,2025-05-13,instagram,reel,2095,4403,9530,9779,250,False
PO05082,CA045,CR0561,2025-05-13,instagram,reel,1190,3280,4115,4711,0,False
PO05083,CA045,CR0161,2025-05-13,instagram,short,209,815,1178,1174,0,False
PO05084,CA045,CR0740,2025-05-13,instagram,reel,187,573,1209,1307,0,False
PO05085,CA045,CR0505,2025-05-13,instagram,reel,12748,47550,110833,114778,2500,False
PO05086,CA045,CR1192,2025-05-13,instagram,reel,858,1214,3204,3258,0,False
PO05087,CA045,CR0686,2025-05-13,instagram,reel,9521,59250,81047,87297,2500,False
PO05088,CA045,CR0949,2025-05-13,instagram,reel,885,4660,9190,9547,250,False
PO05089,CA045,CR0877,2025-05-13,instagram,short,1681,4350,7407,9044,250,False
PO05090,CA045,CR0639,2025-05-13,instagram,reel,132,388,784,835,0,False
PO05091,CA045,CR0427,2025-05-13,instagram,reel,2017,4199,12182,11981,250,False
PO05092,CA045,CR0547,2025-05-13,instagram,reel,5091,13340,19818,21596,250,False
PO05093,CA045,CR1124,2025-05-13,instagram,reel,100,185,1262,1467,0,True
PO05094,CA045,CR0127,2025-05-13,instagram,carousel,464,763,1543,1707,0,False
PO05095,CA045,CR0802,2025-05-13,instagram,short,1053,3669,4549,5454,0,False
PO05096,CA045,CR0601,2025-05-13,instagram,long_form,100,158,853,1056,0,True
PO05097,CA045,CR0047,2025-05-13,instagram,short,100,213,317,328,0,False
PO05098,CA045,CR0787,2025-05-13,instagram,reel,2269,5883,12082,14619,250,False
PO05099,CA045,CR1097,2025-05-13,instagram,short,24486,84631,701482,819199,8750,True
PO05100,CA045,CR1054,2025-05-13,instagram,short,3158,9868,14263,14851,250,False
PO05101,CA045,CR0967,2025-05-13,instagram,carousel,1380,8149,10208,12570,250,False
PO05102,CA045,CR1182,2025-05-13,instagram,long_form,1426,3104,5191,6228,250,False
PO05103,CA045,CR1055,2025-05-13,instagram,short,1473,14280,58991,77219,2500,True
PO05104,CA045,CR0874,2025-05-13,instagram,long_form,3058,6707,9260,11192,250,False
PO05105,CA045,CR0256,2025-05-13,instagram,reel,103,260,450,526,0,False
PO05106,CA045,CR0389,2025-05-13,instagram,short,139,450,937,1148,0,False
PO05107,CA045,CR0309,2025-05-13,instagram,long_form,653,1970,3555,3546,0,False
PO05108,CA045,CR0658,2025-05-13,instagram,reel,100,213,323,387,0,False
PO05109,CA045,CR1170,2025-05-13,instagram,long_form,100,356,861,991,0,False
PO05110,CA045,CR0469,2025-05-13,instagram,reel,4398,14166,34261,33457,1000,False
PO05111,CA045,CR1060,2025-05-13,instagram,reel,164,975,1794,1748,0,False
PO05112,CA045,CR0490,2025-05-13,instagram,long_form,14637,32708,73868,85057,2500,False
PO05113,CA045,CR0911,2025-05-13,instagram,long_form,8039,17472,35667,42737,1000,False
PO05114,CA045,CR0050,2025-05-13,instagram,short,128,530,924,1113,0,False
PO05115,CA045,CR0210,2025-05-13,instagram,reel,50831,133167,189938,203011,2500,False
PO05116,CA045,CR0564,2025-05-13,instagram,reel,100,110,531,624,0,True
PO05117,CA045,CR0494,2025-05-13,instagram,reel,100,111,304,299,0,False
PO05118,CA045,CR1109,2025-05-13,instagram,reel,282,1618,2807,2994,0,False
PO05119,CA045,CR0134,2025-05-13,instagram,reel,100,428,2252,2586,0,True
PO05120,CA045,CR1003,2025-05-13,instagram,short,426,1403,1912,2335,0,False
PO05121,CA045,CR1193,2025-05-13,instagram,short,8850,50384,73737,82322,2500,False
PO05122,CA045,CR0656,2025-05-13,instagram,short,699,1281,2499,3054,0,False
PO05123,CA045,CR0133,2025-05-13,instagram,reel,100,117,187,212,0,False
PO05124,CA045,CR0266,2025-05-13,instagram,reel,65260,151756,246511,249177,8750,False
PO05125,CA045,CR0017,2025-05-13,instagram,long_form,643,2267,3725,3650,0,False
PO05126,CA045,CR0496,2025-05-13,instagram,reel,855,1451,2911,3306,0,False
PO05127,CA045,CR0525,2025-05-13,instagram,long_form,384,1083,1622,1961,0,False
PO05128,CA045,CR0471,2025-05-13,instagram,reel,1024,2344,3577,3815,0,False
PO05129,CA045,CR1096,2025-05-13,instagram,reel,236,596,897,876,0,False
PO05130,CA045,CR0121,2025-05-13,instagram,reel,584,1727,3297,3554,0,False
PO05131,CA045,CR0276,2025-05-13,instagram,short,1003,1862,4773,4967,0,False
PO05132,CA045,CR1002,2025-05-13,instagram,short,264,955,1330,1457,0,False
PO05133,CA045,CR0730,2025-05-13,instagram,short,345,1282,3263,3565,0,False
PO05134,CA045,CR1171,2025-05-13,instagram,reel,774,2471,3993,4074,0,False
PO05135,CA045,CR0449,2025-05-13,instagram,reel,646,3075,6500,6665,250,False
PO05136,CA045,CR0335,2025-05-13,instagram,reel,202,542,717,839,0,False
PO05137,CA045,CR1123,2025-05-13,instagram,reel,11336,60128,85233,99728,2500,False
PO05138,CA045,CR0875,2025-05-13,instagram,reel,990,2243,4180,4335,0,False
PO05139,CA045,CR0379,2025-05-13,instagram,reel,150,1103,1628,1659,0,False
PO05140,CA045,CR0711,2025-05-13,instagram,short,179,1166,1800,2094,0,False
PO05141,CA045,CR1014,2025-05-13,instagram,short,523,2623,4798,4721,0,False
PO05142,CA045,CR0989,2025-05-13,instagram,short,2290,5699,8462,9397,250,False
PO05143,CA045,CR0903,2025-05-13,instagram,reel,220,958,1608,1607,0,False
PO05144,CA045,CR0761,2025-05-13,instagram,short,20372,59004,418060,551667,8750,True
PO05145,CA045,CR0596,2025-05-13,instagram,short,999,2457,4529,4978,0,False
PO05146,CA045,CR0314,2025-05-13,instagram,long_form,100,244,554,590,0,False
PO05147,CA045,CR1042,2025-05-13,instagram,short,157714,276913,624601,660082,8750,False
PO05148,CA045,CR1028,2025-05-13,instagram,short,532,1012,1939,1976,0,False
PO05149,CA045,CR0826,2025-05-13,instagram,reel,100,394,696,752,0,False
PO05150,CA045,CR0441,2025-05-13,instagram,reel,273,519,963,1077,0,False
PO05151,CA045,CR0777,2025-05-13,instagram,long_form,100,100,319,379,0,True
PO05152,CA045,CR0022,2025-05-13,instagram,reel,322,2079,3486,3723,0,False
PO05153,CA045,CR0302,2025-05-13,instagram,reel,127,313,442,480,0,False
PO05154,CA045,CR0514,2025-05-13,instagram,carousel,20473,76511,109895,115387,2500,False
PO05155,CA045,CR0055,2025-05-13,instagram,carousel,257,703,1133,1103,0,False
PO05156,CA045,CR1081,2025-05-13,instagram,reel,361,800,1212,1443,0,False
PO05157,CA045,CR0695,2025-05-13,instagram,reel,360,2598,3539,3777,0,False
PO05158,CA045,CR0791,2025-05-13,instagram,carousel,866,1926,2655,3254,0,False
PO05159,CA045,CR1132,2025-05-13,instagram,long_form,196,519,825,867,0,False
PO05160,CA045,CR0975,2025-05-13,instagram,reel,5755,13514,34348,35954,1000,False
PO05161,CA045,CR0766,2025-05-13,instagram,long_form,1017,4464,8530,8441,250,False
PO05162,CA045,CR1168,2025-05-13,instagram,reel,100,273,365,401,0,False
PO05163,CA045,CR0185,2025-05-13,instagram,short,394,1634,2908,2872,0,False
PO05164,CA045,CR0924,2025-05-13,instagram,carousel,258,656,802,976,0,False
PO05165,CA045,CR0372,2025-05-13,instagram,reel,559,1729,3920,3985,0,False
PO05166,CA045,CR0176,2025-05-13,instagram,reel,2033,8408,10229,12360,250,False
PO05167,CA045,CR0832,2025-05-13,instagram,reel,25353,95517,143569,139601,2500,False
PO05168,CA045,CR0351,2025-05-13,instagram,reel,148,245,485,549,0,False
PO05169,CA045,CR1131,2025-05-13,instagram,reel,2320,4307,11288,12030,250,False
PO05170,CA045,CR0933,2025-05-13,instagram,reel,461,1797,4664,4702,0,False
PO05171,CA045,CR0851,2025-05-13,instagram,short,278,639,1650,1662,0,False
PO05172,CA045,CR0315,2025-05-13,instagram,reel,1244,2886,3824,4734,0,False
PO05173,CA045,CR0229,2025-05-13,instagram,reel,104217,159612,363964,378307,8750,False
PO05174,CA045,CR0539,2025-05-13,instagram,reel,108,489,1099,1077,0,False
PO05175,CA045,CR0651,2025-05-13,instagram,short,804,1203,2530,2935,0,False
PO05176,CA045,CR0239,2025-05-13,instagram,long_form,908,2049,3986,4269,0,False
PO05177,CA045,CR0880,2025-05-13,instagram,reel,789,5325,8619,9759,250,False
PO05178,CA045,CR0285,2025-05-13,instagram,long_form,147,271,551,632,0,False
PO05179,CA045,CR0477,2025-05-13,instagram,short,277,868,1605,1599,0,False
PO05180,CA045,CR0206,2025-05-13,instagram,short,100,215,409,427,0,False
PO05181,CA045,CR0069,2025-05-13,instagram,reel,1819,5171,8980,9008,250,False
PO05182,CA045,CR0622,2025-05-13,instagram,reel,562,1365,2194,2456,0,False
PO05183,CA045,CR1091,2025-05-13,instagram,carousel,426,1992,12448,13849,250,True
PO05184,CA045,CR0612,2025-05-13,instagram,reel,1768,6052,8071,9362,250,False
PO05185,CA045,CR0502,2025-05-13,instagram,short,1024,4275,5104,6126,0,False
PO05186,CA045,CR0904,2025-05-13,instagram,short,100,173,1553,1673,0,True
PO05187,CA045,CR0737,2025-05-13,instagram,reel,100,100,102,119,0,False
PO05188,CA045,CR1090,2025-05-13,instagram,carousel,419,1071,2480,2533,0,False
PO05189,CA045,CR0143,2025-05-13,instagram,long_form,801,1353,2730,3338,0,False
PO05190,CA045,CR0357,2025-05-13,instagram,short,100,100,187,191,0,False
PO05191,CA045,CR1159,2025-05-13,instagram,short,513,2873,4555,5102,0,False
PO05192,CA045,CR0367,2025-05-13,instagram,reel,636,981,2287,2744,0,False
PO05193,CA045,CR0094,2025-05-13,instagram,reel,1181,3273,6418,6539,250,False
PO05194,CA045,CR0024,2025-05-13,instagram,reel,5749,17989,40824,42753,1000,False
PO05195,CA045,CR0202,2025-05-13,instagram,reel,247,1793,2264,2684,0,False
PO05196,CA045,CR0416,2025-05-13,instagram,reel,262,428,951,940,0,False
PO05197,CA045,CR0889,2025-05-13,instagram,short,100,221,314,325,0,False
PO05198,CA045,CR0487,2025-05-13,instagram,long_form,252,532,1092,1215,0,False
PO05199,CA045,CR0334,2025-05-13,instagram,long_form,165,491,930,1096,0,False
PO05200,CA045,CR0153,2025-05-13,instagram,carousel,100,196,427,437,0,False
PO05201,CA045,CR1076,2025-05-13,instagram,short,447,1657,2156,2582,0,False
PO05202,CA045,CR0397,2025-05-13,instagram,reel,569,1367,2403,2338,0,False
PO05203,CA045,CR0394,2025-05-13,instagram,short,550,762,1948,2148,0,False
PO05204,CA045,CR0993,2025-05-13,instagram,reel,418,2806,4638,4915,0,False
PO05205,CA045,CR0440,2025-05-13,instagram,reel,275,909,1523,1830,0,False
PO05206,CA045,CR0466,2025-05-13,instagram,short,163,401,949,988,0,False
PO05207,CA045,CR0350,2025-05-13,instagram,reel,339,793,1223,1312,0,False
PO05208,CA045,CR0062,2025-05-13,instagram,short,2872,8817,13232,14479,250,False
PO05209,CA045,CR0385,2025-05-13,instagram,long_form,385,1391,1881,2333,0,False
PO05210,CA045,CR0660,2025-05-13,instagram,reel,908,3709,6443,6397,250,False
PO05211,CA045,CR0739,2025-05-13,instagram,reel,100,187,426,415,0,False
PO05212,CA045,CR0160,2025-05-13,instagram,reel,168249,499458,801228,936435,8750,False
PO05213,CA045,CR0080,2025-05-13,instagram,reel,920,2924,3431,4183,0,False
PO05214,CA045,CR0327,2025-05-13,instagram,short,100,402,544,594,0,False
PO05215,CA045,CR0584,2025-05-13,instagram,reel,913,5273,8331,8947,250,False
PO05216,CA045,CR0722,2025-05-13,instagram,reel,2118,5191,10071,12131,250,False
PO05217,CA045,CR0594,2025-05-13,instagram,reel,308,642,1289,1431,0,False
PO05218,CA045,CR1070,2025-05-13,instagram,short,2476,6259,10362,11331,250,False
PO05219,CA045,CR0771,2025-05-13,instagram,reel,1107,2982,4579,4472,0,False
PO05220,CA045,CR0253,2025-05-13,instagram,reel,411,1681,2560,2504,0,False
PO05221,CA045,CR0290,2025-05-13,instagram,reel,733,1811,3021,3637,0,False
PO05222,CA045,CR0662,2025-05-13,instagram,carousel,168,531,935,1086,0,False
PO05223,CA045,CR0013,2025-05-13,instagram,reel,315,757,1052,1152,0,False
PO05224,CA045,CR0744,2025-05-13,instagram,reel,1100,3526,5618,5474,0,False
PO05225,CA045,CR0078,2025-05-13,instagram,reel,339,1356,1861,1989,0,False
PO05226,CA045,CR0126,2025-05-13,instagram,reel,690,1242,2605,2942,0,False
PO05227,CA045,CR0002,2025-05-13,instagram,reel,32630,46942,108160,130704,2500,False
PO05228,CA045,CR1101,2025-05-13,instagram,reel,160,443,1022,1244,0,False
PO05229,CA045,CR0330,2025-05-13,instagram,short,925,3504,6561,6955,250,False
PO05230,CA045,CR0026,2025-05-13,instagram,reel,232,579,943,1046,0,False
PO05231,CA045,CR0799,2025-05-13,instagram,short,4943,8849,21471,21392,250,False
PO05232,CA045,CR0819,2025-05-13,instagram,reel,1551,2648,5597,6502,250,False
PO05233,CA045,CR0847,2025-05-13,instagram,carousel,5769,28331,45806,50751,1000,False
PO05234,CA045,CR0191,2025-05-13,instagram,reel,779,3536,6633,7947,250,False
PO05235,CA045,CR0554,2025-05-13,instagram,short,539,938,2011,2281,0,False
PO05236,CA045,CR0526,2025-05-13,instagram,reel,104,194,471,461,0,False
PO05237,CA045,CR0043,2025-05-13,instagram,short,214,559,781,924,0,False
PO05238,CA045,CR0048,2025-05-13,instagram,reel,372,946,1542,1531,0,False
PO05239,CA045,CR0602,2025-05-13,instagram,reel,100,105,186,204,0,False
PO05240,CA045,CR0852,2025-05-13,instagram,reel,124477,384163,633422,726882,8750,False
PO05241,CA046,CR0439,2025-05-16,youtube,reel,5420,14559,28105,29760,1650,False
PO05242,CA046,CR0752,2025-05-16,youtube,reel,5623,19421,30542,36775,1650,False
PO05243,CA046,CR0715,2025-05-16,youtube,short,283,524,1185,1218,0,False
PO05244,CA046,CR0364,2025-05-16,youtube,short,100,154,346,360,0,False
PO05245,CA046,CR1186,2025-05-16,youtube,short,100,100,671,775,0,True
PO05246,CA046,CR0887,2025-05-16,youtube,short,9160,16646,37956,38647,1650,False
PO05247,CA046,CR1056,2025-05-16,youtube,short,100,138,233,264,0,False
PO05248,CA046,CR0295,2025-05-16,youtube,short,6147,9795,22432,25068,400,False
PO05249,CA046,CR0879,2025-05-16,youtube,short,411,954,1364,1673,0,False
PO05250,CA046,CR1156,2025-05-16,youtube,reel,100,153,320,377,0,False
PO05251,CA046,CR0765,2025-05-16,youtube,short,279,512,1155,1172,0,False
PO05252,CA046,CR0885,2025-05-16,youtube,long_form,2871,8578,11425,12987,400,False
PO05253,CA046,CR0587,2025-05-16,youtube,long_form,103,253,308,372,0,False
PO05254,CA046,CR0935,2025-05-16,youtube,short,100,112,241,269,0,False
PO05255,CA046,CR0921,2025-05-16,youtube,short,147,274,695,713,0,False
PO05256,CA046,CR0696,2025-05-16,youtube,reel,578,996,2466,2481,0,False
PO05257,CA046,CR0408,2025-05-16,youtube,reel,100,100,184,182,0,False
PO05258,CA046,CR0939,2025-05-16,youtube,short,121,385,675,755,0,False
PO05259,CA046,CR0974,2025-05-16,youtube,long_form,129,316,573,590,0,False
PO05260,CA046,CR0795,2025-05-16,youtube,reel,141,299,653,709,0,False
PO05261,CA046,CR0166,2025-05-16,youtube,carousel,100,369,571,668,0,False
PO05262,CA046,CR0317,2025-05-16,youtube,long_form,100,100,122,142,0,False
PO05263,CA046,CR0196,2025-05-16,youtube,short,210,651,960,1071,0,False
PO05264,CA046,CR0522,2025-05-16,youtube,reel,1180,2826,4468,4569,0,False
PO05265,CA046,CR0923,2025-05-16,youtube,short,2190,5378,8915,8898,400,False
PO05266,CA046,CR0954,2025-05-16,youtube,short,369,889,1454,1766,0,False
PO05267,CA046,CR0325,2025-05-16,youtube,short,474,1458,3242,3588,0,False
PO05268,CA046,CR0893,2025-05-16,youtube,short,215,333,696,804,0,False
PO05269,CA046,CR0072,2025-05-16,youtube,long_form,621,940,2727,2674,0,False
PO05270,CA046,CR0532,2025-05-16,youtube,short,224,375,815,879,0,False
PO05271,CA046,CR0347,2025-05-16,youtube,short,392,1344,2443,2600,0,False
PO05272,CA046,CR0045,2025-05-16,youtube,short,476,933,2283,2334,0,False
PO05273,CA046,CR0200,2025-05-16,youtube,short,276,964,1666,1675,0,False
PO05274,CA046,CR1135,2025-05-16,youtube,reel,195,598,866,912,0,False
PO05275,CA046,CR0898,2025-05-16,youtube,short,380,2077,3482,3612,0,False
PO05276,CA046,CR0992,2025-05-16,youtube,long_form,13394,37056,80470,87411,4100,False
PO05277,CA046,CR0913,2025-05-16,youtube,short,232,1032,1805,2096,0,False
PO05278,CA046,CR0323,2025-05-16,youtube,reel,105,283,518,570,0,False
PO05279,CA046,CR0220,2025-05-16,youtube,short,100,100,128,151,0,False
PO05280,CA046,CR0867,2025-05-16,youtube,short,100,295,755,745,0,False
PO05281,CA046,CR0074,2025-05-16,youtube,reel,100,133,319,320,0,False
PO05282,CA046,CR0772,2025-05-16,youtube,short,100,383,1812,2290,0,True
PO05283,CA046,CR0075,2025-05-16,youtube,long_form,176,873,1163,1373,0,False
PO05284,CA046,CR0860,2025-05-16,youtube,short,100,100,183,184,0,False
PO05285,CA046,CR0250,2025-05-16,youtube,long_form,115,492,591,717,0,False
PO05286,CA046,CR0818,2025-05-16,youtube,long_form,100,129,318,366,0,False
PO05287,CA046,CR0833,2025-05-16,youtube,long_form,86684,146229,308724,310102,14350,False
PO05288,CA046,CR1092,2025-05-16,youtube,reel,229,503,697,845,0,False
PO05289,CA046,CR0977,2025-05-16,youtube,carousel,100,225,381,462,0,False
PO05290,CA046,CR0670,2025-05-16,youtube,short,14877,44234,78384,79163,4100,False
PO05291,CA046,CR0073,2025-05-16,youtube,short,2372,6524,14358,17245,400,False
PO05292,CA046,CR1160,2025-05-16,youtube,short,100,249,603,620,0,False
PO05293,CA046,CR0097,2025-05-16,youtube,reel,147,322,589,716,0,False
PO05294,CA046,CR1151,2025-05-16,youtube,carousel,660,2816,5416,5623,0,False
PO05295,CA046,CR1177,2025-05-16,youtube,reel,325,1238,2611,2955,0,False
PO05296,CA046,CR0198,2025-05-16,youtube,short,358,852,1769,2057,0,False
PO05297,CA046,CR0951,2025-05-16,youtube,short,156,994,1371,1574,0,False
PO05298,CA046,CR0124,2025-05-16,youtube,long_form,100,163,223,267,0,False
PO05299,CA046,CR0456,2025-05-16,youtube,short,104,418,1055,1093,0,False
PO05300,CA046,CR0640,2025-05-16,youtube,short,311,1067,1511,1561,0,False
PO05301,CA046,CR1098,2025-05-16,youtube,long_form,11576,16080,41895,42491,1650,False
PO05302,CA046,CR0275,2025-05-16,youtube,short,133,349,533,539,0,False
PO05303,CA046,CR1034,2025-05-16,youtube,short,100,225,360,435,0,False
PO05304,CA046,CR0343,2025-05-16,youtube,long_form,100,100,100,100,0,False
PO05305,CA046,CR0132,2025-05-16,youtube,short,18963,49828,62074,75922,4100,False
PO05306,CA046,CR0128,2025-05-16,youtube,short,538,4147,5977,6647,0,False
PO05307,CA046,CR1178,2025-05-16,youtube,short,174,760,1154,1219,0,False
PO05308,CA046,CR1173,2025-05-16,youtube,short,1301,4479,10313,11502,400,False
PO05309,CA046,CR0100,2025-05-16,youtube,long_form,31189,149517,208477,232796,4100,False
PO05310,CA046,CR0912,2025-05-16,youtube,carousel,147,381,450,560,0,False
PO05311,CA046,CR0230,2025-05-16,youtube,short,591,2696,22254,26038,400,True
PO05312,CA046,CR0402,2025-05-16,youtube,short,306,410,1092,1100,0,False
PO05313,CA046,CR0012,2025-05-16,youtube,carousel,100,249,443,527,0,False
PO05314,CA046,CR0947,2025-05-16,youtube,short,100,268,1345,1609,0,True
PO05315,CA046,CR0467,2025-05-16,youtube,short,1582,4421,7035,8357,400,False
PO05316,CA046,CR0116,2025-05-16,youtube,short,1738,4433,8835,9019,400,False
PO05317,CA046,CR0099,2025-05-16,youtube,short,131352,467114,714109,741376,14350,False
PO05318,CA046,CR0654,2025-05-16,youtube,reel,278,568,890,1003,0,False
PO05319,CA046,CR1086,2025-05-16,youtube,reel,172,357,692,675,0,False
PO05320,CA046,CR0902,2025-05-16,youtube,short,121,427,788,981,0,False
PO05321,CA046,CR0184,2025-05-16,youtube,short,100,175,257,292,0,False
PO05322,CA046,CR1078,2025-05-16,youtube,reel,100,100,738,857,0,True
PO05323,CA046,CR1046,2025-05-16,youtube,short,300,1160,2252,2342,0,False
PO05324,CA046,CR1063,2025-05-16,youtube,reel,100,217,335,389,0,False
PO05325,CA046,CR0934,2025-05-16,youtube,short,666,1939,4211,4738,0,False
PO05326,CA046,CR0183,2025-05-16,youtube,long_form,303,435,1101,1105,0,False
PO05327,CA046,CR0103,2025-05-16,youtube,carousel,2499,4757,7941,9459,400,False
PO05328,CA046,CR0863,2025-05-16,youtube,long_form,100,338,464,507,0,False
PO05329,CA046,CR0701,2025-05-16,youtube,long_form,502,1258,2303,2713,0,False
PO05330,CA046,CR0754,2025-05-16,youtube,reel,314,1401,2319,2317,0,False
PO05331,CA046,CR0009,2025-05-16,youtube,short,294,675,956,1094,0,False
PO05332,CA046,CR0714,2025-05-16,youtube,long_form,100,348,661,660,0,False
PO05333,CA046,CR0298,2025-05-16,youtube,carousel,1885,7756,10435,12900,400,False
PO05334,CA046,CR0105,2025-05-16,youtube,carousel,100,473,810,867,0,False
PO05335,CA046,CR0450,2025-05-16,youtube,short,9059,26885,55180,64333,1650,False
PO05336,CA046,CR0401,2025-05-16,youtube,short,298,519,1158,1430,0,False
PO05337,CA046,CR0437,2025-05-16,youtube,short,2184,3876,7706,8490,400,False
PO05338,CA046,CR0617,2025-05-16,youtube,carousel,276,536,980,1206,0,False
PO05339,CA046,CR0917,2025-05-16,youtube,long_form,118,265,726,730,0,False
PO05340,CA046,CR0784,2025-05-16,youtube,long_form,584,1233,1986,2122,0,False
PO05341,CA046,CR0728,2025-05-16,youtube,long_form,258,729,1053,1314,0,False
PO05342,CA046,CR0838,2025-05-16,youtube,reel,696,1929,2940,3146,0,False
PO05343,CA046,CR0111,2025-05-16,youtube,short,100,106,215,214,0,False
PO05344,CA046,CR0455,2025-05-16,youtube,reel,423,2190,3406,4014,0,False
PO05345,CA046,CR0241,2025-05-16,youtube,short,383,1188,1954,2431,0,False
PO05346,CA046,CR0697,2025-05-16,youtube,short,201,468,1067,1141,0,False
PO05347,CA046,CR0965,2025-05-16,youtube,reel,1203,2427,5159,5876,0,False
PO05348,CA046,CR0724,2025-05-16,youtube,short,133,212,567,584,0,False
PO05349,CA047,CR0668,2025-05-19,youtube,short,322,960,1734,2118,0,False
PO05350,CA047,CR0849,2025-05-19,youtube,long_form,1034,2090,4266,4689,0,False
PO05351,CA047,CR0531,2025-05-19,youtube,short,3927,9430,17004,17732,800,False
PO05352,CA047,CR0346,2025-05-19,youtube,reel,5810,21957,33676,36600,800,False
PO05353,CA047,CR0870,2025-05-19,youtube,short,3398,23467,29662,36477,800,False
PO05354,CA047,CR0439,2025-05-19,youtube,reel,2296,6418,10972,13358,800,False
PO05355,CA047,CR0781,2025-05-19,youtube,short,401,670,1705,1743,0,False
PO05356,CA047,CR0775,2025-05-19,youtube,long_form,1224,3369,4889,4918,0,False
PO05357,CA047,CR0421,2025-05-19,youtube,long_form,464,1544,2171,2249,0,False
PO05358,CA047,CR0123,2025-05-19,youtube,short,498,1639,2407,2834,0,False
PO05359,CA047,CR0108,2025-05-19,youtube,short,123,304,746,807,0,False
PO05360,CA047,CR0293,2025-05-19,youtube,reel,11602,66128,97939,102428,7800,False
PO05361,CA047,CR0419,2025-05-19,youtube,reel,559,2157,4658,4618,0,False
PO05362,CA047,CR0549,2025-05-19,youtube,short,4066,12989,21847,22173,800,False
PO05363,CA047,CR0344,2025-05-19,youtube,carousel,236,823,1703,2043,0,False
PO05364,CA047,CR0689,2025-05-19,youtube,long_form,5313,11369,20695,23050,800,False
PO05365,CA047,CR0081,2025-05-19,youtube,short,1651,5884,13193,14238,800,False
PO05366,CA047,CR1043,2025-05-19,youtube,short,743,1694,2954,3641,0,False
PO05367,CA047,CR0559,2025-05-19,youtube,reel,4141,6554,17228,17307,800,False
PO05368,CA047,CR0462,2025-05-19,youtube,short,5743,12303,18999,23204,800,False
PO05369,CA047,CR0917,2025-05-19,youtube,short,100,443,822,846,0,False
PO05370,CA047,CR0840,2025-05-19,youtube,short,86559,197485,278012,340249,27250,False
PO05371,CA047,CR0390,2025-05-19,youtube,short,246,643,1413,1409,0,False
PO05372,CA047,CR0566,2025-05-19,youtube,short,755,1466,3208,3724,0,False
PO05373,CA047,CR0758,2025-05-19,youtube,carousel,426,880,2267,2313,0,False
PO05374,CA047,CR0082,2025-05-19,youtube,reel,5637,13921,28689,28100,800,False
PO05375,CA047,CR1001,2025-05-19,youtube,long_form,121,601,710,868,0,False
PO05376,CA047,CR0972,2025-05-19,youtube,long_form,12006,29555,49861,50880,3100,False
PO05377,CA047,CR0432,2025-05-19,youtube,reel,39393,73480,115686,142573,7800,False
PO05378,CA047,CR1083,2025-05-19,youtube,short,6449,9728,23280,24295,800,False
PO05379,CA047,CR0393,2025-05-19,youtube,short,1523,6049,10084,11521,800,False
PO05380,CA047,CR1183,2025-05-19,youtube,short,1405,4751,9754,10456,800,False
PO05381,CA047,CR0023,2025-05-19,youtube,short,138,449,593,654,0,False
PO05382,CA047,CR0925,2025-05-19,youtube,long_form,4545,19752,41049,47302,3100,False
PO05383,CA047,CR0358,2025-05-19,youtube,short,2177,6379,12290,12820,800,False
PO05384,CA047,CR0671,2025-05-19,youtube,short,1107,6696,10330,11465,800,False
PO05385,CA047,CR0164,2025-05-19,youtube,short,1055,5759,8399,8656,0,False
PO05386,CA047,CR0480,2025-05-19,youtube,short,728,2239,2901,3581,0,False
PO05387,CA047,CR0328,2025-05-19,youtube,short,3606,16039,22130,23610,800,False
PO05388,CA047,CR0857,2025-05-19,youtube,long_form,716,1303,3106,3016,0,False
PO05389,CA047,CR0401,2025-05-19,youtube,short,155,446,976,954,0,False
PO05390,CA047,CR1122,2025-05-19,youtube,reel,222,615,876,890,0,False
PO05391,CA047,CR0212,2025-05-19,youtube,short,6637,14120,31120,31509,800,False
PO05392,CA047,CR1167,2025-05-19,youtube,short,7043,13373,28451,34643,800,False
PO05393,CA047,CR0558,2025-05-19,youtube,carousel,3204,10012,15060,16061,800,False
PO05394,CA047,CR0844,2025-05-19,youtube,short,2582,9997,64303,73103,3100,True
PO05395,CA047,CR0375,2025-05-19,youtube,short,5606,13257,17452,21416,800,False
PO05396,CA047,CR0125,2025-05-19,youtube,short,1266,4029,8114,9752,800,False
PO05397,CA047,CR0271,2025-05-19,youtube,reel,2072,5139,11296,13277,800,False
PO05398,CA047,CR0008,2025-05-19,youtube,long_form,29355,149016,230403,242354,7800,False
PO05399,CA047,CR0833,2025-05-19,youtube,short,41100,181788,296890,331527,27250,False
PO05400,CA047,CR0409,2025-05-19,youtube,long_form,2240,5766,8261,9808,800,False
PO05401,CA047,CR0308,2025-05-19,youtube,reel,461480,896970,1581912,1690044,27250,False
PO05402,CA047,CR1169,2025-05-19,youtube,carousel,680,1257,2553,2773,0,False
PO05403,CA047,CR0688,2025-05-19,youtube,short,20140,38768,76489,79054,3100,False
PO05404,CA047,CR1019,2025-05-19,youtube,short,635,2558,6631,6965,0,False
PO05405,CA047,CR0723,2025-05-19,youtube,long_form,2112,3120,8032,8105,0,False
PO05406,CA047,CR1174,2025-05-19,youtube,short,128,887,4347,5065,0,True
PO05407,CA047,CR1009,2025-05-19,youtube,short,216,1509,1876,2186,0,False
PO05408,CA047,CR0241,2025-05-19,youtube,long_form,348,1537,2296,2363,0,False
PO05409,CA047,CR1189,2025-05-19,youtube,short,2905,8406,14609,15928,800,False
PO05410,CA047,CR0096,2025-05-19,youtube,short,1393,3582,5615,5733,0,False
PO05411,CA047,CR1198,2025-05-19,youtube,long_form,468,867,1814,1951,0,False
PO05412,CA048,CR1090,2025-05-22,instagram,reel,294,842,1278,1576,0,False
PO05413,CA048,CR0453,2025-05-22,instagram,reel,1646,6990,13005,12880,400,False
PO05414,CA048,CR0120,2025-05-22,instagram,reel,100,291,428,491,0,False
PO05415,CA048,CR0826,2025-05-22,instagram,reel,198,714,968,1056,0,False
PO05416,CA048,CR0068,2025-05-22,instagram,reel,329,560,1207,1280,0,False
PO05417,CA048,CR0945,2025-05-22,instagram,reel,150,398,866,941,0,False
PO05418,CA048,CR0569,2025-05-22,instagram,long_form,161,414,680,666,0,False
PO05419,CA048,CR0525,2025-05-22,instagram,short,550,1889,3608,3617,0,False
PO05420,CA048,CR0639,2025-05-22,instagram,carousel,243,521,876,982,0,False
PO05421,CA048,CR0242,2025-05-22,instagram,reel,125,488,658,785,0,False
PO05422,CA048,CR0628,2025-05-22,instagram,reel,100,100,247,270,0,True
PO05423,CA048,CR1149,2025-05-22,instagram,carousel,100,178,241,297,0,False
PO05424,CA048,CR0882,2025-05-22,instagram,reel,377,1162,1739,2026,0,False
PO05425,CA048,CR0740,2025-05-22,instagram,reel,100,254,306,370,0,False
PO05426,CA048,CR0676,2025-05-22,instagram,short,100,232,373,384,0,False
PO05427,CA048,CR0672,2025-05-22,instagram,reel,100,150,314,342,0,False
PO05428,CA048,CR0924,2025-05-22,instagram,reel,359,932,1194,1356,0,False
PO05429,CA048,CR0802,2025-05-22,instagram,long_form,100,251,513,522,0,False
PO05430,CA048,CR1159,2025-05-22,instagram,long_form,100,100,111,123,0,False
PO05431,CA048,CR1155,2025-05-22,instagram,short,541,1984,4454,4973,0,False
PO05432,CA048,CR1101,2025-05-22,instagram,short,215,543,755,831,0,False
PO05433,CA048,CR0309,2025-05-22,instagram,short,100,327,592,625,0,False
PO05434,CA048,CR0602,2025-05-22,instagram,reel,100,226,298,338,0,False
PO05435,CA048,CR0708,2025-05-22,instagram,reel,869,1755,3945,3838,0,False
PO05436,CA048,CR0321,2025-05-22,instagram,reel,100,100,100,100,0,False
PO05437,CA048,CR0649,2025-05-22,instagram,reel,128,418,742,789,0,False
PO05438,CA048,CR1051,2025-05-22,instagram,reel,2720,8489,19343,22375,400,False
PO05439,CA048,CR0047,2025-05-22,instagram,reel,100,100,100,100,0,False
PO05440,CA048,CR0466,2025-05-22,instagram,reel,100,100,118,130,0,False
PO05441,CA048,CR0940,2025-05-22,instagram,reel,100,125,277,272,0,False
PO05442,CA048,CR0564,2025-05-22,instagram,reel,416,851,1560,1778,0,False
PO05443,CA048,CR0285,2025-05-22,instagram,short,109,584,878,1007,0,False
PO05444,CA048,CR1002,2025-05-22,instagram,short,100,211,381,453,0,False
PO05445,CA048,CR0133,2025-05-22,instagram,reel,574,1338,2106,2345,0,False
PO05446,CA048,CR0518,2025-05-22,instagram,long_form,100,206,457,483,0,False
PO05447,CA048,CR0611,2025-05-22,instagram,carousel,100,100,141,162,0,False
PO05448,CA048,CR0442,2025-05-22,instagram,reel,157,581,922,1086,0,False
PO05449,CA048,CR1170,2025-05-22,instagram,reel,367,1203,1922,2031,0,False
PO05450,CA048,CR0658,2025-05-22,instagram,reel,100,100,113,125,0,False
PO05451,CA048,CR0851,2025-05-22,instagram,reel,568,1372,2129,2090,0,False
PO05452,CA048,CR0078,2025-05-22,instagram,short,228,747,1116,1226,0,False
PO05453,CA048,CR0805,2025-05-22,instagram,reel,113,268,497,615,0,False
PO05454,CA048,CR0038,2025-05-22,instagram,reel,686,3673,5080,5643,0,False
PO05455,CA048,CR0229,2025-05-22,instagram,short,8962,21674,27059,32647,1500,False
PO05456,CA048,CR0399,2025-05-22,instagram,reel,3349,12935,18794,19847,400,False
PO05457,CA048,CR1014,2025-05-22,instagram,reel,225,606,885,903,0,False
PO05458,CA048,CR1096,2025-05-22,instagram,reel,100,141,186,225,0,False
PO05459,CA048,CR0143,2025-05-22,instagram,reel,100,100,100,109,0,False
PO05460,CA048,CR0043,2025-05-22,instagram,short,498,2214,3340,3743,0,False
PO05461,CA048,CR0753,2025-05-22,instagram,long_form,100,208,331,376,0,False
PO05462,CA048,CR0967,2025-05-22,instagram,reel,100,100,106,124,0,False
PO05463,CA048,CR0449,2025-05-22,instagram,reel,194,354,690,697,0,False
PO05464,CA048,CR0903,2025-05-22,instagram,short,100,100,143,174,0,False
PO05465,CA048,CR0414,2025-05-22,instagram,reel,103,428,686,791,0,False
PO05466,CA048,CR1124,2025-05-22,instagram,short,194,416,723,828,0,False
PO05467,CA048,CR0470,2025-05-22,instagram,reel,100,172,270,304,0,False
PO05468,CA048,CR0460,2025-05-22,instagram,carousel,332,573,1431,1469,0,False
PO05469,CA048,CR0933,2025-05-22,instagram,short,100,146,304,327,0,False
PO05470,CA048,CR0379,2025-05-22,instagram,long_form,210,636,1013,1100,0,False
PO05471,CA048,CR1171,2025-05-22,instagram,reel,100,100,371,404,0,True
PO05472,CA048,CR0716,2025-05-22,instagram,short,100,100,100,100,0,False
PO05473,CA048,CR0609,2025-05-22,instagram,short,4053,6875,14185,17122,400,False
PO05474,CA048,CR0210,2025-05-22,instagram,carousel,214,1284,2115,2625,0,False
PO05475,CA048,CR1088,2025-05-22,instagram,reel,255,581,1559,1648,0,False
PO05476,CA048,CR0787,2025-05-22,instagram,reel,119,459,774,939,0,False
PO05477,CA048,CR0526,2025-05-22,instagram,reel,167,373,511,637,0,False
PO05478,CA048,CR0374,2025-05-22,instagram,carousel,120,291,506,531,0,False
PO05479,CA048,CR1134,2025-05-22,instagram,long_form,100,100,100,108,0,False
PO05480,CA048,CR0127,2025-05-22,instagram,short,267,679,1212,1370,0,False
PO05481,CA048,CR0540,2025-05-22,instagram,short,100,128,293,315,0,False
PO05482,CA048,CR1131,2025-05-22,instagram,long_form,135,366,467,557,0,False
PO05483,CA048,CR0949,2025-05-22,instagram,reel,100,245,1613,1891,0,True
PO05484,CA048,CR0730,2025-05-22,instagram,reel,230,588,1096,1139,0,False
PO05485,CA048,CR0369,2025-05-22,instagram,reel,100,100,212,220,0,False
PO05486,CA048,CR0206,2025-05-22,instagram,long_form,131,382,521,606,0,False
PO05487,CA048,CR0993,2025-05-22,instagram,long_form,100,143,191,237,0,False
PO05488,CA048,CR0771,2025-05-22,instagram,reel,100,100,156,171,0,False
PO05489,CA048,CR0251,2025-05-22,instagram,short,451,1590,2487,2555,0,False
PO05490,CA048,CR1077,2025-05-22,instagram,reel,1084,2437,5161,6071,400,False
PO05491,CA048,CR0875,2025-05-22,instagram,reel,272,701,1201,1242,0,False
PO05492,CA048,CR0228,2025-05-22,instagram,reel,1166,3244,4478,5249,0,False
PO05493,CA048,CR1147,2025-05-22,instagram,short,100,151,260,291,0,False
PO05494,CA048,CR0660,2025-05-22,instagram,long_form,100,208,1072,1214,0,True
PO05495,CA048,CR0367,2025-05-22,instagram,reel,162,567,1464,1494,0,False
PO05496,CA048,CR0904,2025-05-22,instagram,short,175,339,578,650,0,False
PO05497,CA048,CR0017,2025-05-22,instagram,reel,100,141,318,383,0,False
PO05498,CA048,CR0698,2025-05-22,instagram,reel,139,524,1177,1308,0,False
PO05499,CA048,CR1091,2025-05-22,instagram,long_form,186,1058,1682,1773,0,False
PO05500,CA048,CR1115,2025-05-22,instagram,reel,186,374,772,881,0,False
PO05501,CA048,CR1182,2025-05-22,instagram,short,128,239,471,587,0,False
PO05502,CA048,CR0161,2025-05-22,instagram,reel,130,352,460,564,0,False
PO05503,CA048,CR0610,2025-05-22,instagram,short,100,100,100,100,0,False
PO05504,CA048,CR0080,2025-05-22,instagram,short,709,1978,3603,3655,0,False
PO05505,CA048,CR0482,2025-05-22,instagram,short,643,1519,2170,2376,0,False
PO05506,CA048,CR0547,2025-05-22,instagram,reel,211,521,1244,1432,0,False
PO05507,CA048,CR1120,2025-05-22,instagram,reel,4383,10552,24106,27544,1500,False
PO05508,CA048,CR0738,2025-05-22,instagram,reel,100,100,171,176,0,False
PO05509,CA048,CR0389,2025-05-22,instagram,reel,100,132,230,228,0,False
PO05510,CA048,CR0777,2025-05-22,instagram,long_form,120,534,974,963,0,False
PO05511,CA048,CR1036,2025-05-22,instagram,carousel,100,100,100,100,0,False
PO05512,CA048,CR0022,2025-05-22,instagram,reel,100,168,324,339,0,False
PO05513,CA048,CR0678,2025-05-22,instagram,reel,100,425,835,987,0,False
PO05514,CA048,CR0324,2025-05-22,instagram,long_form,212,559,952,962,0,False
PO05515,CA048,CR0292,2025-05-22,instagram,reel,100,228,340,339,0,False
PO05516,CA048,CR0494,2025-05-22,instagram,reel,100,123,207,209,0,False
PO05517,CA048,CR0651,2025-05-22,instagram,reel,193,907,5545,6752,400,True
PO05518,CA048,CR1127,2025-05-22,instagram,reel,100,100,222,264,0,True
PO05519,CA048,CR0919,2025-05-22,instagram,reel,208,764,1836,1978,0,False
PO05520,CA048,CR0595,2025-05-22,instagram,long_form,147,374,513,566,0,False
PO05521,CA048,CR0202,2025-05-22,instagram,reel,100,100,100,100,0,False
PO05522,CA048,CR0185,2025-05-22,instagram,reel,149,979,1533,1729,0,False
PO05523,CA048,CR0425,2025-05-22,instagram,reel,151,262,560,575,0,False
PO05524,CA048,CR0163,2025-05-22,instagram,reel,100,110,176,201,0,False
PO05525,CA048,CR0477,2025-05-22,instagram,reel,1707,3969,5850,6300,400,False
PO05526,CA048,CR0679,2025-05-22,instagram,reel,366,906,1678,1941,0,False
PO05527,CA048,CR0652,2025-05-22,instagram,long_form,100,100,101,100,0,False
PO05528,CA048,CR0686,2025-05-22,instagram,short,262,949,2250,2237,0,False
PO05529,CA048,CR1148,2025-05-22,instagram,long_form,485,870,1563,1786,0,False
PO05530,CA048,CR0739,2025-05-22,instagram,reel,110,229,440,486,0,False
PO05531,CA048,CR0176,2025-05-22,instagram,reel,488,1358,2209,2717,0,False
PO05532,CA048,CR0446,2025-05-22,instagram,carousel,7377,9990,23378,28223,1500,False
PO05533,CA048,CR0112,2025-05-22,instagram,reel,100,126,279,346,0,False
PO05534,CA048,CR0034,2025-05-22,instagram,short,2637,12124,19158,19176,400,False
PO05535,CA048,CR0487,2025-05-22,instagram,reel,100,215,467,579,0,False
PO05536,CA048,CR1089,2025-05-22,instagram,long_form,100,255,361,377,0,False
PO05537,CA048,CR0989,2025-05-22,instagram,long_form,217,558,695,805,0,False
PO05538,CA048,CR0847,2025-05-22,instagram,short,3799,6736,17599,18552,400,False
PO05539,CA048,CR0385,2025-05-22,instagram,reel,100,100,100,100,0,False
PO05540,CA048,CR0591,2025-05-22,instagram,reel,1658,6921,10321,11992,400,False
PO05541,CA048,CR0253,2025-05-22,instagram,short,100,100,105,128,0,False
PO05542,CA048,CR0053,2025-05-22,instagram,reel,4295,15673,21525,25260,1500,False
PO05543,CA048,CR0596,2025-05-22,instagram,short,100,160,320,385,0,False
PO05544,CA048,CR1123,2025-05-22,instagram,short,15279,33199,81111,84012,3800,False
PO05545,CA048,CR0007,2025-05-22,instagram,reel,100,432,609,674,0,False
PO05546,CA048,CR0845,2025-05-22,instagram,reel,1247,3386,4985,5194,0,False
PO05547,CA048,CR1081,2025-05-22,instagram,reel,100,100,100,100,0,False
PO05548,CA048,CR0956,2025-05-22,instagram,reel,1614,3488,6234,6150,400,False
PO05549,CA048,CR1065,2025-05-22,instagram,reel,511,1675,2819,2876,0,False
PO05550,CA048,CR1070,2025-05-22,instagram,reel,158,398,686,848,0,False
PO05551,CA048,CR0729,2025-05-22,instagram,reel,100,156,240,249,0,False
PO05552,CA048,CR1003,2025-05-22,instagram,reel,102,270,372,389,0,False
PO05553,CA048,CR0751,2025-05-22,instagram,carousel,100,220,348,410,0,False
PO05554,CA048,CR0638,2025-05-22,instagram,short,243,571,836,946,0,False
PO05555,CA048,CR0836,2025-05-22,instagram,reel,1060,5017,8191,8070,400,False
PO05556,CA048,CR0237,2025-05-22,instagram,reel,100,100,182,188,0,False
PO05557,CA048,CR0107,2025-05-22,instagram,reel,100,230,299,364,0,False
PO05558,CA048,CR0539,2025-05-22,instagram,short,100,161,233,281,0,False
PO05559,CA048,CR0471,2025-05-22,instagram,reel,100,216,426,439,0,False
PO05560,CA048,CR0050,2025-05-22,instagram,short,100,414,1848,2229,0,True
PO05561,CA048,CR0512,2025-05-22,instagram,reel,100,192,367,423,0,False
PO05562,CA048,CR0139,2025-05-22,instagram,short,100,400,471,575,0,False
PO05563,CA048,CR0314,2025-05-22,instagram,short,347,2212,3383,3638,0,False
PO05564,CA048,CR0618,2025-05-22,instagram,carousel,100,100,101,100,0,False
PO05565,CA048,CR0966,2025-05-22,instagram,long_form,133,828,1160,1215,0,False
PO05566,CA048,CR0970,2025-05-22,instagram,reel,776,2252,3820,4601,0,False
PO05567,CA048,CR0021,2025-05-22,instagram,reel,100,142,267,306,0,False
PO05568,CA048,CR1192,2025-05-22,instagram,reel,131,202,408,486,0,False
PO05569,CA048,CR0048,2025-05-22,instagram,reel,100,313,504,514,0,False
PO05570,CA049,CR1043,2025-05-25,youtube,carousel,100,151,234,276,0,False
PO05571,CA049,CR0849,2025-05-25,youtube,reel,2651,11371,22000,26455,1550,False
PO05572,CA049,CR0689,2025-05-25,youtube,short,2486,6226,11099,13143,0,False
PO05573,CA049,CR0816,2025-05-25,youtube,short,30619,106565,156528,168957,15750,False
PO05574,CA049,CR0977,2025-05-25,youtube,long_form,132,232,511,529,0,False
PO05575,CA049,CR1163,2025-05-25,youtube,reel,612,1245,3486,3488,0,False
PO05576,CA049,CR0082,2025-05-25,youtube,long_form,39753,82491,185505,181725,15750,False
PO05577,CA049,CR0247,2025-05-25,youtube,short,4398,13227,83816,88689,6300,True
PO05578,CA049,CR0455,2025-05-25,youtube,short,200,880,1684,1766,0,False
PO05579,CA049,CR1114,2025-05-25,youtube,reel,11456,34550,50537,61506,6300,False
PO05580,CA049,CR0030,2025-05-25,youtube,short,2028,3797,5863,7302,0,False
PO05581,CA049,CR0263,2025-05-25,youtube,short,555,1390,2568,2512,0,False
PO05582,CA049,CR0039,2025-05-25,youtube,short,6170,13237,30180,31026,1550,False
PO05583,CA049,CR0311,2025-05-25,youtube,short,2325,10615,17189,17222,1550,False
PO05584,CA049,CR0725,2025-05-25,youtube,short,246,654,1143,1425,0,False
PO05585,CA049,CR0669,2025-05-25,youtube,short,1011,2504,5681,5605,0,False
PO05586,CA049,CR0783,2025-05-25,youtube,short,100,191,365,369,0,False
PO05587,CA049,CR0634,2025-05-25,youtube,short,458,2317,2950,3496,0,False
PO05588,CA049,CR1183,2025-05-25,youtube,long_form,775,1719,3424,4078,0,False
PO05589,CA049,CR1083,2025-05-25,youtube,long_form,292,590,1190,1271,0,False
PO05590,CA049,CR0125,2025-05-25,youtube,short,112,509,1013,1137,0,False
PO05591,CA049,CR0587,2025-05-25,youtube,short,1118,5589,11083,12076,0,False
PO05592,CA049,CR0103,2025-05-25,youtube,long_form,7651,46635,265805,304988,15750,True
PO05593,CA049,CR0586,2025-05-25,youtube,reel,2942,6112,12393,12503,0,False
PO05594,CA049,CR1012,2025-05-25,youtube,long_form,804,8993,40450,50317,1550,True
PO05595,CA049,CR0549,2025-05-25,youtube,short,2252,6164,10896,13262,0,False
PO05596,CA049,CR0703,2025-05-25,youtube,reel,5804,10823,19917,23683,1550,False
PO05597,CA049,CR1058,2025-05-25,youtube,short,20542,60744,87661,87938,6300,False
PO05598,CA049,CR0808,2025-05-25,youtube,short,366,1220,1623,1856,0,False
PO05599,CA049,CR0409,2025-05-25,youtube,short,588,1186,2772,3128,0,False
PO05600,CA049,CR0714,2025-05-25,youtube,short,228,1171,1560,1937,0,False
PO05601,CA049,CR1037,2025-05-25,youtube,short,4497,11291,22270,23377,1550,False
PO05602,CA049,CR0485,2025-05-25,youtube,short,546,1391,2487,2461,0,False
PO05603,CA049,CR0164,2025-05-25,youtube,reel,1537,2740,6234,7185,0,False
PO05604,CA049,CR1189,2025-05-25,youtube,carousel,249,694,1687,1950,0,False
PO05605,CA049,CR0286,2025-05-25,youtube,short,2352,6502,14788,14634,0,False
PO05606,CA049,CR0797,2025-05-25,youtube,short,29753,128218,190551,199725,15750,False
PO05607,CA049,CR0439,2025-05-25,youtube,short,169,1323,11005,13766,0,True
PO05608,CA049,CR0817,2025-05-25,youtube,long_form,104,391,2844,3125,0,True
PO05609,CA049,CR0150,2025-05-25,youtube,short,220,663,1287,1338,0,False
PO05610,CA049,CR0346,2025-05-25,youtube,short,263,819,2059,2252,0,False
PO05611,CA049,CR0122,2025-05-25,youtube,reel,3431,5115,12903,12721,0,False
PO05612,CA049,CR0271,2025-05-25,youtube,reel,19970,34979,77823,81668,6300,False
PO05613,CA049,CR0209,2025-05-25,youtube,long_form,477,1322,2981,3292,0,False
PO05614,CA049,CR0366,2025-05-25,youtube,long_form,13985,62759,88123,106657,6300,False
PO05615,CA049,CR0961,2025-05-25,youtube,short,2150,8546,13793,15968,1550,False
PO05616,CA049,CR0065,2025-05-25,youtube,short,1274,5864,10302,12009,0,False
PO05617,CA049,CR0923,2025-05-25,youtube,short,951,2429,2886,3476,0,False
PO05618,CA049,CR0675,2025-05-25,youtube,short,325,1457,2043,2334,0,False
PO05619,CA049,CR1126,2025-05-25,youtube,short,1239,1838,4017,4720,0,False
PO05620,CA049,CR0025,2025-05-25,youtube,short,474,1192,1956,2004,0,False
PO05621,CA049,CR0344,2025-05-25,youtube,short,1001,3365,4801,5879,0,False
PO05622,CA049,CR0390,2025-05-25,youtube,long_form,8687,35744,82870,94282,6300,False
PO05623,CA049,CR0879,2025-05-25,youtube,short,100,100,133,146,0,False
PO05624,CA049,CR0212,2025-05-25,youtube,reel,1028,4458,7201,7046,0,False
PO05625,CA049,CR0541,2025-05-25,youtube,carousel,8741,32241,55396,58161,1550,False
PO05626,CA049,CR1025,2025-05-25,youtube,short,107,586,1127,1150,0,False
PO05627,CA050,CR0217,2025-05-28,youtube,short,2252,10643,24817,25201,350,False
PO05628,CA050,CR1058,2025-05-28,youtube,carousel,100,197,292,308,0,False
PO05629,CA050,CR0789,2025-05-28,youtube,carousel,481,2268,5173,5426,0,False
PO05630,CA050,CR0849,2025-05-28,youtube,carousel,438,1606,15901,16882,350,True
PO05631,CA050,CR1137,2025-05-28,youtube,reel,574,1231,2589,2573,0,False
PO05632,CA050,CR0328,2025-05-28,youtube,short,462,2133,13510,16075,350,True
PO05633,CA050,CR0598,2025-05-28,youtube,reel,4467,8872,20055,22306,350,False
PO05634,CA050,CR0344,2025-05-28,youtube,long_form,490,1344,2599,3108,0,False
PO05635,CA050,CR0117,2025-05-28,youtube,carousel,1285,2004,4846,4824,0,False
PO05636,CA050,CR1110,2025-05-28,youtube,carousel,1915,3631,6901,7874,0,False
PO05637,CA050,CR0142,2025-05-28,youtube,short,1014,4061,9330,11344,350,False
PO05638,CA050,CR0857,2025-05-28,youtube,short,1310,2431,4859,4789,0,False
PO05639,CA050,CR0587,2025-05-28,youtube,short,8460,18107,30664,30436,350,False
PO05640,CA050,CR0450,2025-05-28,youtube,reel,13266,29419,60286,71850,1500,False
PO05641,CA050,CR0426,2025-05-28,youtube,long_form,2275,8278,17448,19575,350,False
PO05642,CA050,CR0840,2025-05-28,youtube,reel,2919,6746,11145,12670,350,False
PO05643,CA050,CR0376,2025-05-28,youtube,short,512,1929,2978,3615,0,False
PO05644,CA050,CR1141,2025-05-28,youtube,long_form,1256,5845,13154,15393,350,False
PO05645,CA050,CR0037,2025-05-28,youtube,short,628,3614,4913,5284,0,False
PO05646,CA050,CR0125,2025-05-28,youtube,long_form,492,1432,2733,2897,0,False
PO05647,CA050,CR0996,2025-05-28,youtube,long_form,326,512,1439,1465,0,False
PO05648,CA050,CR1200,2025-05-28,youtube,long_form,1831,8237,13276,15168,350,False
PO05649,CA050,CR0843,2025-05-28,youtube,long_form,108,506,815,927,0,False
PO05650,CA050,CR0734,2025-05-28,youtube,short,1075,1552,3706,4345,0,False
PO05651,CA050,CR0411,2025-05-28,youtube,short,431,1920,2917,3142,0,False
PO05652,CA050,CR0922,2025-05-28,youtube,short,118,472,827,856,0,False
PO05653,CA050,CR0407,2025-05-28,youtube,short,538,1612,2497,2436,0,False
PO05654,CA050,CR1173,2025-05-28,youtube,long_form,100,270,369,411,0,False
PO05655,CA050,CR0827,2025-05-28,youtube,short,325,1048,2056,2193,0,False
PO05656,CA050,CR0524,2025-05-28,youtube,long_form,2158,5156,8377,9519,350,False
PO05657,CA050,CR1019,2025-05-28,youtube,long_form,143,778,1135,1176,0,False
PO05658,CA050,CR0463,2025-05-28,youtube,short,190,1040,1591,1688,0,False
PO05659,CA050,CR1087,2025-05-28,youtube,short,3542,7835,16437,16828,350,False
PO05660,CA050,CR0671,2025-05-28,youtube,short,100,142,176,214,0,False
PO05661,CA050,CR0558,2025-05-28,youtube,short,1461,5313,8950,10601,350,False
PO05662,CA050,CR1183,2025-05-28,youtube,short,631,1639,3215,3621,0,False
PO05663,CA050,CR0939,2025-05-28,youtube,short,100,100,142,168,0,False
PO05664,CA050,CR1174,2025-05-28,youtube,short,100,286,548,581,0,False
PO05665,CA050,CR1163,2025-05-28,youtube,long_form,183,383,810,915,0,False
PO05666,CA050,CR0197,2025-05-28,youtube,carousel,381,785,1354,1689,0,False
PO05667,CA050,CR1083,2025-05-28,youtube,long_form,278,429,1098,1189,0,False
PO05668,CA050,CR0758,2025-05-28,youtube,carousel,248,985,1661,1622,0,False
PO05669,CA050,CR1094,2025-05-28,youtube,short,2948,7008,15144,16080,350,False
PO05670,CA050,CR1012,2025-05-28,youtube,short,183,524,698,763,0,False
PO05671,CA050,CR0023,2025-05-28,youtube,short,189,367,881,1002,0,False
PO05672,CA050,CR0485,2025-05-28,youtube,short,1732,3919,8175,8808,0,False
PO05673,CA050,CR0247,2025-05-28,youtube,reel,1236,5511,11740,14645,350,False
PO05674,CA050,CR0233,2025-05-28,youtube,short,1488,3769,5705,5714,0,False
PO05675,CA050,CR0209,2025-05-28,youtube,short,2038,4631,10477,12255,350,False
PO05676,CA050,CR0212,2025-05-28,youtube,short,1473,5868,10070,10572,350,False
PO05677,CA050,CR0541,2025-05-28,youtube,long_form,1585,4802,8223,10179,350,False
PO05678,CA050,CR1026,2025-05-28,youtube,short,160,346,757,808,0,False
PO05679,CA050,CR0162,2025-05-28,youtube,short,235,1212,2167,2642,0,False
PO05680,CA050,CR0562,2025-05-28,youtube,short,1598,4275,10678,11974,350,False
PO05681,CA050,CR1046,2025-05-28,youtube,short,114,301,516,534,0,False
PO05682,CA050,CR0122,2025-05-28,youtube,short,785,2964,4649,4735,0,False
PO05683,CA050,CR0098,2025-05-28,youtube,short,1283,3800,7080,7231,0,False
PO05684,CA050,CR0955,2025-05-28,youtube,carousel,206,515,1071,1127,0,False
PO05685,CA050,CR0090,2025-05-28,youtube,carousel,379,1298,2228,2554,0,False
PO05686,CA050,CR0413,2025-05-28,youtube,carousel,476,1692,2963,2928,0,False
PO05687,CA050,CR0703,2025-05-28,youtube,short,1431,13688,77875,94494,3750,True
PO05688,CA050,CR0635,2025-05-28,youtube,short,400,1106,1359,1607,0,False
PO05689,CA050,CR1198,2025-05-28,youtube,short,1061,3580,5347,5322,0,False
PO05690,CA050,CR0549,2025-05-28,youtube,short,2070,8160,9803,11671,350,False
PO05691,CA050,CR0560,2025-05-28,youtube,long_form,308,1366,2438,2557,0,False
PO05692,CA050,CR0096,2025-05-28,youtube,short,2181,9398,17068,19569,350,False
PO05693,CA050,CR0456,2025-05-28,youtube,short,100,219,263,315,0,False
PO05694,CA050,CR0065,2025-05-28,youtube,long_form,2062,7682,15446,17269,350,False
PO05695,CA050,CR0355,2025-05-28,youtube,long_form,1272,7049,10565,12814,350,False
PO05696,CA050,CR0742,2025-05-28,youtube,reel,1503,3373,6063,6394,0,False
PO05697,CA050,CR1001,2025-05-28,youtube,reel,100,100,161,200,0,False
PO05698,CA050,CR0770,2025-05-28,youtube,long_form,346,2273,9604,12189,350,True
PO05699,CA050,CR0697,2025-05-28,youtube,carousel,100,100,100,100,0,False
PO05700,CA050,CR0149,2025-05-28,youtube,short,100,243,1278,1453,0,True
PO05701,CA050,CR1169,2025-05-28,youtube,short,263,1406,1658,2059,0,False
PO05702,CA050,CR0342,2025-05-28,youtube,short,5840,12706,27823,30363,350,False
PO05703,CA050,CR0954,2025-05-28,youtube,short,100,347,1395,1771,0,True
PO05704,CA050,CR1023,2025-05-28,youtube,short,1440,3700,5915,6459,0,False
PO05705,CA050,CR0082,2025-05-28,youtube,carousel,350,824,1522,1606,0,False
PO05706,CA050,CR0725,2025-05-28,youtube,short,345,1094,1693,1954,0,False
PO05707,CA050,CR0337,2025-05-28,youtube,long_form,1750,5207,7156,8707,0,False
PO05708,CA050,CR1162,2025-05-28,youtube,short,427,1326,2910,2944,0,False
PO05709,CA050,CR0345,2025-05-28,youtube,short,400,1909,3700,4218,0,False
PO05710,CA050,CR0099,2025-05-28,youtube,short,21152,55083,87648,98814,3750,False
PO05711,CA050,CR0723,2025-05-28,youtube,short,6089,14975,28651,34970,350,False
PO05712,CA050,CR0816,2025-05-28,youtube,reel,6138,14614,24998,27691,350,False
PO05713,CA050,CR0286,2025-05-28,youtube,short,392,1662,2301,2685,0,False
PO05714,CA050,CR0439,2025-05-28,youtube,short,187,720,1025,1121,0,False
PO05715,CA050,CR0409,2025-05-28,youtube,reel,2056,12102,17808,20986,350,False
PO05716,CA050,CR0358,2025-05-28,youtube,short,3082,7088,15212,16204,350,False
PO05717,CA050,CR0052,2025-05-28,youtube,reel,1584,3908,5202,6172,0,False
PO05718,CA050,CR0870,2025-05-28,youtube,carousel,100,270,378,462,0,False
PO05719,CA050,CR0382,2025-05-28,youtube,long_form,5715,16394,23532,23783,350,False
PO05720,CA050,CR0706,2025-05-28,youtube,long_form,100,599,784,868,0,False
PO05721,CA050,CR0669,2025-05-28,youtube,long_form,454,1834,2235,2634,0,False
PO05722,CA050,CR0419,2025-05-28,youtube,short,738,1552,3748,3902,0,False
PO05723,CA050,CR0298,2025-05-28,youtube,long_form,1567,8224,13922,14493,350,False
PO05724,CA050,CR0375,2025-05-28,youtube,long_form,1007,2896,4158,4467,0,False
PO05725,CA050,CR0114,2025-05-28,youtube,reel,1510,3149,5800,6952,0,False
PO05726,CA050,CR0811,2025-05-28,youtube,long_form,579,1135,2990,3190,0,False
PO05727,CA050,CR0220,2025-05-28,youtube,reel,100,100,100,103,0,False
PO05728,CA050,CR0393,2025-05-28,youtube,long_form,112,309,841,826,0,False
PO05729,CA050,CR0992,2025-05-28,youtube,short,3755,19501,27619,28955,350,False
PO05730,CA050,CR0039,2025-05-28,youtube,reel,5713,22063,143791,154475,3750,True
PO05731,CA050,CR0675,2025-05-28,youtube,reel,100,184,333,358,0,False
PO05732,CA050,CR1189,2025-05-28,youtube,short,4502,10343,18999,22377,350,False
PO05733,CA050,CR0270,2025-05-28,youtube,carousel,105,815,1102,1214,0,False
PO05734,CA050,CR0579,2025-05-28,youtube,carousel,316,1250,2655,2592,0,False
PO05735,CA050,CR0093,2025-05-28,youtube,short,15045,59599,107339,107782,3750,False
PO05736,CA050,CR1038,2025-05-28,youtube,short,1020,3697,5072,5335,0,False
PO05737,CA050,CR0961,2025-05-28,youtube,short,267,477,810,968,0,False
PO05738,CA050,CR0817,2025-05-28,youtube,reel,207,503,1148,1257,0,False
PO05739,CA050,CR0378,2025-05-28,youtube,long_form,868,5703,10067,9913,350,False
PO05740,CA050,CR0634,2025-05-28,youtube,short,330,768,1922,2180,0,False
PO05741,CA050,CR0887,2025-05-28,youtube,short,10087,18639,35108,41238,1500,False
PO05742,CA050,CR1009,2025-05-28,youtube,short,922,2029,3898,3803,0,False
PO05743,CA050,CR0123,2025-05-28,youtube,short,1288,4566,7478,8227,0,False
PO05744,CA050,CR0531,2025-05-28,youtube,reel,2405,7731,11534,11310,350,False
PO05745,CA050,CR1167,2025-05-28,youtube,short,6153,15212,24051,24905,350,False
PO05746,CA050,CR0368,2025-05-28,youtube,short,1453,7270,11325,12997,350,False
PO05747,CA050,CR0781,2025-05-28,youtube,short,445,1137,1469,1644,0,False
PO05748,CA050,CR0042,2025-05-28,youtube,short,239,707,1419,1505,0,False
PO05749,CA050,CR0844,2025-05-28,youtube,reel,757,1671,2786,3370,0,False
PO05750,CA050,CR0830,2025-05-28,youtube,short,525,2718,4359,4930,0,False
PO05751,CA050,CR0194,2025-05-28,youtube,short,3906,6686,16104,17556,350,False
PO05752,CA050,CR0348,2025-05-28,youtube,short,3124,8051,13223,13228,350,False
PO05753,CA050,CR0346,2025-05-28,youtube,long_form,2564,4788,10509,10314,350,False
PO05754,CA050,CR0462,2025-05-28,youtube,short,3061,6530,12613,13007,350,False
PO05755,CA050,CR0693,2025-05-28,youtube,short,7395,25171,44325,44438,1500,False
PO05756,CA050,CR0081,2025-05-28,youtube,short,1416,4704,6103,7511,0,False
PO05757,CA050,CR0859,2025-05-28,youtube,reel,145,431,783,906,0,False
PO05758,CA050,CR0223,2025-05-28,youtube,reel,528,1126,1742,2087,0,False
PO05759,CA050,CR0586,2025-05-28,youtube,short,2484,5247,8650,10607,350,False
PO05760,CA050,CR0364,2025-05-28,youtube,long_form,100,100,100,100,0,False
PO05761,CA050,CR0200,2025-05-28,youtube,short,254,646,864,1074,0,False
PO05762,CA050,CR1043,2025-05-28,youtube,short,586,2966,4422,4451,0,False
PO05763,CA050,CR0432,2025-05-28,youtube,carousel,1107,8098,13397,13562,350,False
PO05764,CA050,CR0421,2025-05-28,youtube,short,204,650,1785,1747,0,False
PO05765,CA050,CR1025,2025-05-28,youtube,short,432,916,1694,1785,0,False
PO05766,CA050,CR1122,2025-05-28,youtube,short,1320,3928,5317,6025,0,False
PO05767,CA050,CR0311,2025-05-28,youtube,long_form,257,1587,2524,2848,0,False
PO05768,CA050,CR0150,2025-05-28,youtube,reel,100,355,581,589,0,False
PO05769,CA050,CR0373,2025-05-28,youtube,long_form,657,1737,2760,3390,0,False
PO05770,CA050,CR0668,2025-05-28,youtube,carousel,2216,5857,8720,10613,350,False
PO05771,CA050,CR0480,2025-05-28,youtube,short,2592,6311,11291,12898,350,False
PO05772,CA050,CR0566,2025-05-28,youtube,long_form,579,1885,3393,3642,0,False
PO05773,CA050,CR0972,2025-05-28,youtube,short,233,552,910,1090,0,False
PO05774,CA050,CR0257,2025-05-28,youtube,short,722,1243,2677,2883,0,False
PO05775,CA050,CR0263,2025-05-28,youtube,short,834,3072,3810,4760,0,False
PO05776,CA050,CR0866,2025-05-28,youtube,long_form,821,2023,3907,3819,0,False
PO05777,CA050,CR0688,2025-05-28,youtube,short,100,514,786,810,0,False
PO05778,CA050,CR0573,2025-05-28,youtube,short,1595,2641,6585,6548,0,False
PO05779,CA050,CR1138,2025-05-28,youtube,short,3879,12910,30621,30746,350,False
PO05780,CA050,CR0066,2025-05-28,youtube,reel,1957,4455,7656,8598,0,False
PO05781,CA050,CR0317,2025-05-28,youtube,long_form,120,529,698,814,0,False
PO05782,CA050,CR0271,2025-05-28,youtube,long_form,3725,6083,12085,14172,350,False
PO05783,CA050,CR0025,2025-05-28,youtube,reel,100,275,616,687,0,False
PO05784,CA050,CR1139,2025-05-28,youtube,short,866,3924,8455,9711,350,False
PO05785,CA050,CR0258,2025-05-28,youtube,reel,2964,9657,17075,18104,350,False
PO05786,CA050,CR0488,2025-05-28,youtube,long_form,2703,9635,14766,15918,350,False
PO05787,CA050,CR0129,2025-05-28,youtube,short,231,944,1591,1556,0,False
PO05788,CA050,CR0116,2025-05-28,youtube,long_form,677,1649,3682,4053,0,False
PO05789,CA050,CR0190,2025-05-28,youtube,long_form,9698,15141,31765,36582,1500,False
PO05790,CA050,CR0433,2025-05-28,youtube,long_form,2510,8036,15398,18266,350,False
PO05791,CA050,CR0187,2025-05-28,youtube,reel,5134,13968,24020,28359,350,False
PO05792,CA050,CR0144,2025-05-28,youtube,short,1536,6108,25081,31633,350,True
PO05793,CA050,CR0030,2025-05-28,youtube,short,1220,2933,6830,7379,0,False
PO05794,CA050,CR0775,2025-05-28,youtube,reel,365,614,1289,1358,0,False
PO05795,CA050,CR0929,2025-05-28,youtube,reel,1231,3707,9422,9609,350,False
PO05796,CA050,CR0198,2025-05-28,youtube,reel,100,100,100,100,0,False
PO05797,CA050,CR0159,2025-05-28,youtube,short,2476,10801,25180,25624,350,False
PO05798,CA050,CR0113,2025-05-28,youtube,short,620,2002,2891,2902,0,False
PO05799,CA051,CR0580,2025-05-31,youtube,short,498,989,1527,1780,0,False
PO05800,CA051,CR0232,2025-05-31,youtube,short,16016,95883,148870,150930,3200,False
PO05801,CA051,CR1056,2025-05-31,youtube,long_form,121,397,572,683,0,False
PO05802,CA051,CR0402,2025-05-31,youtube,short,100,100,100,100,0,False
PO05803,CA051,CR0173,2025-05-31,youtube,long_form,100,638,1006,1135,0,False
PO05804,CA051,CR0912,2025-05-31,youtube,long_form,100,100,201,220,0,False
PO05805,CA051,CR0141,2025-05-31,youtube,short,1294,3748,6624,7232,300,False
PO05806,CA051,CR0342,2025-05-31,youtube,long_form,100,426,3175,3640,0,True
PO05807,CA051,CR0522,2025-05-31,youtube,long_form,100,100,151,172,0,True
PO05808,CA051,CR0946,2025-05-31,youtube,short,685,3315,6598,7212,300,False
PO05809,CA051,CR0754,2025-05-31,youtube,short,337,908,1255,1407,0,False
PO05810,CA051,CR0105,2025-05-31,youtube,long_form,100,112,298,314,0,False
PO05811,CA051,CR1040,2025-05-31,youtube,carousel,100,212,290,324,0,False
PO05812,CA051,CR0281,2025-05-31,youtube,short,100,100,100,100,0,False
PO05813,CA051,CR0236,2025-05-31,youtube,short,100,511,656,805,0,False
PO05814,CA051,CR0261,2025-05-31,youtube,reel,4163,14854,29398,29059,1300,False
PO05815,CA051,CR0524,2025-05-31,youtube,short,1693,6187,12840,15043,300,False
PO05816,CA051,CR0317,2025-05-31,youtube,short,100,100,168,204,0,False
PO05817,CA051,CR1137,2025-05-31,youtube,short,100,159,266,260,0,False
PO05818,CA051,CR0009,2025-05-31,youtube,short,100,197,372,438,0,False
PO05819,CA051,CR0270,2025-05-31,youtube,short,100,365,895,1011,0,False
PO05820,CA051,CR1156,2025-05-31,youtube,short,100,196,311,309,0,False
PO05821,CA051,CR0532,2025-05-31,youtube,long_form,100,149,406,397,0,False
PO05822,CA051,CR0898,2025-05-31,youtube,reel,100,323,1915,2183,0,True
PO05823,CA051,CR0935,2025-05-31,youtube,reel,100,153,1304,1373,0,True
PO05824,CA051,CR1063,2025-05-31,youtube,short,100,133,206,207,0,False
PO05825,CA051,CR1119,2025-05-31,youtube,short,161,543,708,814,0,False
PO05826,CA051,CR0456,2025-05-31,youtube,long_form,260,618,1116,1169,0,False
PO05827,CA051,CR0654,2025-05-31,youtube,long_form,100,100,120,130,0,True
PO05828,CA051,CR0765,2025-05-31,youtube,reel,577,1492,3133,3266,0,False
PO05829,CA051,CR0250,2025-05-31,youtube,short,100,100,162,203,0,False
PO05830,CA051,CR0977,2025-05-31,youtube,short,100,355,614,629,0,False
PO05831,CA051,CR0951,2025-05-31,youtube,long_form,100,127,345,350,0,False
PO05832,CA051,CR0894,2025-05-31,youtube,reel,1386,4324,6363,7897,300,False
PO05833,CA051,CR1078,2025-05-31,youtube,short,100,100,156,152,0,False
PO05834,CA051,CR0183,2025-05-31,youtube,short,116,184,409,493,0,False
PO05835,CA051,CR0089,2025-05-31,youtube,reel,299,1672,3082,3385,0,False
PO05836,CA051,CR0860,2025-05-31,youtube,reel,100,100,100,100,0,False
PO05837,CA051,CR1037,2025-05-31,youtube,reel,5061,10120,19146,19004,300,False
PO05838,CA051,CR0268,2025-05-31,youtube,reel,6900,24706,36934,40621,1300,False
PO05839,CA051,CR0577,2025-05-31,youtube,long_form,100,135,266,328,0,False
PO05840,CA051,CR0216,2025-05-31,youtube,short,22894,53568,138737,151281,3200,False
PO05841,CA051,CR0323,2025-05-31,youtube,short,100,100,101,100,0,False
PO05842,CA051,CR0012,2025-05-31,youtube,short,100,100,142,143,0,False
PO05843,CA051,CR1082,2025-05-31,youtube,long_form,100,178,362,446,0,False
PO05844,CA051,CR0947,2025-05-31,youtube,short,1512,3271,5402,5629,0,False
PO05845,CA051,CR0116,2025-05-31,youtube,long_form,100,104,203,229,0,False
PO05846,CA051,CR0129,2025-05-31,youtube,long_form,100,183,319,315,0,False
PO05847,CA051,CR0724,2025-05-31,youtube,long_form,100,100,159,163,0,False
PO05848,CA051,CR0718,2025-05-31,youtube,short,100,100,100,100,0,False
PO05849,CA051,CR0008,2025-05-31,youtube,short,5337,12942,118097,130893,3200,True
PO05850,CA051,CR0075,2025-05-31,youtube,long_form,172,293,510,633,0,False
PO05851,CA052,CR0212,2025-06-03,youtube,short,100,433,680,670,0,False
PO05852,CA052,CR0346,2025-06-03,youtube,long_form,1819,12759,21409,20992,700,False
PO05853,CA052,CR0734,2025-06-03,youtube,short,650,2855,3360,4101,0,False
PO05854,CA052,CR0023,2025-06-03,youtube,short,107,386,946,1034,0,False
PO05855,CA052,CR0961,2025-06-03,youtube,short,554,1431,2346,2451,0,False
PO05856,CA052,CR1177,2025-06-03,youtube,short,100,159,234,267,0,False
PO05857,CA052,CR0887,2025-06-03,youtube,short,7699,11541,27053,31096,2800,False
PO05858,CA052,CR1167,2025-06-03,youtube,short,1203,5155,8830,8631,700,False
PO05859,CA052,CR0781,2025-06-03,youtube,reel,100,139,280,335,0,False
PO05860,CA052,CR0579,2025-06-03,youtube,short,713,1459,3121,3104,0,False
PO05861,CA052,CR0342,2025-06-03,youtube,short,1351,2076,4600,5272,0,False
PO05862,CA052,CR0955,2025-06-03,youtube,short,1039,2057,4002,4758,0,False
PO05863,CA052,CR0797,2025-06-03,youtube,reel,17253,36053,84219,85964,6950,False
PO05864,CA052,CR0462,2025-06-03,youtube,reel,324,821,1587,1910,0,False
PO05865,CA052,CR0857,2025-06-03,youtube,long_form,114,203,430,483,0,False
PO05866,CA052,CR0373,2025-06-03,youtube,short,2130,5681,8392,9304,700,False
PO05867,CA052,CR0859,2025-06-03,youtube,short,100,100,184,183,0,False
PO05868,CA052,CR1025,2025-06-03,youtube,short,253,634,865,959,0,False
PO05869,CA052,CR1098,2025-06-03,youtube,reel,4808,18781,33910,37533,2800,False
PO05870,CA052,CR1056,2025-06-03,youtube,long_form,171,471,725,831,0,False
PO05871,CA052,CR1162,2025-06-03,youtube,short,174,688,1341,1319,0,False
PO05872,CA052,CR0480,2025-06-03,youtube,reel,100,309,370,454,0,False
PO05873,CA052,CR0870,2025-06-03,youtube,long_form,146,733,1176,1402,0,False
PO05874,CA052,CR0257,2025-06-03,youtube,short,100,282,453,479,0,False
PO05875,CA052,CR1001,2025-06-03,youtube,short,100,498,746,820,0,False
PO05876,CA052,CR0922,2025-06-03,youtube,short,687,2428,4140,4100,0,False
PO05877,CA052,CR0117,2025-06-03,youtube,short,913,2209,2987,3486,0,False
PO05878,CA052,CR1189,2025-06-03,youtube,short,307,1075,1562,1807,0,False
PO05879,CA052,CR0985,2025-06-03,youtube,long_form,670,1417,3283,3213,0,False
PO05880,CA052,CR0065,2025-06-03,youtube,short,695,2589,4087,4257,0,False
PO05881,CA052,CR1126,2025-06-03,youtube,long_form,545,1453,2203,2161,0,False
PO05882,CA052,CR1078,2025-06-03,youtube,long_form,133,293,628,636,0,False
PO05883,CA052,CR0376,2025-06-03,youtube,short,211,1165,1681,1851,0,False
PO05884,CA052,CR0736,2025-06-03,youtube,short,1164,5311,8694,10111,700,False
PO05885,CA052,CR1122,2025-06-03,youtube,carousel,240,1015,2638,2616,0,False
PO05886,CA052,CR0344,2025-06-03,youtube,short,278,917,1998,2463,0,False
PO05887,CA052,CR1174,2025-06-03,youtube,short,1057,1997,3691,4140,0,False
PO05888,CA052,CR1139,2025-06-03,youtube,reel,11245,51862,68892,76155,2800,False
PO05889,CA052,CR0082,2025-06-03,youtube,short,160,1048,6644,7008,0,True
PO05890,CA052,CR0929,2025-06-03,youtube,short,414,906,1295,1553,0,False
PO05891,CA052,CR0811,2025-06-03,youtube,carousel,284,883,1143,1344,0,False
PO05892,CA052,CR0258,2025-06-03,youtube,long_form,942,2389,2824,3507,0,False
PO05893,CA052,CR0703,2025-06-03,youtube,long_form,465,1871,2623,2699,0,False
PO05894,CA052,CR0770,2025-06-03,youtube,long_form,525,1606,4369,4338,0,False
PO05895,CA052,CR1043,2025-06-03,youtube,short,592,1280,2563,2600,0,False
PO05896,CA053,CR0605,2025-06-06,instagram,reel,2888,7262,9489,11428,550,False
PO05897,CA053,CR0005,2025-06-06,instagram,short,2407,13093,21400,21406,550,False
PO05898,CA053,CR0146,2025-06-06,instagram,reel,9464,20130,29398,34259,550,False
PO05899,CA053,CR0896,2025-06-06,instagram,long_form,298,1211,3046,3264,0,False
PO05900,CA053,CR0034,2025-06-06,instagram,long_form,17434,54775,91179,96562,2250,False
PO05901,CA053,CR0255,2025-06-06,instagram,reel,3049,22384,32448,32642,550,False
PO05902,CA053,CR0273,2025-06-06,instagram,reel,2044,6250,9387,10831,0,False
PO05903,CA053,CR0015,2025-06-06,instagram,long_form,6769,15091,23328,24340,550,False
PO05904,CA053,CR0180,2025-06-06,instagram,long_form,3324,5745,13789,13778,550,False
PO05905,CA053,CR1125,2025-06-06,instagram,long_form,204085,538964,839424,996731,19650,False
PO05906,CA053,CR0222,2025-06-06,instagram,short,7085,10571,27767,27230,550,False
PO05907,CA053,CR1157,2025-06-06,instagram,short,6422,40106,65119,70691,2250,False
PO05908,CA053,CR1008,2025-06-06,instagram,short,1410,2507,4668,5413,0,False
PO05909,CA053,CR0792,2025-06-06,instagram,long_form,1510,3373,6566,7446,0,False
PO05910,CA053,CR0071,2025-06-06,instagram,reel,7772,59499,93582,93244,2250,False
PO05911,CA053,CR0316,2025-06-06,instagram,reel,5334,18127,48137,50532,2250,False
PO05912,CA053,CR0475,2025-06-06,instagram,reel,4078,11698,14955,18138,550,False
PO05913,CA053,CR1187,2025-06-06,instagram,short,9753,25256,62295,64292,2250,False
PO05914,CA053,CR0845,2025-06-06,instagram,reel,760,2999,5725,7109,0,False
PO05915,CA053,CR0621,2025-06-06,instagram,reel,1052,2369,4622,4601,0,False
PO05916,CA053,CR1051,2025-06-06,instagram,short,30139,53813,138456,150506,5600,False
PO05917,CA053,CR0780,2025-06-06,instagram,long_form,29395,100298,210463,204962,5600,False
PO05918,CA053,CR0964,2025-06-06,instagram,reel,5200,11880,18046,22278,550,False
PO05919,CA053,CR0083,2025-06-06,instagram,short,26361,96170,206170,230696,5600,False
PO05920,CA053,CR0890,2025-06-06,instagram,reel,20874,31544,73228,78796,2250,False
PO05921,CA053,CR1055,2025-06-06,instagram,reel,2399,7130,11692,14036,550,False
PO05922,CA053,CR0169,2025-06-06,instagram,short,4418,12143,25348,28491,550,False
PO05923,CA053,CR1196,2025-06-06,instagram,reel,60874,146590,296183,306586,5600,False
PO05924,CA053,CR0002,2025-06-06,instagram,long_form,6188,13388,21858,23831,550,False
PO05925,CA053,CR0679,2025-06-06,instagram,short,4821,19945,105811,126613,5600,True
PO05926,CA053,CR0990,2025-06-06,instagram,carousel,41097,186109,275175,341880,5600,False
PO05927,CA053,CR0452,2025-06-06,instagram,reel,11737,20705,34749,42376,550,False
PO05928,CA053,CR0252,2025-06-06,instagram,carousel,2361,11408,15079,18746,550,False
PO05929,CA053,CR0147,2025-06-06,instagram,long_form,100,100,173,178,0,False
PO05930,CA053,CR0274,2025-06-06,instagram,reel,10816,33803,48340,56986,2250,False
PO05931,CA053,CR1180,2025-06-06,instagram,reel,53536,139523,291613,317145,5600,False
PO05932,CA053,CR0677,2025-06-06,instagram,reel,8261,17043,28103,29876,550,False
PO05933,CA053,CR0018,2025-06-06,instagram,reel,4229,11669,14307,16842,550,False
PO05934,CA053,CR0878,2025-06-06,instagram,carousel,3413,8500,11442,12295,550,False
PO05935,CA053,CR0950,2025-06-06,instagram,reel,13338,54083,69775,84551,2250,False
PO05936,CA053,CR0473,2025-06-06,instagram,reel,13529,77454,112722,114778,5600,False
PO05937,CA053,CR0135,2025-06-06,instagram,reel,1707,14969,93351,114416,5600,True
PO05938,CA053,CR1146,2025-06-06,instagram,reel,20966,29164,77171,82227,2250,False
PO05939,CA053,CR0249,2025-06-06,instagram,reel,6110,16872,28691,28812,550,False
PO05940,CA053,CR1002,2025-06-06,instagram,reel,246,1597,2402,2785,0,False
PO05941,CA053,CR0207,2025-06-06,instagram,reel,3983,15750,27530,31964,550,False
PO05942,CA053,CR0420,2025-06-06,instagram,carousel,1158,3907,6641,6598,0,False
PO05943,CA053,CR0006,2025-06-06,instagram,reel,11162,46069,60166,69626,2250,False
PO05944,CA053,CR0240,2025-06-06,instagram,long_form,15094,40660,54159,65909,2250,False
PO05945,CA053,CR0049,2025-06-06,instagram,carousel,8427,25379,70710,70952,2250,False
PO05946,CA053,CR0319,2025-06-06,instagram,reel,1150,6320,9565,10372,0,False
PO05947,CA053,CR0513,2025-06-06,instagram,reel,3410,9899,19950,20677,550,False
PO05948,CA053,CR0850,2025-06-06,instagram,reel,4871,19594,26282,28196,550,False
PO05949,CA053,CR0398,2025-06-06,instagram,carousel,3655,7207,16628,18051,550,False
PO05950,CA053,CR0431,2025-06-06,instagram,reel,483,721,1870,1909,0,False
PO05951,CA053,CR1066,2025-06-06,instagram,carousel,7605,26909,38572,38610,550,False
PO05952,CA053,CR0799,2025-06-06,instagram,reel,2242,7989,14840,15154,550,False
PO05953,CA053,CR0265,2025-06-06,instagram,reel,100,568,2544,2887,0,True
PO05954,CA053,CR0118,2025-06-06,instagram,short,3331,12702,16011,18560,550,False
PO05955,CA053,CR1048,2025-06-06,instagram,reel,5203,18438,35907,35415,550,False
PO05956,CA053,CR0743,2025-06-06,instagram,reel,575,1341,3111,3333,0,False
PO05957,CA053,CR0186,2025-06-06,instagram,short,4512,15200,32431,32696,550,False
PO05958,CA053,CR0810,2025-06-06,instagram,short,2266,9856,14625,15119,550,False
PO05959,CA053,CR0943,2025-06-06,instagram,reel,1195,15034,84652,107677,2250,True
PO05960,CA053,CR0821,2025-06-06,instagram,reel,207,2603,15683,18083,550,True
PO05961,CA053,CR0563,2025-06-06,instagram,reel,2311,6738,11340,13937,550,False
PO05962,CA053,CR0151,2025-06-06,instagram,short,4159,16840,27579,31105,550,False
PO05963,CA053,CR1100,2025-06-06,instagram,carousel,17666,79574,127688,146094,5600,False
PO05964,CA053,CR0053,2025-06-06,instagram,carousel,8023,43881,78652,84275,2250,False
PO05965,CA053,CR0801,2025-06-06,instagram,reel,699,1732,3475,3637,0,False
PO05966,CA053,CR0692,2025-06-06,instagram,reel,5055,26025,39938,39797,550,False
PO05967,CA053,CR0927,2025-06-06,instagram,reel,1948,3151,7242,7171,0,False
PO05968,CA053,CR0243,2025-06-06,instagram,reel,336,1466,1990,2387,0,False
PO05969,CA053,CR0607,2025-06-06,instagram,reel,71473,217930,318063,324376,5600,False
PO05970,CA053,CR0495,2025-06-06,instagram,carousel,11402,28425,54471,56917,2250,False
PO05971,CA053,CR0167,2025-06-06,instagram,short,709,2541,3937,4383,0,False
PO05972,CA053,CR0381,2025-06-06,instagram,reel,6663,16622,26583,26591,550,False
PO05973,CA053,CR0370,2025-06-06,instagram,short,5703,10382,25074,27406,550,False
PO05974,CA053,CR0280,2025-06-06,instagram,long_form,3693,6931,17116,16879,550,False
PO05975,CA053,CR0614,2025-06-06,instagram,reel,8559,16376,29550,32029,550,False
PO05976,CA053,CR0038,2025-06-06,instagram,reel,1749,11335,17771,21044,550,False
PO05977,CA053,CR0956,2025-06-06,instagram,reel,14890,21027,52616,57588,2250,False
PO05978,CA053,CR0353,2025-06-06,instagram,reel,36470,132076,278714,337725,5600,False
PO05979,CA053,CR1102,2025-06-06,instagram,reel,1397,4983,10994,12396,550,False
PO05980,CA053,CR0608,2025-06-06,instagram,reel,4439,13290,29821,29517,550,False
PO05981,CA053,CR1152,2025-06-06,instagram,reel,6861,26768,49143,50319,2250,False
PO05982,CA053,CR0928,2025-06-06,instagram,short,1048,4500,8249,9220,0,False
PO05983,CA053,CR0259,2025-06-06,instagram,short,8418,14137,32590,31666,550,False
PO05984,CA053,CR0057,2025-06-06,instagram,reel,2062,6520,9800,10472,0,False
PO05985,CA053,CR0489,2025-06-06,instagram,short,4203,13527,19657,22574,550,False
PO05986,CA053,CR0953,2025-06-06,instagram,reel,4623,12257,18205,21686,550,False
PO05987,CA053,CR0829,2025-06-06,instagram,reel,7811,14267,30109,34743,550,False
PO05988,CA053,CR1120,2025-06-06,instagram,long_form,3997,9735,20210,20018,550,False
PO05989,CA053,CR0523,2025-06-06,instagram,long_form,3925,6722,15865,15858,550,False
PO05990,CA053,CR0856,2025-06-06,instagram,reel,5350,11106,22666,24589,550,False
PO05991,CA053,CR0138,2025-06-06,instagram,short,1938,6163,9388,9533,0,False
PO05992,CA053,CR0189,2025-06-06,instagram,reel,12617,36187,287605,306537,5600,True
PO05993,CA053,CR0064,2025-06-06,instagram,long_form,9057,31308,62304,61810,2250,False
PO05994,CA053,CR0603,2025-06-06,instagram,short,2109,4420,9187,11242,550,False
PO05995,CA053,CR0178,2025-06-06,instagram,carousel,2099,8353,57008,73014,2250,True
PO05996,CA053,CR0391,2025-06-06,instagram,reel,9543,17876,37486,42895,550,False
PO05997,CA053,CR0170,2025-06-06,instagram,long_form,27408,57568,107888,108773,2250,False
PO05998,CA053,CR1103,2025-06-06,instagram,reel,3852,10615,19580,21861,550,False
PO05999,CA053,CR0500,2025-06-06,instagram,reel,922,4527,8243,8244,0,False
PO06000,CA053,CR0219,2025-06-06,instagram,carousel,630,2697,4342,4919,0,False
PO06001,CA053,CR0497,2025-06-06,instagram,long_form,1006,3572,6292,6650,0,False
PO06002,CA053,CR0969,2025-06-06,instagram,short,6782,25106,161581,182671,5600,True
PO06003,CA053,CR0588,2025-06-06,instagram,reel,462,1092,2469,2882,0,False
PO06004,CA053,CR0266,2025-06-06,instagram,long_form,11944,16577,45144,44392,2250,False
PO06005,CA053,CR0582,2025-06-06,instagram,reel,957,2757,3918,4718,0,False
PO06006,CA053,CR1195,2025-06-06,instagram,reel,644,1910,2790,3248,0,False
PO06007,CA053,CR0228,2025-06-06,instagram,reel,20205,36145,90540,96049,2250,False
PO06008,CA053,CR1050,2025-06-06,instagram,short,1037,3840,9006,9567,0,False
PO06009,CA053,CR0291,2025-06-06,instagram,short,71665,213528,361186,411878,19650,False
PO06010,CA053,CR0203,2025-06-06,instagram,reel,4493,16212,30867,33700,550,False
PO06011,CA053,CR0139,2025-06-06,instagram,short,540,1565,3798,3845,0,False
PO06012,CA053,CR0713,2025-06-06,instagram,long_form,3246,8606,20341,21318,550,False
PO06013,CA053,CR0036,2025-06-06,instagram,short,19205,28087,60920,68676,2250,False
PO06014,CA053,CR0221,2025-06-06,instagram,reel,10797,20766,48622,48754,2250,False
PO06015,CA053,CR0363,2025-06-06,instagram,reel,1419,2391,5213,5569,0,False
PO06016,CA053,CR0155,2025-06-06,instagram,short,3233,4629,11044,12301,550,False
PO06017,CA053,CR0106,2025-06-06,instagram,reel,12557,27696,262373,340944,5600,True
PO06018,CA053,CR0080,2025-06-06,instagram,long_form,1320,2576,6452,6973,0,False
PO06019,CA053,CR0193,2025-06-06,instagram,reel,15892,51348,98059,116222,5600,False
PO06020,CA053,CR0341,2025-06-06,instagram,carousel,784,2870,4237,4527,0,False
PO06021,CA053,CR0290,2025-06-06,instagram,reel,822,2378,4877,5471,0,False
PO06022,CA053,CR0842,2025-06-06,instagram,short,15494,37963,62606,71063,2250,False
PO06023,CA053,CR0786,2025-06-06,instagram,long_form,440,1654,3082,3572,0,False
PO06024,CA053,CR1155,2025-06-06,instagram,long_form,4167,12473,30415,31528,550,False
PO06025,CA053,CR0001,2025-06-06,instagram,long_form,3304,14366,20888,25516,550,False
PO06026,CA053,CR0881,2025-06-06,instagram,short,9590,15586,35148,40678,550,False
PO06027,CA053,CR0148,2025-06-06,instagram,short,41658,90558,162310,175896,5600,False
PO06028,CA053,CR0027,2025-06-06,instagram,short,6141,25525,58297,58840,2250,False
PO06029,CA053,CR0514,2025-06-06,instagram,reel,59191,151353,205706,245414,5600,False
PO06030,CA053,CR0793,2025-06-06,instagram,reel,1808,7906,11227,11667,550,False
PO06031,CA053,CR0192,2025-06-06,instagram,reel,8231,18483,25761,31339,550,False
PO06032,CA053,CR0501,2025-06-06,instagram,short,10089,23203,44096,43469,550,False
PO06033,CA053,CR0130,2025-06-06,instagram,carousel,276,1074,1963,2306,0,False
PO06034,CA053,CR0415,2025-06-06,instagram,reel,5716,22803,42965,51136,2250,False
PO06035,CA053,CR0527,2025-06-06,instagram,reel,2186,9035,10877,13416,550,False
PO06036,CA053,CR0690,2025-06-06,instagram,reel,2474,9864,27084,26928,550,False
PO06037,CA053,CR0731,2025-06-06,instagram,reel,199,578,848,934,0,False
PO06038,CA053,CR1099,2025-06-06,instagram,short,1817,6296,8215,9342,0,False
PO06039,CA053,CR0682,2025-06-06,instagram,reel,11950,30076,47175,58179,2250,False
PO06040,CA053,CR0832,2025-06-06,instagram,reel,1250,3788,7088,7854,0,False
PO06041,CA053,CR0505,2025-06-06,instagram,reel,17878,32485,74605,76871,2250,False
PO06042,CA053,CR1033,2025-06-06,instagram,reel,8011,37381,78737,97272,2250,False
PO06043,CA053,CR0771,2025-06-06,instagram,short,100,100,196,214,0,False
PO06044,CA053,CR0361,2025-06-06,instagram,short,6843,15509,30205,29408,550,False
PO06045,CA053,CR0493,2025-06-06,instagram,reel,4208,29588,45338,49018,2250,False
PO06046,CA053,CR0032,2025-06-06,instagram,reel,205,2143,13798,15477,550,True
PO06047,CA053,CR0362,2025-06-06,instagram,reel,5172,8071,20902,21061,550,False
PO06048,CA053,CR0973,2025-06-06,instagram,short,27755,75121,167856,189297,5600,False
PO06049,CA053,CR0305,2025-06-06,instagram,short,177,350,640,791,0,False
PO06050,CA053,CR0824,2025-06-06,instagram,reel,2030,18043,137430,146997,5600,True
PO06051,CA053,CR0526,2025-06-06,instagram,carousel,100,109,207,252,0,False
PO06052,CA053,CR1074,2025-06-06,instagram,reel,3920,7666,16700,16973,550,False
PO06053,CA053,CR0726,2025-06-06,instagram,reel,6887,19603,44006,53325,2250,False
PO06054,CA053,CR0578,2025-06-06,instagram,reel,20873,28780,59944,74891,2250,False
PO06055,CA053,CR0508,2025-06-06,instagram,short,1882,5383,6891,7864,0,False
PO06056,CA053,CR0483,2025-06-06,instagram,carousel,5297,24597,36209,44355,2250,False
PO06057,CA053,CR0357,2025-06-06,instagram,reel,155,334,661,716,0,False
PO06058,CA053,CR0529,2025-06-06,instagram,carousel,2963,13426,25171,25675,550,False
PO06059,CA053,CR0570,2025-06-06,instagram,carousel,4100,15115,22402,24371,550,False
PO06060,CA053,CR0719,2025-06-06,instagram,reel,3018,7836,12961,14409,550,False
PO06061,CA053,CR0941,2025-06-06,instagram,short,2422,9176,16324,18311,550,False
PO06062,CA053,CR1010,2025-06-06,instagram,long_form,1432,6773,9056,10758,0,False
PO06063,CA053,CR0511,2025-06-06,instagram,reel,587,849,2002,2210,0,False
PO06064,CA053,CR0957,2025-06-06,instagram,short,3923,17468,23696,26446,550,False
PO06065,CA053,CR0822,2025-06-06,instagram,reel,3246,12910,17654,18810,550,False
PO06066,CA053,CR0994,2025-06-06,instagram,short,3272,9426,16863,16609,550,False
PO06067,CA053,CR0919,2025-06-06,instagram,reel,771,5016,8246,8322,0,False
PO06068,CA053,CR1035,2025-06-06,instagram,reel,242,1369,2700,2864,0,False
PO06069,CA053,CR0044,2025-06-06,instagram,short,4039,12317,18501,18687,550,False
PO06070,CA053,CR0537,2025-06-06,instagram,short,10707,28939,40004,42450,550,False
PO06071,CA053,CR0320,2025-06-06,instagram,reel,13043,43332,88155,86848,2250,False
PO06072,CA053,CR1104,2025-06-06,instagram,reel,7716,19848,54409,56215,2250,False
PO06073,CA053,CR0287,2025-06-06,instagram,reel,108,432,888,968,0,False
PO06074,CA053,CR0932,2025-06-06,instagram,carousel,15818,51093,78412,85225,2250,False
PO06075,CA053,CR0137,2025-06-06,instagram,short,397,710,1584,1607,0,False
PO06076,CA053,CR0572,2025-06-06,instagram,short,2215,5062,10714,11715,550,False
PO06077,CA053,CR0157,2025-06-06,instagram,short,3611,15374,21466,24163,550,False
PO06078,CA053,CR0020,2025-06-06,instagram,short,208,2123,9930,11116,550,True
PO06079,CA053,CR0717,2025-06-06,instagram,reel,12931,50709,68107,78572,2250,False
PO06080,CA053,CR0227,2025-06-06,instagram,reel,2219,3548,8272,8799,0,False
PO06081,CA053,CR0886,2025-06-06,instagram,reel,41217,260890,1025681,1316035,19650,True
PO06082,CA054,CR0325,2025-06-09,youtube,short,100,143,325,363,0,False
PO06083,CA054,CR0347,2025-06-09,youtube,long_form,786,1452,2913,2834,0,False
PO06084,CA054,CR0765,2025-06-09,youtube,short,109,401,491,597,0,False
PO06085,CA054,CR0184,2025-06-09,youtube,short,254,376,795,973,0,False
PO06086,CA054,CR0892,2025-06-09,youtube,short,100,295,389,434,0,False
PO06087,CA054,CR0234,2025-06-09,youtube,short,672,1675,2770,2822,0,False
PO06088,CA054,CR0860,2025-06-09,youtube,long_form,100,196,320,388,0,False
PO06089,CA054,CR1119,2025-06-09,youtube,reel,854,3407,4951,5939,0,False
PO06090,CA054,CR0863,2025-06-09,youtube,reel,993,1291,3335,3602,0,False
PO06091,CA054,CR0220,2025-06-09,youtube,long_form,100,232,467,547,0,False
PO06092,CA054,CR0934,2025-06-09,youtube,long_form,183,1239,6180,6961,450,True
PO06093,CA054,CR1086,2025-06-09,youtube,long_form,100,169,311,336,0,False
PO06094,CA054,CR1092,2025-06-09,youtube,short,100,211,314,352,0,False
PO06095,CA054,CR0893,2025-06-09,youtube,short,1470,5223,8769,8795,450,False
PO06096,CA054,CR0196,2025-06-09,youtube,short,134,240,618,658,0,False
PO06097,CA054,CR0045,2025-06-09,youtube,short,100,105,244,283,0,False
PO06098,CA054,CR0640,2025-06-09,youtube,long_form,1353,2681,4217,4894,0,False
PO06099,CA054,CR1056,2025-06-09,youtube,short,253,699,1687,1674,0,False
PO06100,CA054,CR0935,2025-06-09,youtube,short,105,187,333,399,0,False
PO06101,CA054,CR0974,2025-06-09,youtube,reel,229,413,932,1131,0,False
PO06102,CA054,CR0184,2025-06-09,youtube,short,747,1717,2352,2795,0,False
PO06103,CA054,CR0838,2025-06-09,youtube,short,100,382,595,635,0,False
PO06104,CA054,CR0921,2025-06-09,youtube,short,185,409,3635,4404,0,True
PO06105,CA054,CR0756,2025-06-09,youtube,short,284,595,1397,1553,0,False
PO06106,CA054,CR0706,2025-06-09,youtube,short,100,100,160,192,0,False
PO06107,CA054,CR1046,2025-06-09,youtube,short,128,653,920,954,0,False
PO06108,CA054,CR0795,2025-06-09,youtube,short,100,100,166,180,0,False
PO06109,CA054,CR0951,2025-06-09,youtube,long_form,100,100,100,100,0,False
PO06110,CA054,CR0196,2025-06-09,youtube,short,154,574,764,831,0,False
PO06111,CA054,CR0724,2025-06-09,youtube,short,201,1001,1511,1475,0,False
PO06112,CA054,CR0912,2025-06-09,youtube,long_form,227,580,1034,1146,0,False
PO06113,CA054,CR0947,2025-06-09,youtube,short,118,877,1365,1357,0,False
PO06114,CA054,CR0355,2025-06-09,youtube,short,2310,6127,8130,9257,450,False
PO06115,CA054,CR0173,2025-06-09,youtube,long_form,276,824,1210,1391,0,False
PO06116,CA054,CR0402,2025-06-09,youtube,reel,137,370,832,818,0,False
PO06117,CA054,CR0715,2025-06-09,youtube,long_form,126,430,621,640,0,False
PO06118,CA054,CR0179,2025-06-09,youtube,long_form,235,379,815,1003,0,False
PO06119,CA054,CR0517,2025-06-09,youtube,long_form,100,100,100,100,0,False
PO06120,CA054,CR0343,2025-06-09,youtube,long_form,2193,6769,11489,11391,450,False
PO06121,CA054,CR0455,2025-06-09,youtube,short,100,103,248,261,0,False
PO06122,CA054,CR0012,2025-06-09,youtube,short,258,597,915,994,0,False
PO06123,CA054,CR0724,2025-06-09,youtube,short,100,161,260,325,0,False
PO06124,CA054,CR0236,2025-06-09,youtube,long_form,100,100,110,117,0,False
PO06125,CA054,CR1186,2025-06-09,youtube,long_form,280,1061,2095,2134,0,False
PO06126,CA054,CR1063,2025-06-09,youtube,short,100,155,250,271,0,False
PO06127,CA054,CR0074,2025-06-09,youtube,long_form,932,2837,3821,4713,0,False
PO06128,CA054,CR1046,2025-06-09,youtube,short,265,758,909,1088,0,False
PO06129,CA054,CR0364,2025-06-09,youtube,short,100,275,2316,2502,0,True
PO06130,CA054,CR1156,2025-06-09,youtube,long_form,100,527,775,762,0,False
PO06131,CA054,CR0124,2025-06-09,youtube,short,100,256,337,368,0,False
PO06132,CA054,CR0198,2025-06-09,youtube,short,141,212,511,539,0,False
PO06133,CA054,CR0275,2025-06-09,youtube,long_form,167,371,645,701,0,False
PO06134,CA054,CR0887,2025-06-09,youtube,long_form,37430,54936,115928,142446,4700,False
PO06135,CA054,CR0718,2025-06-09,youtube,reel,100,100,100,100,0,False
PO06136,CA054,CR0241,2025-06-09,youtube,short,464,971,1626,1823,0,False
PO06137,CA054,CR1183,2025-06-09,youtube,short,144,324,599,600,0,False
PO06138,CA054,CR1178,2025-06-09,youtube,short,104,541,863,1012,0,False
PO06139,CA054,CR0783,2025-06-09,youtube,reel,100,102,119,148,0,False
PO06140,CA054,CR0111,2025-06-09,youtube,short,100,100,100,100,0,False
PO06141,CA054,CR0714,2025-06-09,youtube,reel,240,657,1036,1136,0,False
PO06142,CA054,CR0395,2025-06-09,youtube,short,857,3255,5065,6128,0,False
PO06143,CA054,CR0912,2025-06-09,youtube,reel,100,364,466,531,0,False
PO06144,CA054,CR0183,2025-06-09,youtube,short,100,184,259,319,0,False
PO06145,CA054,CR0879,2025-06-09,youtube,carousel,124,222,462,479,0,False
PO06146,CA054,CR0977,2025-06-09,youtube,reel,100,262,367,379,0,False
PO06147,CA054,CR0772,2025-06-09,youtube,long_form,100,310,519,585,0,False
PO06148,CA054,CR1151,2025-06-09,youtube,short,236,986,1819,1912,0,False
PO06149,CA054,CR1063,2025-06-09,youtube,reel,100,563,821,888,0,False
PO06150,CA054,CR0670,2025-06-09,youtube,short,8693,25682,59998,65133,1900,False
PO06151,CA054,CR0128,2025-06-09,youtube,short,1534,2845,5628,6738,0,False
PO06152,CA054,CR0089,2025-06-09,youtube,carousel,125,240,468,517,0,False
PO06153,CA054,CR0401,2025-06-09,youtube,short,100,157,348,353,0,False
PO06154,CA054,CR0075,2025-06-09,youtube,short,100,254,430,473,0,False
PO06155,CA054,CR0254,2025-06-09,youtube,long_form,100,550,737,869,0,False
PO06156,CA054,CR0345,2025-06-09,youtube,long_form,610,1857,5097,5245,0,False
PO06157,CA054,CR1000,2025-06-09,youtube,short,325,868,1289,1474,0,False
PO06158,CA054,CR0617,2025-06-09,youtube,long_form,174,550,889,1095,0,False
PO06159,CA054,CR0818,2025-06-09,youtube,short,218,510,809,852,0,False
PO06160,CA054,CR0522,2025-06-09,youtube,long_form,201,690,1121,1235,0,False
PO06161,CA054,CR1177,2025-06-09,youtube,reel,129,237,662,648,0,False
PO06162,CA054,CR0754,2025-06-09,youtube,long_form,100,298,371,457,0,False
PO06163,CA054,CR0598,2025-06-09,youtube,short,38384,164627,241736,245500,16500,False
PO06164,CA054,CR0571,2025-06-09,youtube,carousel,264,861,1095,1246,0,False
PO06165,CA054,CR0683,2025-06-09,youtube,short,100,267,466,526,0,False
PO06166,CA054,CR0198,2025-06-09,youtube,short,100,244,622,681,0,False
PO06167,CA054,CR0939,2025-06-09,youtube,reel,100,122,264,319,0,False
PO06168,CA054,CR0902,2025-06-09,youtube,short,322,566,1266,1386,0,False
PO06169,CA054,CR0580,2025-06-09,youtube,reel,1097,1978,4040,4757,0,False
PO06170,CA054,CR1053,2025-06-09,youtube,short,168,836,1217,1227,0,False
PO06171,CA054,CR0378,2025-06-09,youtube,short,840,2749,5023,6002,0,False
PO06172,CA054,CR0697,2025-06-09,youtube,reel,168,516,759,889,0,False
PO06173,CA054,CR0746,2025-06-09,youtube,reel,100,100,180,178,0,False
PO06174,CA054,CR0317,2025-06-09,youtube,short,194,370,648,727,0,False
PO06175,CA054,CR0759,2025-06-09,youtube,carousel,100,362,688,719,0,False
PO06176,CA054,CR0456,2025-06-09,youtube,long_form,149,1161,1593,1843,0,False
PO06177,CA054,CR0323,2025-06-09,youtube,reel,184,656,1220,1456,0,False
PO06178,CA054,CR0784,2025-06-09,youtube,carousel,100,414,743,818,0,False
PO06179,CA054,CR1137,2025-06-09,youtube,short,333,1233,2442,2582,0,False
PO06180,CA054,CR0701,2025-06-09,youtube,short,146,400,594,699,0,False
PO06181,CA054,CR1082,2025-06-09,youtube,long_form,100,251,306,380,0,False
PO06182,CA054,CR0230,2025-06-09,youtube,short,800,1911,4926,4972,0,False
PO06183,CA054,CR0795,2025-06-09,youtube,reel,177,897,1541,1753,0,False
PO06184,CA054,CR0894,2025-06-09,youtube,reel,314,861,1083,1329,0,False
PO06185,CA054,CR0577,2025-06-09,youtube,short,222,694,1518,1624,0,False
PO06186,CA054,CR0366,2025-06-09,youtube,short,43108,247892,501482,533389,16500,False
PO06187,CA054,CR1135,2025-06-09,youtube,short,1489,7902,10324,11893,450,False
PO06188,CA054,CR0906,2025-06-09,youtube,long_form,7220,10704,23549,28407,1900,False
PO06189,CA054,CR0308,2025-06-09,youtube,short,129369,263095,628105,746194,16500,False
PO06190,CA054,CR0408,2025-06-09,youtube,short,282,489,1021,1105,0,False
PO06191,CA054,CR0674,2025-06-09,youtube,reel,221,615,1023,1214,0,False
PO06192,CA054,CR0913,2025-06-09,youtube,long_form,100,402,836,918,0,False
PO06193,CA054,CR0268,2025-06-09,youtube,short,17023,47853,80997,100094,4700,False
PO06194,CA054,CR1167,2025-06-09,youtube,short,7129,18149,24292,26099,450,False
PO06195,CA054,CR0009,2025-06-09,youtube,long_form,100,420,753,894,0,False
PO06196,CA054,CR0281,2025-06-09,youtube,long_form,100,138,199,205,0,False
PO06197,CA054,CR0129,2025-06-09,youtube,short,100,198,465,473,0,False
PO06198,CA054,CR0898,2025-06-09,youtube,reel,326,1747,3438,3751,0,False
PO06199,CA054,CR0551,2025-06-09,youtube,reel,194,508,971,972,0,False
PO06200,CA054,CR0105,2025-06-09,youtube,carousel,100,108,561,706,0,True
PO06201,CA054,CR0782,2025-06-09,youtube,long_form,103,218,394,415,0,False
PO06202,CA054,CR1040,2025-06-09,youtube,reel,1581,5054,6545,7918,450,False
PO06203,CA054,CR0917,2025-06-09,youtube,short,100,174,290,349,0,False
PO06204,CA054,CR0072,2025-06-09,youtube,reel,138,290,2325,2896,0,True
PO06205,CA054,CR0867,2025-06-09,youtube,carousel,100,100,100,100,0,False
PO06206,CA054,CR1015,2025-06-09,youtube,long_form,1223,3084,4927,5372,0,False
PO06207,CA054,CR0156,2025-06-09,youtube,short,100,126,309,325,0,False
PO06208,CA054,CR0532,2025-06-09,youtube,long_form,134,299,527,516,0,False
PO06209,CA054,CR0090,2025-06-09,youtube,long_form,131,564,906,1027,0,False
PO06210,CA054,CR1078,2025-06-09,youtube,short,100,100,404,443,0,True
PO06211,CA054,CR0421,2025-06-09,youtube,short,289,876,1730,1778,0,False
PO06212,CA054,CR0097,2025-06-09,youtube,short,100,100,238,317,0,True
PO06213,CA054,CR0728,2025-06-09,youtube,short,438,652,1605,1598,0,False
PO06214,CA054,CR0060,2025-06-09,youtube,long_form,100,153,321,351,0,False
PO06215,CA054,CR0232,2025-06-09,youtube,long_form,24939,65366,159250,166654,4700,False
PO06216,CA054,CR0955,2025-06-09,youtube,short,588,2256,3246,3427,0,False
PO06217,CA054,CR1079,2025-06-09,youtube,short,2933,6393,12638,13477,450,False
PO06218,CA054,CR1160,2025-06-09,youtube,long_form,106,201,410,431,0,False
PO06219,CA054,CR1034,2025-06-09,youtube,long_form,142,252,559,576,0,False
PO06220,CA054,CR0696,2025-06-09,youtube,short,180,480,1103,1111,0,False
PO06221,CA054,CR0116,2025-06-09,youtube,short,14035,32838,58157,57449,1900,False
PO06222,CA054,CR0965,2025-06-09,youtube,short,100,258,353,396,0,False
PO06223,CA054,CR0654,2025-06-09,youtube,reel,465,1038,1636,1950,0,False
PO06224,CA054,CR0437,2025-06-09,youtube,short,3237,9106,12247,13059,450,False
PO06225,CA054,CR0317,2025-06-09,youtube,short,108,248,468,536,0,False
PO06226,CA054,CR0250,2025-06-09,youtube,long_form,100,165,263,314,0,False
PO06227,CA054,CR0056,2025-06-09,youtube,long_form,100,103,190,203,0,False
PO06228,CA054,CR0468,2025-06-09,youtube,long_form,2295,8159,21614,22014,450,False
PO06229,CA054,CR0947,2025-06-09,youtube,short,628,1808,2378,2667,0,False
PO06230,CA054,CR0644,2025-06-09,youtube,short,307,669,1117,1174,0,False
PO06231,CA054,CR0166,2025-06-09,youtube,short,227,689,967,996,0,False
PO06232,CA054,CR0401,2025-06-09,youtube,short,100,306,482,586,0,False
PO06233,CA054,CR0368,2025-06-09,youtube,short,433,564,1382,1602,0,False
PO06234,CA055,CR0042,2025-06-12,youtube,reel,3525,12510,18817,19060,250,False
PO06235,CA055,CR0869,2025-06-12,youtube,short,16237,24256,59853,63095,1700,False
PO06236,CA055,CR0023,2025-06-12,youtube,short,100,139,256,280,0,False
PO06237,CA055,CR0955,2025-06-12,youtube,short,363,1236,2300,2718,0,False
PO06238,CA055,CR1126,2025-06-12,youtube,short,330,753,1362,1366,0,False
PO06239,CA055,CR0096,2025-06-12,youtube,long_form,1911,3275,5893,6892,250,False
PO06240,CA055,CR0342,2025-06-12,youtube,short,5811,12194,20480,21888,250,False
PO06241,CA055,CR0480,2025-06-12,youtube,short,1631,4394,6659,7221,250,False
PO06242,CA055,CR0375,2025-06-12,youtube,short,433,659,1783,1770,0,False
PO06243,CA055,CR0723,2025-06-12,youtube,short,944,2164,4633,5067,0,False
PO06244,CA055,CR0421,2025-06-12,youtube,short,404,1039,1463,1606,0,False
PO06245,CA055,CR1138,2025-06-12,youtube,short,4597,12330,18742,19490,250,False
PO06246,CA055,CR0541,2025-06-12,youtube,long_form,1024,1712,3396,4156,0,False
PO06247,CA055,CR0346,2025-06-12,youtube,long_form,1156,2271,5195,6229,250,False
PO06248,CA055,CR0809,2025-06-12,youtube,short,394,583,1304,1629,0,False
PO06249,CA055,CR0390,2025-06-12,youtube,short,4200,15998,23766,29359,700,False
PO06250,CA055,CR1189,2025-06-12,youtube,reel,1276,2877,5041,5008,0,False
PO06251,CA055,CR0675,2025-06-12,youtube,long_form,173,627,1310,1626,0,False
PO06252,CA055,CR0258,2025-06-12,youtube,short,624,2117,3603,3959,0,False
PO06253,CA055,CR0562,2025-06-12,youtube,short,106,258,428,422,0,False
PO06254,CA055,CR0413,2025-06-12,youtube,short,2617,4392,9598,9746,250,False
PO06255,CA055,CR0344,2025-06-12,youtube,short,1162,4586,7102,6982,250,False
PO06256,CA055,CR0775,2025-06-12,youtube,short,3401,13162,18368,22506,250,False
PO06257,CA055,CR1043,2025-06-12,youtube,short,100,334,911,907,0,False
PO06258,CA055,CR1163,2025-06-12,youtube,short,430,1109,8709,10536,250,True
PO06259,CA055,CR0699,2025-06-12,youtube,reel,1992,5178,9296,10836,250,False
PO06260,CA055,CR1107,2025-06-12,youtube,long_form,527,1101,1984,2327,0,False
PO06261,CA055,CR1173,2025-06-12,youtube,short,3638,10273,15322,17709,250,False
PO06262,CA055,CR0742,2025-06-12,youtube,short,184,349,889,865,0,False
PO06263,CA055,CR0098,2025-06-12,youtube,short,155,514,760,764,0,False
PO06264,CA055,CR0929,2025-06-12,youtube,reel,101,437,644,655,0,False
PO06265,CA055,CR0688,2025-06-12,youtube,short,5588,25045,42678,45027,700,False
PO06266,CA055,CR0311,2025-06-12,youtube,reel,676,1677,2134,2582,0,False
PO06267,CA055,CR0328,2025-06-12,youtube,short,771,1166,2820,3172,0,False
PO06268,CA055,CR0270,2025-06-12,youtube,short,3017,5792,9913,10934,250,False
PO06269,CA055,CR1009,2025-06-12,youtube,long_form,280,880,1460,1677,0,False
PO06270,CA055,CR0462,2025-06-12,youtube,long_form,855,2597,3530,4136,0,False
PO06271,CA055,CR0669,2025-06-12,youtube,reel,1043,2549,3615,4072,0,False
PO06272,CA055,CR0808,2025-06-12,youtube,reel,778,2408,3076,3616,0,False
PO06273,CA055,CR0531,2025-06-12,youtube,long_form,137,596,1554,1649,0,False
PO06274,CA055,CR0268,2025-06-12,youtube,long_form,13337,32646,59764,73861,1700,False
PO06275,CA055,CR1169,2025-06-12,youtube,long_form,985,2858,6101,6400,250,False
PO06276,CA055,CR0558,2025-06-12,youtube,short,1129,6426,10825,11689,250,False
PO06277,CA055,CR0200,2025-06-12,youtube,reel,268,591,1443,1424,0,False
PO06278,CA055,CR0418,2025-06-12,youtube,reel,1413,6099,8329,10341,250,False
PO06279,CA055,CR0926,2025-06-12,youtube,reel,100,180,1362,1673,0,True
PO06280,CA055,CR0117,2025-06-12,youtube,short,602,2191,5173,5911,250,False
PO06281,CA055,CR0668,2025-06-12,youtube,short,2786,6900,12723,15758,250,False
PO06282,CA055,CR0065,2025-06-12,youtube,long_form,1513,5155,9003,9362,250,False
PO06283,CA055,CR0972,2025-06-12,youtube,short,100,281,507,603,0,False
PO06284,CA055,CR0996,2025-06-12,youtube,short,407,1331,2588,2698,0,False
PO06285,CA055,CR0108,2025-06-12,youtube,short,1041,2602,4379,4574,0,False
PO06286,CA055,CR0734,2025-06-12,youtube,short,379,1329,2016,2002,0,False
PO06287,CA055,CR0197,2025-06-12,youtube,short,263,1062,1946,2174,0,False
PO06288,CA055,CR0419,2025-06-12,youtube,short,342,925,1426,1486,0,False
PO06289,CA055,CR0524,2025-06-12,youtube,short,367,1595,2913,3416,0,False
PO06290,CA055,CR0586,2025-06-12,youtube,short,10006,18541,41905,47222,700,False
PO06291,CA055,CR0037,2025-06-12,youtube,short,1260,2983,6502,7688,250,False
PO06292,CA055,CR0887,2025-06-12,youtube,long_form,6587,18074,31008,34266,700,False
PO06293,CA055,CR0187,2025-06-12,youtube,long_form,199,553,1241,1233,0,False
PO06294,CA055,CR0772,2025-06-12,youtube,long_form,120,496,668,735,0,False
PO06295,CA055,CR0150,2025-06-12,youtube,reel,100,119,219,225,0,False
PO06296,CA055,CR1058,2025-06-12,youtube,short,2755,5256,9939,10572,250,False
PO06297,CA055,CR0615,2025-06-12,youtube,short,9412,22573,51774,52643,700,False
PO06298,CA055,CR0549,2025-06-12,youtube,long_form,573,1968,4472,5569,0,False
PO06299,CA055,CR0030,2025-06-12,youtube,short,2074,3894,6603,7830,250,False
PO06300,CA055,CR0703,2025-06-12,youtube,short,1913,4734,10935,11381,250,False
PO06301,CA055,CR1019,2025-06-12,youtube,short,840,4400,5733,6761,250,False
PO06302,CA055,CR0052,2025-06-12,youtube,short,1207,3752,7241,7388,250,False
PO06303,CA055,CR1161,2025-06-12,youtube,short,21800,43916,95800,98116,1700,False
PO06304,CA055,CR1038,2025-06-12,youtube,long_form,1108,2457,6024,6226,250,False
PO06305,CA055,CR0376,2025-06-12,youtube,short,6283,19670,32277,31990,700,False
PO06306,CA055,CR0286,2025-06-12,youtube,short,344,1945,2936,3105,0,False
PO06307,CA055,CR0758,2025-06-12,youtube,long_form,1359,3881,30910,36825,700,True
PO06308,CA055,CR1083,2025-06-12,youtube,short,1193,1913,3674,4441,0,False
PO06309,CA055,CR0100,2025-06-12,youtube,reel,61639,134836,304403,355282,5900,False
PO06310,CA055,CR1012,2025-06-12,youtube,short,114,584,1293,1274,0,False
PO06311,CA055,CR1122,2025-06-12,youtube,short,1054,5152,9457,9837,250,False
PO06312,CA055,CR0345,2025-06-12,youtube,long_form,3908,11553,21918,21974,250,False
PO06313,CA055,CR0212,2025-06-12,youtube,short,377,1275,3579,3527,0,False
PO06314,CA055,CR1026,2025-06-12,youtube,long_form,1230,2488,5575,5883,250,False
PO06315,CA055,CR0992,2025-06-12,youtube,short,862,4682,8667,8896,250,False
PO06316,CA055,CR0283,2025-06-12,youtube,long_form,228,464,965,1176,0,False
PO06317,CA055,CR0368,2025-06-12,youtube,long_form,400,1712,2374,2468,0,False
PO06318,CA055,CR0859,2025-06-12,youtube,long_form,223,609,1360,1471,0,False
PO06319,CA055,CR0817,2025-06-12,youtube,reel,117,498,837,959,0,False
PO06320,CA055,CR0985,2025-06-12,youtube,short,6355,16847,23879,27888,700,False
PO06321,CA055,CR0816,2025-06-12,youtube,short,35316,70671,125505,154958,1700,False
PO06322,CA055,CR0373,2025-06-12,youtube,short,15946,52058,76805,76211,1700,False
PO06323,CA055,CR1141,2025-06-12,youtube,short,1188,6027,11287,11858,250,False
PO06324,CA055,CR0689,2025-06-12,youtube,long_form,1695,4920,10305,10968,250,False
PO06325,CA055,CR0827,2025-06-12,youtube,short,552,1227,3002,3265,0,False
PO06326,CA055,CR0670,2025-06-12,youtube,short,19286,33183,76940,85228,1700,False
PO06327,CA055,CR0634,2025-06-12,youtube,short,191,901,1360,1343,0,False
PO06328,CA055,CR0770,2025-06-12,youtube,long_form,266,1790,2923,3188,0,False
PO06329,CA055,CR0463,2025-06-12,youtube,short,1426,4348,8413,10003,250,False
PO06330,CA055,CR0393,2025-06-12,youtube,long_form,333,829,1116,1266,0,False
PO06331,CA055,CR0122,2025-06-12,youtube,long_form,1693,3400,5533,6600,250,False
PO06332,CA055,CR0154,2025-06-12,youtube,short,100,199,425,444,0,False
PO06333,CA055,CR0922,2025-06-12,youtube,short,126,414,795,823,0,False
PO06334,CA055,CR0849,2025-06-12,youtube,reel,927,3071,4933,4908,0,False
PO06335,CA055,CR1151,2025-06-12,youtube,short,195,811,1173,1278,0,False
PO06336,CA055,CR1087,2025-06-12,youtube,long_form,3723,18214,24077,29977,700,False
PO06337,CA055,CR0961,2025-06-12,youtube,long_form,245,509,939,986,0,False
PO06338,CA055,CR0378,2025-06-12,youtube,short,609,1202,2277,2359,0,False
PO06339,CA055,CR0382,2025-06-12,youtube,short,5618,17718,28456,33792,700,False
PO06340,CA055,CR0025,2025-06-12,youtube,long_form,562,1992,3156,3298,0,False
PO06341,CA055,CR0322,2025-06-12,youtube,short,3955,13503,19802,19713,250,False
PO06342,CA055,CR1200,2025-06-12,youtube,short,2224,5326,7463,9220,250,False
PO06343,CA055,CR0871,2025-06-12,youtube,reel,14284,20964,51744,52492,700,False
PO06344,CA055,CR0954,2025-06-12,youtube,long_form,230,1039,1458,1787,0,False
PO06345,CA055,CR0432,2025-06-12,youtube,long_form,1434,2485,6091,6292,250,False
PO06346,CA055,CR0407,2025-06-12,youtube,short,168,552,860,1023,0,False
PO06347,CA055,CR0725,2025-06-12,youtube,short,977,4554,8006,8860,250,False
PO06348,CA055,CR0411,2025-06-12,youtube,long_form,100,100,228,235,0,False
PO06349,CA055,CR0566,2025-06-12,youtube,short,448,850,1687,2019,0,False
PO06350,CA055,CR0233,2025-06-12,youtube,short,36413,105929,148516,158554,1700,False
PO06351,CA055,CR0162,2025-06-12,youtube,short,205,646,1706,1686,0,False
PO06352,CA055,CR0840,2025-06-12,youtube,reel,16169,31481,76294,75814,1700,False
PO06353,CA055,CR0247,2025-06-12,youtube,reel,6404,16473,29797,33102,700,False
PO06354,CA055,CR0159,2025-06-12,youtube,short,100,142,282,308,0,False
PO06355,CA055,CR0598,2025-06-12,youtube,long_form,12987,79633,136357,139651,1700,False
PO06356,CA055,CR0830,2025-06-12,youtube,short,734,1359,2191,2675,0,False
PO06357,CA055,CR0142,2025-06-12,youtube,short,971,3477,4597,5719,0,False
PO06358,CA055,CR0789,2025-06-12,youtube,short,4610,8074,18658,20400,250,False
PO06359,CA055,CR0439,2025-06-12,youtube,short,937,2895,4643,4780,0,False
PO06360,CA055,CR0781,2025-06-12,youtube,short,209,853,2069,2099,0,False
PO06361,CA055,CR1162,2025-06-12,youtube,carousel,100,174,737,934,0,True
PO06362,CA055,CR0925,2025-06-12,youtube,carousel,286,713,1268,1516,0,False
PO06363,CA055,CR0039,2025-06-12,youtube,reel,768,3223,4022,4755,0,False
PO06364,CA055,CR0149,2025-06-12,youtube,short,1024,2061,3529,4258,0,False
PO06365,CA055,CR0409,2025-06-12,youtube,long_form,1403,5505,9152,9519,250,False
PO06366,CA055,CR1025,2025-06-12,youtube,long_form,241,951,1508,1500,0,False
PO06367,CA055,CR0263,2025-06-12,youtube,short,169,942,1365,1503,0,False
PO06368,CA055,CR1031,2025-06-12,youtube,long_form,425,2388,4250,4742,0,False
PO06369,CA055,CR0923,2025-06-12,youtube,short,2419,8682,11745,13541,250,False
PO06370,CA055,CR0113,2025-06-12,youtube,short,265,975,1943,2425,0,False
PO06371,CA055,CR0844,2025-06-12,youtube,short,545,1157,1871,2337,0,False
PO06372,CA055,CR1198,2025-06-12,youtube,short,409,1090,8973,9959,250,True
PO06373,CA055,CR0114,2025-06-12,youtube,long_form,100,279,392,448,0,False
PO06374,CA055,CR0433,2025-06-12,youtube,short,168,2800,13058,14870,250,True
PO06375,CA056,CR0922,2025-06-15,youtube,short,127,592,1101,1207,0,False
PO06376,CA056,CR0812,2025-06-15,youtube,long_form,9378,25516,36721,43593,1150,False
PO06377,CA056,CR0311,2025-06-15,youtube,short,360,1180,2017,2047,0,False
PO06378,CA056,CR0162,2025-06-15,youtube,short,100,176,240,277,0,False
PO06379,CA056,CR0827,2025-06-15,youtube,reel,218,673,1345,1361,0,False
PO06380,CA056,CR0703,2025-06-15,youtube,short,883,1765,3823,4420,0,False
PO06381,CA056,CR0263,2025-06-15,youtube,short,100,212,330,350,0,False
PO06382,CA056,CR0271,2025-06-15,youtube,short,12685,31750,43585,51772,1150,False
PO06383,CA056,CR0996,2025-06-15,youtube,reel,302,670,1658,1868,0,False
PO06384,CA056,CR0870,2025-06-15,youtube,short,592,1601,2067,2419,0,False
PO06385,CA056,CR0368,2025-06-15,youtube,short,100,156,218,231,0,False
PO06386,CA056,CR0770,2025-06-15,youtube,long_form,141,807,1304,1391,0,False
PO06387,CA056,CR0390,2025-06-15,youtube,long_form,914,2788,4195,5133,0,False
PO06388,CA056,CR0840,2025-06-15,youtube,reel,827,3396,6653,7700,0,False
PO06389,CA056,CR0099,2025-06-15,youtube,short,34599,86668,231497,232857,11750,False
PO06390,CA056,CR1094,2025-06-15,youtube,long_form,6574,17369,26419,25666,1150,False
PO06391,CA056,CR0247,2025-06-15,youtube,short,1098,2034,4809,5572,0,False
PO06392,CA056,CR0343,2025-06-15,youtube,long_form,143,500,742,731,0,False
PO06393,CA056,CR1173,2025-06-15,youtube,short,100,167,375,391,0,False
PO06394,CA056,CR0566,2025-06-15,youtube,short,100,100,118,135,0,False
PO06395,CA056,CR0734,2025-06-15,youtube,short,1392,4650,7260,7305,0,False
PO06396,CA056,CR1156,2025-06-15,youtube,short,142,461,826,897,0,False
PO06397,CA056,CR0675,2025-06-15,youtube,long_form,1084,2706,3400,3935,0,False
PO06398,CA056,CR0382,2025-06-15,youtube,carousel,168,275,719,751,0,False
PO06399,CA056,CR1038,2025-06-15,youtube,long_form,990,3629,6866,7368,0,False
PO06400,CA056,CR0254,2025-06-15,youtube,long_form,100,215,419,448,0,False
PO06401,CA056,CR1009,2025-06-15,youtube,reel,947,1720,4135,4601,0,False
PO06402,CA056,CR1043,2025-06-15,youtube,long_form,316,764,1224,1245,0,False
PO06403,CA056,CR1110,2025-06-15,youtube,long_form,2663,14107,26532,26805,1150,False
PO06404,CA056,CR0132,2025-06-15,youtube,reel,11811,36962,56909,61260,4700,False
PO06405,CA056,CR0037,2025-06-15,youtube,short,133,277,428,530,0,False
PO06406,CA056,CR0923,2025-06-15,youtube,short,464,1649,2100,2367,0,False
PO06407,CA056,CR0159,2025-06-15,youtube,short,403,1555,3846,4076,0,False
PO06408,CA056,CR0378,2025-06-15,youtube,short,538,1712,3284,3230,0,False
PO06409,CA056,CR0306,2025-06-15,youtube,reel,4825,6871,17155,17340,1150,False
PO06410,CA056,CR0843,2025-06-15,youtube,short,453,1794,2130,2592,0,False
PO06411,CA056,CR0376,2025-06-15,youtube,short,2025,3647,6909,8166,0,False
PO06412,CA056,CR0345,2025-06-15,youtube,short,178,1088,5176,6654,0,True
PO06413,CA056,CR1177,2025-06-15,youtube,short,136,518,737,762,0,False
PO06414,CA056,CR0052,2025-06-15,youtube,carousel,100,299,653,734,0,False
PO06415,CA056,CR0223,2025-06-15,youtube,short,670,1117,2311,2477,0,False
PO06416,CA056,CR0164,2025-06-15,youtube,short,975,1958,4201,4694,0,False
PO06417,CA056,CR0955,2025-06-15,youtube,short,100,100,127,147,0,False
PO06418,CA056,CR1138,2025-06-15,youtube,reel,402,1382,2070,2010,0,False
PO06419,CA056,CR1139,2025-06-15,youtube,short,4150,10491,18781,22471,1150,False
PO06420,CA056,CR0725,2025-06-15,youtube,short,1456,6640,10780,10862,0,False
PO06421,CA056,CR0951,2025-06-15,youtube,short,100,310,571,584,0,False
PO06422,CA056,CR0082,2025-06-15,youtube,reel,6002,11776,18337,22013,1150,False
PO06423,CA056,CR0096,2025-06-15,youtube,reel,208,373,799,961,0,False
PO06424,CA056,CR0811,2025-06-15,youtube,long_form,405,779,1949,2064,0,False
PO06425,CA056,CR1063,2025-06-15,youtube,reel,100,100,100,100,0,False
PO06426,CA056,CR0926,2025-06-15,youtube,long_form,100,100,107,130,0,False
PO06427,CA056,CR0150,2025-06-15,youtube,short,100,314,723,744,0,False
PO06428,CA056,CR1083,2025-06-15,youtube,short,161,1073,1588,1679,0,False
PO06429,CA056,CR0524,2025-06-15,youtube,short,678,1981,2706,2836,0,False
PO06430,CA056,CR0808,2025-06-15,youtube,short,100,553,2711,3299,0,True
PO06431,CA056,CR0373,2025-06-15,youtube,reel,570,1571,2568,2545,0,False
PO06432,CA056,CR0857,2025-06-15,youtube,short,100,119,207,202,0,False
PO06433,CA056,CR0270,2025-06-15,youtube,long_form,253,1367,2113,2528,0,False
PO06434,CA056,CR1163,2025-06-15,youtube,short,555,2312,4221,5026,0,False
PO06435,CA056,CR0030,2025-06-15,youtube,short,4721,11134,23419,25406,1150,False
PO06436,CA056,CR0985,2025-06-15,youtube,long_form,268,618,1283,1499,0,False
PO06437,CA056,CR0125,2025-06-15,youtube,short,299,870,1763,1904,0,False
PO06438,CA056,CR0859,2025-06-15,youtube,short,487,1482,2283,2307,0,False
PO06439,CA056,CR0480,2025-06-15,youtube,short,127,661,1286,1594,0,False
PO06440,CA056,CR1128,2025-06-15,youtube,long_form,189,969,4121,5454,0,True
PO06441,CA056,CR0613,2025-06-15,youtube,short,2893,12816,79182,86887,4700,True
PO06442,CA056,CR0634,2025-06-15,youtube,long_form,100,216,491,498,0,False
PO06443,CA056,CR0393,2025-06-15,youtube,reel,100,119,214,213,0,False
PO06444,CA056,CR0817,2025-06-15,youtube,reel,183,497,723,735,0,False
PO06445,CA056,CR0023,2025-06-15,youtube,short,266,477,1111,1152,0,False
PO06446,CA056,CR0782,2025-06-15,youtube,long_form,148,435,552,654,0,False
PO06447,CA056,CR0042,2025-06-15,youtube,short,159,220,509,600,0,False
PO06448,CA056,CR0421,2025-06-15,youtube,short,100,145,324,335,0,False
PO06449,CA056,CR0166,2025-06-15,youtube,short,100,100,187,191,0,False
PO06450,CA056,CR0025,2025-06-15,youtube,short,1620,2900,7046,7061,0,False
PO06451,CA056,CR0108,2025-06-15,youtube,short,100,197,351,431,0,False
PO06452,CA056,CR0123,2025-06-15,youtube,long_form,351,1483,2530,2725,0,False
PO06453,CA056,CR0541,2025-06-15,youtube,reel,2524,12816,15821,18458,1150,False
PO06454,CA056,CR0463,2025-06-15,youtube,short,160,517,958,1161,0,False
PO06455,CA056,CR0450,2025-06-15,youtube,reel,13397,24309,55771,63074,4700,False
PO06456,CA056,CR1162,2025-06-15,youtube,carousel,100,153,266,313,0,False
PO06457,CA056,CR0411,2025-06-15,youtube,long_form,100,202,374,374,0,False
PO06458,CA056,CR0407,2025-06-15,youtube,short,146,907,1250,1475,0,False
PO06459,CA056,CR0175,2025-06-15,youtube,long_form,2212,5694,15801,16133,1150,False
PO06460,CA056,CR1199,2025-06-15,youtube,long_form,968,3374,7324,8234,0,False
PO06461,CA056,CR1174,2025-06-15,youtube,short,967,1323,3379,3484,0,False
PO06462,CA056,CR0065,2025-06-15,youtube,short,1487,3344,4918,5704,0,False
PO06463,CA056,CR0346,2025-06-15,youtube,short,327,713,1436,1481,0,False
PO06464,CA056,CR1012,2025-06-15,youtube,short,100,100,100,100,0,False
PO06465,CA056,CR0358,2025-06-15,youtube,reel,242,1309,2410,2571,0,False
PO06466,CA056,CR1141,2025-06-15,youtube,short,310,516,957,1129,0,False
PO06467,CA056,CR0197,2025-06-15,youtube,carousel,148,1124,1650,1662,0,False
PO06468,CA056,CR0783,2025-06-15,youtube,short,100,177,468,458,0,False
PO06469,CA056,CR0154,2025-06-15,youtube,long_form,100,100,100,100,0,False
PO06470,CA056,CR0972,2025-06-15,youtube,short,466,1458,2029,2226,0,False
PO06471,CA056,CR0432,2025-06-15,youtube,long_form,205,484,804,803,0,False
PO06472,CA056,CR0929,2025-06-15,youtube,short,100,233,366,382,0,False
PO06473,CA056,CR0275,2025-06-15,youtube,long_form,100,100,100,100,0,False
PO06474,CA056,CR0113,2025-06-15,youtube,short,531,1976,3452,3562,0,False
PO06475,CA056,CR0844,2025-06-15,youtube,short,991,2236,4511,5159,0,False
PO06476,CA056,CR0961,2025-06-15,youtube,long_form,163,330,567,634,0,False
PO06477,CA056,CR0758,2025-06-15,youtube,long_form,655,1306,2819,3237,0,False
PO06478,CA056,CR0669,2025-06-15,youtube,short,186,583,1319,1557,0,False
PO06479,CA056,CR0261,2025-06-15,youtube,short,882,2526,4154,4374,0,False
PO06480,CA056,CR0344,2025-06-15,youtube,carousel,100,100,100,100,0,False
PO06481,CA056,CR1200,2025-06-15,youtube,long_form,4862,11945,17563,20830,1150,False
PO06482,CA056,CR0298,2025-06-15,youtube,short,739,1022,2654,2786,0,False
PO06483,CA056,CR0723,2025-06-15,youtube,short,339,874,1734,1739,0,False
PO06484,CA056,CR0558,2025-06-15,youtube,short,644,2039,3114,3396,0,False
PO06485,CA057,CR0042,2025-06-18,youtube,short,292,1307,2700,3335,0,False
PO06486,CA057,CR0162,2025-06-18,youtube,short,141,445,595,714,0,False
PO06487,CA057,CR0150,2025-06-18,youtube,short,642,1977,2757,2970,0,False
PO06488,CA057,CR0870,2025-06-18,youtube,short,2473,5299,11982,13963,600,False
PO06489,CA057,CR0268,2025-06-18,youtube,long_form,17569,71504,102870,114235,5950,False
PO06490,CA057,CR0355,2025-06-18,youtube,short,1430,3973,8156,9689,600,False
PO06491,CA057,CR0382,2025-06-18,youtube,short,6613,35379,45367,56709,2400,False
PO06492,CA057,CR0117,2025-06-18,youtube,carousel,1014,2879,3603,4394,0,False
PO06493,CA057,CR0558,2025-06-18,youtube,long_form,667,1554,2832,3249,0,False
PO06494,CA057,CR0308,2025-06-18,youtube,reel,24400,116491,243717,296421,5950,False
PO06495,CA057,CR0122,2025-06-18,youtube,short,2582,6517,7973,9405,600,False
PO06496,CA057,CR0030,2025-06-18,youtube,short,1074,11078,50502,60727,2400,True
PO06497,CA057,CR0887,2025-06-18,youtube,long_form,9582,16765,35125,37002,2400,False
PO06498,CA057,CR0270,2025-06-18,youtube,reel,2748,5892,8946,10327,600,False
PO06499,CA057,CR0725,2025-06-18,youtube,reel,346,661,1561,1623,0,False
PO06500,CA057,CR1183,2025-06-18,youtube,short,6576,8994,25141,24948,600,False
PO06501,CA057,CR0409,2025-06-18,youtube,long_form,1182,3591,5009,5143,0,False
PO06502,CA057,CR0123,2025-06-18,youtube,long_form,241,806,1146,1332,0,False
PO06503,CA057,CR1126,2025-06-18,youtube,short,726,1153,2554,3173,0,False
PO06504,CA057,CR0675,2025-06-18,youtube,carousel,308,783,941,1145,0,False
PO06505,CA057,CR0809,2025-06-18,youtube,short,5020,14665,19306,23620,600,False
PO06506,CA057,CR0271,2025-06-18,youtube,short,473,2224,4420,4737,0,False
PO06507,CA057,CR0009,2025-06-18,youtube,carousel,100,129,317,355,0,False
PO06508,CA057,CR0395,2025-06-18,youtube,long_form,1969,6244,8434,8942,600,False
PO06509,CA057,CR1025,2025-06-18,youtube,long_form,955,6221,8846,8982,600,False
PO06510,CA057,CR0375,2025-06-18,youtube,short,6675,16052,21504,24911,600,False
PO06511,CA057,CR0669,2025-06-18,youtube,long_form,1612,4272,8250,8026,0,False
PO06512,CA057,CR0954,2025-06-18,youtube,reel,366,1270,3366,3576,0,False
PO06513,CA057,CR1026,2025-06-18,youtube,short,100,193,388,455,0,False
PO06514,CA057,CR0298,2025-06-18,youtube,short,5733,7346,18171,20891,600,False
PO06515,CA057,CR0972,2025-06-18,youtube,long_form,144,720,890,1047,0,False
PO06516,CA057,CR0149,2025-06-18,youtube,reel,425,1093,1604,1632,0,False
PO06517,CA057,CR0480,2025-06-18,youtube,reel,377,1862,4060,4444,0,False
PO06518,CA057,CR0844,2025-06-18,youtube,short,1460,4386,10237,10996,600,False
PO06519,CA057,CR0562,2025-06-18,youtube,short,268,462,1051,1064,0,False
PO06520,CA057,CR0808,2025-06-18,youtube,carousel,290,1956,2874,3238,0,False
PO06521,CA057,CR0212,2025-06-18,youtube,short,1935,6258,16880,17228,600,False
PO06522,CA057,CR0524,2025-06-18,youtube,short,907,1921,3377,3915,0,False
PO06523,CA057,CR0401,2025-06-18,youtube,long_form,100,100,100,100,0,False
PO06524,CA057,CR1019,2025-06-18,youtube,carousel,404,1116,1722,1822,0,False
PO06525,CA057,CR0390,2025-06-18,youtube,short,2856,10078,13984,15505,600,False
PO06526,CA057,CR0579,2025-06-18,youtube,short,11600,31524,54517,67416,2400,False
PO06527,CA057,CR0866,2025-06-18,youtube,short,398,1429,9249,12200,600,True
PO06528,CA057,CR0571,2025-06-18,youtube,long_form,794,2521,3177,3671,0,False
PO06529,CA057,CR0159,2025-06-18,youtube,short,3656,7533,12126,14090,600,False
PO06530,CA057,CR1098,2025-06-18,youtube,long_form,36582,73657,178404,185015,5950,False
PO06531,CA057,CR0433,2025-06-18,youtube,short,2318,7282,14041,14563,600,False
PO06532,CA057,CR1141,2025-06-18,youtube,short,6823,28971,40927,43300,2400,False
PO06533,CA057,CR0025,2025-06-18,youtube,short,1292,2567,5431,5390,0,False
PO06534,CA057,CR0566,2025-06-18,youtube,short,1442,3966,7568,7472,0,False
PO06535,CA057,CR0985,2025-06-18,youtube,long_form,460,1266,2074,2352,0,False
PO06536,CA057,CR0393,2025-06-18,youtube,short,100,100,450,565,0,True
PO06537,CA057,CR0992,2025-06-18,youtube,short,15741,35824,58038,72320,2400,False
PO06538,CA057,CR0378,2025-06-18,youtube,short,1946,3657,6603,7721,0,False
PO06539,CA057,CR0922,2025-06-18,youtube,reel,3289,6773,14883,15380,600,False
PO06540,CA057,CR0689,2025-06-18,youtube,short,1507,4077,6480,6914,0,False
PO06541,CA057,CR0775,2025-06-18,youtube,short,471,2395,10720,13786,600,True
PO06542,CA057,CR0840,2025-06-18,youtube,long_form,1488,2845,26819,32474,600,True
PO06543,CA057,CR0197,2025-06-18,youtube,short,1637,7669,14101,14241,600,False
PO06544,CA057,CR0462,2025-06-18,youtube,short,2885,11165,17382,21658,600,False
PO06545,CA057,CR0052,2025-06-18,youtube,carousel,651,1753,2884,3036,0,False
PO06546,CA057,CR0373,2025-06-18,youtube,reel,584,1873,2473,3091,0,False
PO06547,CA057,CR0843,2025-06-18,youtube,short,875,3010,6501,7252,0,False
PO06548,CA057,CR1162,2025-06-18,youtube,short,440,1367,2226,2775,0,False
PO06549,CA057,CR0541,2025-06-18,youtube,long_form,466,1617,3525,3945,0,False
PO06550,CA057,CR0142,2025-06-18,youtube,reel,1856,3132,6223,7038,0,False
PO06551,CA057,CR0346,2025-06-18,youtube,long_form,877,4166,7968,7960,0,False
PO06552,CA057,CR1040,2025-06-18,youtube,short,449,1671,3295,3394,0,False
PO06553,CA057,CR0223,2025-06-18,youtube,reel,4206,11992,17246,17424,600,False
PO06554,CA057,CR0125,2025-06-18,youtube,reel,2161,7710,17584,17667,600,False
PO06555,CA057,CR0485,2025-06-18,youtube,short,1803,5225,14068,13729,600,False
PO06556,CA057,CR1094,2025-06-18,youtube,short,1138,3997,8412,10363,600,False
PO06557,CA057,CR1083,2025-06-18,youtube,short,1385,3103,5428,6505,0,False
PO06558,CA057,CR0849,2025-06-18,youtube,short,2617,8458,14730,17303,600,False
PO06559,CA057,CR0087,2025-06-18,youtube,short,13070,90498,426393,472570,20900,True
PO06560,CA057,CR0996,2025-06-18,youtube,short,719,1984,3656,3636,0,False
PO06561,CA057,CR1009,2025-06-18,youtube,short,2182,4575,12350,12571,600,False
PO06562,CA057,CR0549,2025-06-18,youtube,short,295,1042,2004,2244,0,False
PO06563,CA057,CR1138,2025-06-18,youtube,short,752,1398,3353,3656,0,False
PO06564,CA057,CR0247,2025-06-18,youtube,short,1594,3547,8726,9898,600,False
PO06565,CA057,CR0758,2025-06-18,youtube,short,1039,5665,7334,9149,600,False
PO06566,CA057,CR0344,2025-06-18,youtube,short,1325,4291,9198,10268,600,False
PO06567,CA057,CR0925,2025-06-18,youtube,short,1413,6682,14962,15990,600,False
PO06568,CA058,CR0995,2025-06-21,youtube,short,21057,36698,75294,83101,3550,False
PO06569,CA058,CR0162,2025-06-21,youtube,long_form,149,351,505,552,0,False
PO06570,CA058,CR0954,2025-06-21,youtube,short,386,1296,2040,2043,0,False
PO06571,CA058,CR0671,2025-06-21,youtube,long_form,135,377,981,1034,0,False
PO06572,CA058,CR0688,2025-06-21,youtube,short,340,1956,2770,2885,0,False
PO06573,CA058,CR0345,2025-06-21,youtube,reel,396,1516,14038,15367,350,True
PO06574,CA058,CR0524,2025-06-21,youtube,long_form,6011,15391,40789,40473,1450,False
PO06575,CA058,CR0892,2025-06-21,youtube,short,135,457,685,668,0,False
PO06576,CA058,CR0840,2025-06-21,youtube,short,1261,3395,4708,5020,0,False
PO06577,CA058,CR0261,2025-06-21,youtube,reel,12541,25162,43186,47321,1450,False
PO06578,CA058,CR0082,2025-06-21,youtube,long_form,2432,4640,10217,10273,350,False
PO06579,CA058,CR0358,2025-06-21,youtube,long_form,194,1459,2104,2324,0,False
PO06580,CA058,CR1126,2025-06-21,youtube,short,704,1430,2930,2878,0,False
PO06581,CA058,CR0342,2025-06-21,youtube,short,1293,2999,5441,5638,0,False
PO06582,CA058,CR0081,2025-06-21,youtube,long_form,328,798,1280,1312,0,False
PO06583,CA058,CR0052,2025-06-21,youtube,long_form,195,1145,1681,1870,0,False
PO06584,CA058,CR0789,2025-06-21,youtube,long_form,100,428,834,904,0,False
PO06585,CA058,CR0871,2025-06-21,youtube,short,3700,18530,28656,32245,350,False
PO06586,CA058,CR0450,2025-06-21,youtube,short,13531,42855,103222,105779,3550,False
PO06587,CA058,CR0355,2025-06-21,youtube,carousel,131,515,998,1200,0,False
PO06588,CA058,CR0463,2025-06-21,youtube,short,1586,5276,12867,13944,350,False
PO06589,CA058,CR0742,2025-06-21,youtube,short,253,1005,1515,1548,0,False
PO06590,CA058,CR0375,2025-06-21,youtube,short,465,1622,2746,2693,0,False
PO06591,CA058,CR0368,2025-06-21,youtube,reel,354,1368,1853,2104,0,False
PO06592,CA058,CR0200,2025-06-21,youtube,carousel,740,2150,2606,3113,0,False
PO06593,CA058,CR0025,2025-06-21,youtube,short,813,3249,5138,6085,0,False
PO06594,CA058,CR0541,2025-06-21,youtube,long_form,5364,10075,25179,24699,350,False
PO06595,CA058,CR0270,2025-06-21,youtube,long_form,2238,7108,11431,11241,350,False
PO06596,CA058,CR1009,2025-06-21,youtube,short,1635,7608,11083,10913,350,False
PO06597,CA058,CR0149,2025-06-21,youtube,short,100,152,234,248,0,False
PO06598,CA058,CR1186,2025-06-21,youtube,short,100,183,305,318,0,False
PO06599,CA058,CR0558,2025-06-21,youtube,long_form,203,1391,2051,2339,0,False
PO06600,CA058,CR0467,2025-06-21,youtube,short,7455,14843,33691,37709,1450,False
PO06601,CA058,CR0308,2025-06-21,youtube,short,162179,330941,692690,681158,12500,False
PO06602,CA058,CR0456,2025-06-21,youtube,short,156,388,797,933,0,False
PO06603,CA058,CR1015,2025-06-21,youtube,long_form,1876,3221,7173,8677,350,False
PO06604,CA058,CR0142,2025-06-21,youtube,long_form,918,3478,5392,5695,0,False
PO06605,CA058,CR0485,2025-06-21,youtube,short,1743,3053,7185,7313,0,False
PO06606,CA058,CR1094,2025-06-21,youtube,short,2690,4894,7956,9768,350,False
PO06607,CA058,CR0668,2025-06-21,youtube,short,549,2004,4752,4696,0,False
PO06608,CA058,CR0103,2025-06-21,youtube,long_form,5983,10527,20626,22447,350,False
PO06609,CA058,CR0827,2025-06-21,youtube,short,3597,9084,13393,13248,350,False
PO06610,CA058,CR0955,2025-06-21,youtube,short,969,2419,5227,5536,0,False
PO06611,CA058,CR0154,2025-06-21,youtube,long_form,370,1180,2248,2227,0,False
PO06612,CA058,CR0925,2025-06-21,youtube,reel,4272,8768,18574,18178,350,False
PO06613,CA058,CR1200,2025-06-21,youtube,carousel,1111,2012,3718,4176,0,False
PO06614,CA058,CR0373,2025-06-21,youtube,short,2761,10151,12031,14754,350,False
PO06615,CA058,CR0419,2025-06-21,youtube,reel,1436,9105,15616,17925,350,False
PO06616,CA058,CR0809,2025-06-21,youtube,short,1234,2674,5103,5861,0,False
PO06617,CA058,CR0653,2025-06-21,youtube,short,23049,70593,86801,101866,3550,False
PO06618,CA058,CR1110,2025-06-21,youtube,short,391,1288,1931,2155,0,False
PO06619,CA058,CR0549,2025-06-21,youtube,short,247,1286,2906,3092,0,False
PO06620,CA058,CR0378,2025-06-21,youtube,reel,948,2066,5641,5634,0,False
PO06621,CA058,CR0675,2025-06-21,youtube,reel,199,644,1423,1720,0,False
PO06622,CA058,CR0117,2025-06-21,youtube,long_form,150,345,519,558,0,False
PO06623,CA058,CR1162,2025-06-21,youtube,long_form,126,347,499,567,0,False
PO06624,CA058,CR1126,2025-06-21,youtube,short,820,2851,4563,5457,0,False
PO06625,CA058,CR0344,2025-06-21,youtube,short,1510,2768,6573,6904,0,False
PO06626,CA058,CR0579,2025-06-21,youtube,short,1154,2971,6456,6592,0,False
PO06627,CA058,CR0866,2025-06-21,youtube,short,432,1802,2941,2906,0,False
PO06628,CA058,CR0870,2025-06-21,youtube,long_form,328,1003,1623,1847,0,False
PO06629,CA058,CR1189,2025-06-21,youtube,reel,673,1769,3574,3971,0,False
PO06630,CA058,CR1026,2025-06-21,youtube,short,2028,5617,10373,12732,350,False
PO06631,CA058,CR0586,2025-06-21,youtube,short,2210,5092,8194,8133,350,False
PO06632,CA058,CR0781,2025-06-21,youtube,short,462,1366,2104,2340,0,False
PO06633,CA058,CR0992,2025-06-21,youtube,reel,4655,11061,21028,23085,350,False
PO06634,CA058,CR1122,2025-06-21,youtube,short,254,823,1869,2005,0,False
PO06635,CA058,CR0039,2025-06-21,youtube,short,140,298,2850,3450,0,True
PO06636,CA058,CR0407,2025-06-21,youtube,short,261,1187,1846,2082,0,False
PO06637,CA058,CR0944,2025-06-21,youtube,short,20793,56207,122984,139282,3550,False
PO06638,CA058,CR0122,2025-06-21,youtube,short,1169,6599,8720,9766,350,False
PO06639,CA058,CR0004,2025-06-21,youtube,short,5810,16012,29940,35696,1450,False
PO06640,CA058,CR1138,2025-06-21,youtube,short,513,2248,3278,3251,0,False
PO06641,CA058,CR0209,2025-06-21,youtube,reel,172,629,860,993,0,False
PO06642,CA058,CR0090,2025-06-21,youtube,long_form,175,1088,1852,1936,0,False
PO06643,CA058,CR0382,2025-06-21,youtube,short,100,158,373,437,0,False
PO06644,CA058,CR0066,2025-06-21,youtube,short,660,4916,6586,7412,0,False
PO06645,CA058,CR0439,2025-06-21,youtube,reel,465,1080,1888,1938,0,False
PO06646,CA058,CR0311,2025-06-21,youtube,short,406,1395,2350,2758,0,False
PO06647,CA058,CR0808,2025-06-21,youtube,short,792,1488,2366,2901,0,False
PO06648,CA058,CR0742,2025-06-21,youtube,reel,2650,5726,10931,11944,350,False
PO06649,CA058,CR0830,2025-06-21,youtube,short,405,1540,2746,2871,0,False
PO06650,CA058,CR0258,2025-06-21,youtube,reel,7075,13263,25784,27295,350,False
PO06651,CA058,CR1067,2025-06-21,youtube,short,49025,180893,487641,506870,12500,False
PO06652,CA058,CR0108,2025-06-21,youtube,short,1514,3928,5901,6588,0,False
PO06653,CA058,CR0809,2025-06-21,youtube,short,868,4894,6866,7134,0,False
PO06654,CA058,CR0926,2025-06-21,youtube,short,218,508,1139,1141,0,False
PO06655,CA058,CR0187,2025-06-21,youtube,reel,464,1098,2563,2771,0,False
PO06656,CA058,CR0951,2025-06-21,youtube,long_form,188,276,612,751,0,False
PO06657,CA058,CR0857,2025-06-21,youtube,short,170,506,854,883,0,False
PO06658,CA058,CR1062,2025-06-21,youtube,long_form,1596,8406,14333,14884,350,False
PO06659,CA058,CR1019,2025-06-21,youtube,long_form,465,798,1436,1692,0,False
PO06660,CA058,CR1163,2025-06-21,youtube,carousel,100,637,2976,3789,0,True
PO06661,CA058,CR0114,2025-06-21,youtube,reel,209,565,1539,1592,0,False
PO06662,CA058,CR0257,2025-06-21,youtube,long_form,100,100,114,133,0,False
PO06663,CA058,CR0784,2025-06-21,youtube,carousel,100,100,240,261,0,True
PO06664,CA058,CR0462,2025-06-21,youtube,long_form,399,1488,8555,10823,350,True
PO06665,CA058,CR1173,2025-06-21,youtube,long_form,200,1212,2025,2079,0,False
PO06666,CA058,CR0223,2025-06-21,youtube,long_form,232,541,691,864,0,False
PO06667,CA058,CR1023,2025-06-21,youtube,long_form,356,1582,2202,2613,0,False
PO06668,CA058,CR0816,2025-06-21,youtube,long_form,6478,53496,373761,424085,12500,True
PO06669,CA058,CR0929,2025-06-21,youtube,short,1785,4886,10081,9835,350,False
PO06670,CA058,CR0346,2025-06-21,youtube,short,4395,7291,20333,20392,350,False
PO06671,CA058,CR0164,2025-06-21,youtube,short,1754,3279,5813,6896,0,False
PO06672,CA058,CR1141,2025-06-21,youtube,reel,190,1194,1984,2194,0,False
PO06673,CA058,CR0468,2025-06-21,youtube,short,4816,8364,17295,17606,350,False
PO06674,CA058,CR0102,2025-06-21,youtube,reel,13382,37189,57311,63824,1450,False
PO06675,CA058,CR0278,2025-06-21,youtube,long_form,4350,24819,31092,38001,1450,False
PO06676,CA058,CR0159,2025-06-21,youtube,short,100,233,463,566,0,False
PO06677,CA058,CR0985,2025-06-21,youtube,short,1167,1942,4671,5186,0,False
PO06678,CA058,CR0433,2025-06-21,youtube,long_form,2141,3701,6584,7927,0,False
PO06679,CA058,CR0635,2025-06-21,youtube,reel,523,3444,4795,5040,0,False
PO06680,CA058,CR0634,2025-06-21,youtube,carousel,181,988,1277,1597,0,False
PO06681,CA058,CR0772,2025-06-21,youtube,long_form,100,212,369,377,0,False
PO06682,CA058,CR0480,2025-06-21,youtube,reel,3045,13489,19214,19474,350,False
PO06683,CA058,CR0023,2025-06-21,youtube,short,100,129,206,253,0,False
PO06684,CA058,CR0390,2025-06-21,youtube,short,2134,4890,12647,13491,350,False
PO06685,CA058,CR1012,2025-06-21,youtube,short,100,109,550,637,0,True
PO06686,CA058,CR0757,2025-06-21,youtube,long_form,2612,5388,10235,11318,350,False
PO06687,CA058,CR1169,2025-06-21,youtube,long_form,151,1041,1311,1505,0,False
PO06688,CA058,CR0977,2025-06-21,youtube,long_form,100,100,100,100,0,False
PO06689,CA058,CR0833,2025-06-21,youtube,short,32768,60855,139328,147532,3550,False
PO06690,CA058,CR1174,2025-06-21,youtube,long_form,2666,5298,10711,13380,350,False
PO06691,CA058,CR0770,2025-06-21,youtube,reel,933,4278,6184,6371,0,False
PO06692,CA058,CR0531,2025-06-21,youtube,carousel,166,1169,9272,10411,350,True
PO06693,CA058,CR0725,2025-06-21,youtube,short,187,401,743,876,0,False
PO06694,CA058,CR0817,2025-06-21,youtube,short,100,285,483,537,0,False
PO06695,CA058,CR0562,2025-06-21,youtube,reel,312,626,1641,1672,0,False
PO06696,CA058,CR0065,2025-06-21,youtube,reel,3944,11619,14197,16821,350,False
PO06697,CA058,CR1098,2025-06-21,youtube,reel,2408,13517,107533,124994,3550,True
PO06698,CA058,CR0723,2025-06-21,youtube,short,1676,3396,6620,6643,0,False
PO06699,CA058,CR0758,2025-06-21,youtube,carousel,100,248,514,541,0,False
PO06700,CA058,CR1038,2025-06-21,youtube,short,734,1435,2591,2673,0,False
PO06701,CA058,CR0122,2025-06-21,youtube,short,1440,3344,6905,7102,0,False
PO06702,CA058,CR1167,2025-06-21,youtube,reel,25164,168147,241957,261161,3550,False
PO06703,CA058,CR0996,2025-06-21,youtube,long_form,2399,6276,12722,13839,350,False
PO06704,CA058,CR0098,2025-06-21,youtube,short,1224,3069,5515,6582,0,False
PO06705,CA058,CR0972,2025-06-21,youtube,short,284,797,1616,1601,0,False
PO06706,CA058,CR0409,2025-06-21,youtube,short,1260,2741,5401,6392,0,False
PO06707,CA058,CR0393,2025-06-21,youtube,carousel,100,101,151,162,0,False
PO06708,CA058,CR0734,2025-06-21,youtube,short,691,4525,7453,7465,0,False
PO06709,CA058,CR1087,2025-06-21,youtube,short,292,651,1158,1306,0,False
PO06710,CA058,CR0587,2025-06-21,youtube,short,1477,4934,9797,9527,350,False
PO06711,CA058,CR1183,2025-06-21,youtube,long_form,12870,30904,47160,49626,1450,False
PO06712,CA058,CR0859,2025-06-21,youtube,long_form,208,751,1404,1458,0,False
PO06713,CA058,CR1128,2025-06-21,youtube,long_form,1852,5632,6840,8068,0,False
PO06714,CA058,CR0811,2025-06-21,youtube,reel,1627,3529,6408,7268,0,False
PO06715,CA058,CR0298,2025-06-21,youtube,long_form,467,2327,4962,5619,0,False
PO06716,CA058,CR0844,2025-06-21,youtube,short,1649,6754,9301,10775,350,False
PO06717,CA058,CR0703,2025-06-21,youtube,long_form,511,1994,2832,3287,0,False
PO06718,CA058,CR0669,2025-06-21,youtube,long_form,100,174,444,497,0,False
PO06719,CA058,CR0587,2025-06-21,youtube,short,910,2479,3564,4410,0,False
PO06720,CA058,CR1025,2025-06-21,youtube,long_form,100,184,438,461,0,False
PO06721,CA058,CR0376,2025-06-21,youtube,long_form,321,2795,12703,14376,350,True
PO06722,CA058,CR0859,2025-06-21,youtube,short,661,1746,3420,4186,0,False
PO06723,CA058,CR0141,2025-06-21,youtube,reel,4722,10260,21912,22308,350,False
PO06724,CA058,CR0113,2025-06-21,youtube,long_form,100,171,216,264,0,False
PO06725,CA058,CR1043,2025-06-21,youtube,long_form,100,330,442,475,0,False
PO06726,CA058,CR0775,2025-06-21,youtube,short,587,1528,2291,2356,0,False
PO06727,CA058,CR0961,2025-06-21,youtube,reel,2173,8308,10979,13439,350,False
PO06728,CA058,CR0849,2025-06-21,youtube,short,950,3012,5234,5140,0,False
PO06729,CA058,CR0263,2025-06-21,youtube,reel,100,141,301,341,0,False
PO06730,CA058,CR0421,2025-06-21,youtube,long_form,311,562,5505,6444,0,True
PO06731,CA058,CR0123,2025-06-21,youtube,short,536,1276,2776,2779,0,False
PO06732,CA058,CR0432,2025-06-21,youtube,long_form,2779,8630,15970,16012,350,False
PO06733,CA058,CR0008,2025-06-21,youtube,reel,11693,17299,34718,42863,1450,False
PO06734,CA058,CR1001,2025-06-21,youtube,long_form,100,157,372,365,0,False
PO06735,CA058,CR1046,2025-06-21,youtube,long_form,100,100,169,211,0,False
PO06736,CA058,CR0212,2025-06-21,youtube,short,430,969,1846,2057,0,False
PO06737,CA058,CR0232,2025-06-21,youtube,short,3300,5399,11655,13352,350,False
PO06738,CA058,CR0197,2025-06-21,youtube,short,284,1413,2105,2629,0,False
PO06739,CA058,CR1139,2025-06-21,youtube,carousel,940,2587,3517,3704,0,False
PO06740,CA058,CR0247,2025-06-21,youtube,short,1708,3594,6491,6723,0,False
PO06741,CA058,CR0042,2025-06-21,youtube,carousel,100,204,393,407,0,False
PO06742,CA058,CR0030,2025-06-21,youtube,short,7967,32526,51617,61858,1450,False
PO06743,CA058,CR0328,2025-06-21,youtube,carousel,407,1225,2219,2595,0,False
PO06744,CA058,CR1083,2025-06-21,youtube,short,437,2605,4417,4831,0,False
PO06745,CA058,CR0037,2025-06-21,youtube,short,1118,2519,3848,4384,0,False
PO06746,CA058,CR0125,2025-06-21,youtube,short,4430,25044,36682,40835,1450,False
PO06747,CA058,CR0150,2025-06-21,youtube,short,100,168,346,359,0,False
PO06748,CA058,CR0689,2025-06-21,youtube,long_form,1062,3392,4208,5214,0,False
PO06749,CA058,CR0843,2025-06-21,youtube,long_form,118,222,432,450,0,False
PO06750,CA058,CR0411,2025-06-21,youtube,short,393,1764,2543,2586,0,False
PO06751,CA058,CR0096,2025-06-21,youtube,long_form,336,1274,1921,2192,0,False
PO06752,CA058,CR0081,2025-06-21,youtube,short,278,1177,1691,1696,0,False
PO06753,CA058,CR1198,2025-06-21,youtube,short,869,1936,3519,3759,0,False
PO06754,CA058,CR1058,2025-06-21,youtube,long_form,946,1819,3749,3737,0,False
PO06755,CA058,CR0922,2025-06-21,youtube,short,156,654,1181,1389,0,False
PO06756,CA058,CR0286,2025-06-21,youtube,carousel,318,1348,2062,2396,0,False
PO06757,CA058,CR0566,2025-06-21,youtube,short,1183,3412,5761,6037,0,False
PO06758,CA058,CR0271,2025-06-21,youtube,long_form,3368,14390,20844,21143,350,False
PO06759,CA058,CR0923,2025-06-21,youtube,short,1188,2330,20466,24027,350,True
PO06760,CA058,CR0843,2025-06-21,youtube,short,489,2411,5617,5970,0,False
PO06761,CA059,CR0782,2025-06-24,youtube,short,100,160,1554,1964,0,True
PO06762,CA059,CR0714,2025-06-24,youtube,long_form,717,2135,2963,3350,0,False
PO06763,CA059,CR0156,2025-06-24,youtube,short,796,2408,4228,4309,0,False
PO06764,CA059,CR0935,2025-06-24,youtube,long_form,389,638,1704,1700,0,False
PO06765,CA059,CR0818,2025-06-24,youtube,short,148,412,783,774,0,False
PO06766,CA059,CR0275,2025-06-24,youtube,short,106,576,997,1195,0,False
PO06767,CA059,CR1040,2025-06-24,youtube,short,196,359,938,990,0,False
PO06768,CA059,CR0838,2025-06-24,youtube,carousel,375,524,1466,1450,0,False
PO06769,CA059,CR0408,2025-06-24,youtube,carousel,100,100,206,236,0,False
PO06770,CA059,CR0234,2025-06-24,youtube,reel,183,302,671,726,0,False
PO06771,CA059,CR0894,2025-06-24,youtube,long_form,209,687,1518,1756,0,False
PO06772,CA059,CR0912,2025-06-24,youtube,long_form,100,136,188,204,0,False
PO06773,CA059,CR0129,2025-06-24,youtube,long_form,447,3822,5028,5500,0,False
PO06774,CA059,CR0879,2025-06-24,youtube,long_form,444,1390,2735,2931,0,False
PO06775,CA059,CR0184,2025-06-24,youtube,long_form,192,698,1148,1365,0,False
PO06776,CA059,CR1177,2025-06-24,youtube,long_form,484,1125,2566,2504,0,False
PO06777,CA059,CR0898,2025-06-24,youtube,short,167,368,576,613,0,False
PO06778,CA059,CR0674,2025-06-24,youtube,short,100,103,604,697,0,True
PO06779,CA059,CR0718,2025-06-24,youtube,short,100,100,100,101,0,False
PO06780,CA059,CR0625,2025-06-24,youtube,short,3917,8986,18546,18292,350,False
PO06781,CA059,CR0074,2025-06-24,youtube,short,100,161,251,313,0,False
PO06782,CA059,CR0773,2025-06-24,youtube,short,13967,40380,90621,112512,3700,False
PO06783,CA059,CR0715,2025-06-24,youtube,long_form,115,410,946,960,0,False
PO06784,CA059,CR1034,2025-06-24,youtube,short,100,201,259,312,0,False
PO06785,CA059,CR1156,2025-06-24,youtube,short,100,100,133,138,0,False
PO06786,CA059,CR0549,2025-06-24,youtube,short,1190,5544,7560,8471,350,False
PO06787,CA059,CR0407,2025-06-24,youtube,long_form,268,503,968,1045,0,False
PO06788,CA059,CR0783,2025-06-24,youtube,long_form,128,381,495,570,0,False
PO06789,CA059,CR1000,2025-06-24,youtube,short,1496,2252,4839,5641,0,False
PO06790,CA059,CR0196,2025-06-24,youtube,reel,100,100,158,156,0,False
PO06791,CA059,CR0772,2025-06-24,youtube,short,131,724,1015,1227,0,False
PO06792,CA059,CR0241,2025-06-24,youtube,long_form,190,323,879,859,0,False
PO06793,CA059,CR0236,2025-06-24,youtube,short,116,427,629,685,0,False
PO06794,CA059,CR0455,2025-06-24,youtube,short,338,972,1565,1824,0,False
PO06795,CA059,CR0746,2025-06-24,youtube,reel,1003,2342,4960,5297,0,False
PO06796,CA059,CR0772,2025-06-24,youtube,short,598,2926,5111,5276,0,False
PO06797,CA059,CR0696,2025-06-24,youtube,reel,100,132,911,1168,0,True
PO06798,CA059,CR0108,2025-06-24,youtube,short,258,401,891,1037,0,False
PO06799,CA059,CR0317,2025-06-24,youtube,reel,253,613,974,1014,0,False
PO06800,CA059,CR1137,2025-06-24,youtube,short,228,1052,4711,5924,0,True
PO06801,CA059,CR1082,2025-06-24,youtube,short,198,682,1256,1298,0,False
PO06802,CA059,CR0867,2025-06-24,youtube,short,100,135,304,321,0,False
PO06803,CA059,CR0860,2025-06-24,youtube,reel,177,439,1062,1033,0,False
PO06804,CA059,CR0072,2025-06-24,youtube,short,100,212,454,560,0,False
PO06805,CA059,CR0759,2025-06-24,youtube,short,108,373,574,574,0,False
PO06806,CA059,CR0577,2025-06-24,youtube,short,100,235,391,482,0,False
PO06807,CA059,CR0756,2025-06-24,youtube,short,129,304,568,620,0,False
PO06808,CA059,CR0974,2025-06-24,youtube,short,125,413,582,722,0,False
PO06809,CA059,CR0714,2025-06-24,youtube,reel,100,174,254,256,0,False
PO06810,CA059,CR0323,2025-06-24,youtube,short,274,723,1915,1945,0,False
PO06811,CA059,CR0586,2025-06-24,youtube,short,2973,14152,30003,35882,1500,False
PO06812,CA059,CR0580,2025-06-24,youtube,long_form,444,944,1876,2040,0,False
PO06813,CA059,CR0644,2025-06-24,youtube,long_form,278,1211,1805,1763,0,False
PO06814,CA059,CR0089,2025-06-24,youtube,long_form,637,2074,3653,3605,0,False
PO06815,CA059,CR0254,2025-06-24,youtube,short,1049,2237,3537,4128,0,False
PO06816,CA059,CR0795,2025-06-24,youtube,long_form,564,3315,5148,5147,0,False
PO06817,CA059,CR1001,2025-06-24,youtube,short,638,1922,5433,5471,0,False
PO06818,CA059,CR0921,2025-06-24,youtube,short,1296,2332,4639,4888,0,False
PO06819,CA059,CR1063,2025-06-24,youtube,reel,100,198,381,436,0,False
PO06820,CA059,CR0728,2025-06-24,youtube,long_form,154,555,917,998,0,False
PO06821,CA059,CR0697,2025-06-24,youtube,short,184,1523,2256,2211,0,False
PO06822,CA059,CR0250,2025-06-24,youtube,long_form,100,103,437,561,0,True
PO06823,CA059,CR0893,2025-06-24,youtube,short,100,101,185,185,0,False
PO06824,CA059,CR0934,2025-06-24,youtube,short,453,1266,2243,2428,0,False
PO06825,CA059,CR0704,2025-06-24,youtube,short,4450,33615,46252,49465,1500,False
PO06826,CA059,CR0917,2025-06-24,youtube,reel,100,167,283,314,0,False
PO06827,CA059,CR0765,2025-06-24,youtube,short,100,103,139,174,0,False
PO06828,CA059,CR1160,2025-06-24,youtube,short,202,591,896,1078,0,False
PO06829,CA059,CR0517,2025-06-24,youtube,short,100,541,804,789,0,False
PO06830,CA059,CR0706,2025-06-24,youtube,short,251,468,808,927,0,False
PO06831,CA059,CR1119,2025-06-24,youtube,long_form,259,520,1053,1074,0,False
PO06832,CA059,CR0060,2025-06-24,youtube,long_form,100,196,298,304,0,False
PO06833,CA059,CR1200,2025-06-24,youtube,long_form,2496,9652,19519,21591,350,False
PO06834,CA059,CR1079,2025-06-24,youtube,short,585,1815,3410,3408,0,False
PO06835,CA059,CR0045,2025-06-24,youtube,short,100,100,164,164,0,False
PO06836,CA059,CR1186,2025-06-24,youtube,short,588,1478,2606,3114,0,False
PO06837,CA059,CR0124,2025-06-24,youtube,short,554,1943,2772,2852,0,False
PO06838,CA059,CR0551,2025-06-24,youtube,long_form,137,481,764,926,0,False
PO06839,CA059,CR0951,2025-06-24,youtube,short,104,351,728,823,0,False
PO06840,CA059,CR0860,2025-06-24,youtube,short,100,137,300,353,0,False
PO06841,CA059,CR0105,2025-06-24,youtube,short,100,256,344,381,0,False
PO06842,CA059,CR0364,2025-06-24,youtube,short,100,238,376,373,0,False
PO06843,CA059,CR0654,2025-06-24,youtube,short,247,723,1156,1197,0,False
PO06844,CA059,CR0308,2025-06-24,youtube,reel,15852,57853,70072,85058,3700,False
PO06845,CA059,CR0939,2025-06-24,youtube,carousel,100,100,385,477,0,True
PO06846,CA059,CR0571,2025-06-24,youtube,short,108,237,413,513,0,False
PO06847,CA059,CR0220,2025-06-24,youtube,long_form,346,1076,1565,1751,0,False
PO06848,CA059,CR0522,2025-06-24,youtube,short,100,133,281,312,0,False
PO06849,CA059,CR0947,2025-06-24,youtube,long_form,377,1018,1635,1955,0,False
PO06850,CA059,CR0401,2025-06-24,youtube,reel,100,150,339,361,0,False
PO06851,CA059,CR1199,2025-06-24,youtube,short,7260,39567,60772,66822,3700,False
PO06852,CA059,CR0818,2025-06-24,youtube,short,230,343,834,943,0,False
PO06853,CA059,CR1078,2025-06-24,youtube,short,252,546,1046,1055,0,False
PO06854,CA059,CR1151,2025-06-24,youtube,short,117,456,3154,3559,0,True
PO06855,CA059,CR0230,2025-06-24,youtube,short,157,246,590,638,0,False
PO06856,CA059,CR0892,2025-06-24,youtube,long_form,204,946,1455,1499,0,False
PO06857,CA059,CR0250,2025-06-24,youtube,long_form,434,1438,2239,2309,0,False
PO06858,CA059,CR0089,2025-06-24,youtube,reel,175,1020,1753,1756,0,False
PO06859,CA059,CR0784,2025-06-24,youtube,short,453,1648,2102,2571,0,False
PO06860,CA059,CR0869,2025-06-24,youtube,short,5222,11728,16377,20367,350,False
PO06861,CA059,CR0939,2025-06-24,youtube,reel,157,756,1090,1272,0,False
PO06862,CA059,CR0111,2025-06-24,youtube,short,119,451,772,917,0,False
PO06863,CA059,CR1056,2025-06-24,youtube,carousel,566,1806,3725,4089,0,False
PO06864,CA059,CR0347,2025-06-24,youtube,long_form,368,742,1562,1568,0,False
PO06865,CA059,CR0200,2025-06-24,youtube,reel,226,706,2000,1995,0,False
PO06866,CA059,CR0179,2025-06-24,youtube,short,100,228,389,428,0,False
PO06867,CA059,CR1094,2025-06-24,youtube,long_form,12809,17752,47587,48919,1500,False
PO06868,CA059,CR0382,2025-06-24,youtube,short,2148,6021,13203,15469,350,False
PO06869,CA059,CR0754,2025-06-24,youtube,reel,107,237,520,512,0,False
PO06870,CA059,CR0450,2025-06-24,youtube,carousel,1343,6074,8432,9216,350,False
PO06871,CA059,CR0166,2025-06-24,youtube,short,114,357,2051,2313,0,True
PO06872,CA059,CR0395,2025-06-24,youtube,short,1419,3882,6682,8013,350,False
PO06873,CA059,CR0173,2025-06-24,youtube,short,6189,11975,22186,24807,1500,False
PO06874,CA059,CR0913,2025-06-24,youtube,carousel,191,897,1535,1795,0,False
PO06875,CA059,CR0060,2025-06-24,youtube,short,100,228,324,359,0,False
PO06876,CA059,CR0090,2025-06-24,youtube,reel,100,163,404,412,0,False
PO06877,CA059,CR0103,2025-06-24,youtube,short,7581,37897,64096,63051,3700,False
PO06878,CA059,CR0343,2025-06-24,youtube,short,530,1642,2436,2567,0,False
PO06879,CA059,CR0009,2025-06-24,youtube,short,100,177,243,261,0,False
PO06880,CA059,CR1137,2025-06-24,youtube,short,171,584,854,893,0,False
PO06881,CA059,CR0198,2025-06-24,youtube,long_form,100,201,1828,2386,0,True
PO06882,CA059,CR1086,2025-06-24,youtube,long_form,100,143,202,244,0,False
PO06883,CA059,CR0532,2025-06-24,youtube,short,151,704,1093,1224,0,False
PO06884,CA059,CR0012,2025-06-24,youtube,short,1044,3089,7048,7541,350,False
PO06885,CA059,CR0075,2025-06-24,youtube,short,100,100,100,123,0,False
PO06886,CA059,CR1139,2025-06-24,youtube,short,1130,4019,25937,31883,1500,True
PO06887,CA059,CR0144,2025-06-24,youtube,long_form,606,2381,13785,18350,350,True
PO06888,CA059,CR0902,2025-06-24,youtube,short,321,924,1196,1341,0,False
PO06889,CA059,CR1040,2025-06-24,youtube,short,100,319,567,622,0,False
PO06890,CA059,CR0128,2025-06-24,youtube,long_form,395,1114,2217,2203,0,False
PO06891,CA059,CR0902,2025-06-24,youtube,short,129,349,517,507,0,False
PO06892,CA059,CR0056,2025-06-24,youtube,carousel,239,1151,2515,2564,0,False
PO06893,CA059,CR0175,2025-06-24,youtube,short,1074,2627,5496,5477,0,False
PO06894,CA059,CR0395,2025-06-24,youtube,short,237,932,5156,5452,0,True
PO06895,CA059,CR0598,2025-06-24,youtube,long_form,8095,40238,68023,66902,3700,False
PO06896,CA059,CR0863,2025-06-24,youtube,short,130,381,995,1019,0,False
PO06897,CA059,CR0724,2025-06-24,youtube,reel,114,553,992,1214,0,False
PO06898,CA059,CR0097,2025-06-24,youtube,short,426,1279,2824,3107,0,False
PO06899,CA059,CR0281,2025-06-24,youtube,long_form,128,793,1256,1319,0,False
PO06900,CA059,CR1092,2025-06-24,youtube,short,602,1946,4025,4167,0,False
PO06901,CA059,CR0156,2025-06-24,youtube,reel,100,354,537,607,0,False
PO06902,CA059,CR0701,2025-06-24,youtube,reel,100,279,497,541,0,False
PO06903,CA059,CR1135,2025-06-24,youtube,long_form,1648,5728,6992,8493,350,False
PO06904,CA059,CR0689,2025-06-24,youtube,short,3024,6049,10234,12696,350,False
PO06905,CA059,CR1067,2025-06-24,youtube,short,68658,114476,252869,255767,12900,False
PO06906,CA059,CR0683,2025-06-24,youtube,short,424,964,1749,1716,0,False
PO06907,CA059,CR0977,2025-06-24,youtube,long_form,100,194,246,298,0,False
PO06908,CA059,CR0944,2025-06-24,youtube,short,11789,22347,232349,263501,12900,True
PO06909,CA059,CR0437,2025-06-24,youtube,reel,1700,4714,6484,6793,350,False
PO06910,CA059,CR1178,2025-06-24,youtube,long_form,1019,2503,4376,4260,0,False
PO06911,CA059,CR0116,2025-06-24,youtube,short,103,193,421,484,0,False
PO06912,CA059,CR1053,2025-06-24,youtube,short,267,913,2122,2110,0,False
PO06913,CA059,CR1046,2025-06-24,youtube,short,314,716,1059,1184,0,False
PO06914,CA059,CR0402,2025-06-24,youtube,reel,220,1398,1884,2065,0,False
PO06915,CA059,CR0849,2025-06-24,youtube,reel,3612,13952,19683,22051,350,False
PO06916,CA059,CR0456,2025-06-24,youtube,reel,597,3483,4455,5143,0,False
PO06917,CA059,CR0183,2025-06-24,youtube,carousel,100,100,156,157,0,False
PO06918,CA059,CR0401,2025-06-24,youtube,short,263,555,1198,1168,0,False
PO06919,CA059,CR0965,2025-06-24,youtube,long_form,306,1478,2189,2295,0,False
PO06920,CA059,CR0325,2025-06-24,youtube,short,100,208,362,401,0,False
PO06921,CA059,CR0532,2025-06-24,youtube,short,390,1952,3377,3305,0,False
PO06922,CA059,CR1160,2025-06-24,youtube,short,355,641,1259,1314,0,False
PO06923,CA059,CR0654,2025-06-24,youtube,short,431,3067,3819,4702,0,False
PO06924,CA059,CR0268,2025-06-24,youtube,long_form,5994,24787,38253,41014,1500,False
PO06925,CA059,CR0008,2025-06-24,youtube,long_form,8694,22045,42424,44798,1500,False
PO06926,CA059,CR0617,2025-06-24,youtube,carousel,469,1528,2645,2742,0,False
PO06927,CA059,CR0640,2025-06-24,youtube,short,108,491,737,789,0,False
PO06928,CA060,CR0444,2025-06-27,youtube,long_form,699,1542,3090,3213,0,False
PO06929,CA060,CR0859,2025-06-27,youtube,short,110,268,480,555,0,False
PO06930,CA060,CR0263,2025-06-27,youtube,long_form,100,169,232,258,0,False
PO06931,CA060,CR0268,2025-06-27,youtube,short,35861,105532,154331,186199,2950,False
PO06932,CA060,CR1139,2025-06-27,youtube,short,588,1812,3320,3372,0,False
PO06933,CA060,CR0108,2025-06-27,youtube,short,104,330,576,563,0,False
PO06934,CA060,CR0030,2025-06-27,youtube,short,2400,6532,8563,9736,300,False
PO06935,CA060,CR0827,2025-06-27,youtube,long_form,458,972,1804,2101,0,False
PO06936,CA060,CR1122,2025-06-27,youtube,short,337,602,1080,1338,0,False
PO06937,CA060,CR1009,2025-06-27,youtube,short,170,311,693,732,0,False
PO06938,CA060,CR1087,2025-06-27,youtube,long_form,272,409,962,1039,0,False
PO06939,CA060,CR1174,2025-06-27,youtube,short,1684,5211,6461,7759,0,False
PO06940,CA060,CR0411,2025-06-27,youtube,short,100,204,374,447,0,False
PO06941,CA060,CR0765,2025-06-27,youtube,reel,100,149,355,352,0,False
PO06942,CA060,CR0758,2025-06-27,youtube,short,494,3098,4273,4429,0,False
PO06943,CA060,CR0996,2025-06-27,youtube,short,181,365,660,777,0,False
PO06944,CA060,CR1110,2025-06-27,youtube,short,436,1590,3775,4004,0,False
PO06945,CA060,CR0200,2025-06-27,youtube,short,398,994,2568,2615,0,False
PO06946,CA060,CR0455,2025-06-27,youtube,short,149,385,532,573,0,False
PO06947,CA060,CR1163,2025-06-27,youtube,long_form,133,223,584,607,0,False
PO06948,CA060,CR1162,2025-06-27,youtube,short,100,162,264,272,0,False
PO06949,CA060,CR1198,2025-06-27,youtube,long_form,100,115,219,236,0,False
PO06950,CA060,CR1023,2025-06-27,youtube,long_form,978,2556,4203,5181,0,False
PO06951,CA060,CR0849,2025-06-27,youtube,short,528,3231,4857,5897,0,False
PO06952,CA060,CR0345,2025-06-27,youtube,short,139,316,454,529,0,False
PO06953,CA060,CR1078,2025-06-27,youtube,short,100,100,100,100,0,False
PO06954,CA060,CR0703,2025-06-27,youtube,short,1276,3710,5436,5313,0,False
PO06955,CA060,CR0675,2025-06-27,youtube,reel,300,623,1021,1129,0,False
PO06956,CA060,CR0066,2025-06-27,youtube,short,1947,13901,19640,20542,300,False
PO06957,CA060,CR1037,2025-06-27,youtube,short,232,638,1200,1173,0,False
PO06958,CA060,CR1173,2025-06-27,youtube,reel,612,4512,7064,7251,0,False
PO06959,CA060,CR0955,2025-06-27,youtube,long_form,100,348,585,620,0,False
PO06960,CA060,CR1043,2025-06-27,youtube,reel,119,217,438,498,0,False
PO06961,CA060,CR0465,2025-06-27,youtube,long_form,555,940,2161,2599,0,False
PO06962,CA060,CR0775,2025-06-27,youtube,reel,410,681,1456,1651,0,False
PO06963,CA060,CR0421,2025-06-27,youtube,reel,239,1883,9824,10483,300,True
PO06964,CA060,CR0531,2025-06-27,youtube,short,1238,5308,7198,7960,0,False
PO06965,CA060,CR0929,2025-06-27,youtube,long_form,100,242,483,546,0,False
PO06966,CA060,CR0270,2025-06-27,youtube,long_form,165,511,1099,1114,0,False
PO06967,CA060,CR0770,2025-06-27,youtube,carousel,151,537,3268,3906,0,True
PO06968,CA060,CR0373,2025-06-27,youtube,short,792,2002,2890,2981,0,False
PO06969,CA060,CR0344,2025-06-27,youtube,short,572,1423,3084,3168,0,False
PO06970,CA060,CR0144,2025-06-27,youtube,long_form,3010,10839,16240,19078,300,False
PO06971,CA060,CR0286,2025-06-27,youtube,short,329,1067,2117,2110,0,False
PO06972,CA060,CR0644,2025-06-27,youtube,short,100,100,100,100,0,False
PO06973,CA060,CR0125,2025-06-27,youtube,short,161,560,916,968,0,False
PO06974,CA060,CR1018,2025-06-27,youtube,long_form,3948,12735,18357,20237,300,False
PO06975,CA060,CR0401,2025-06-27,youtube,short,100,120,176,197,0,False
PO06976,CA060,CR0857,2025-06-27,youtube,short,100,242,467,489,0,False
PO06977,CA060,CR0150,2025-06-27,youtube,short,100,168,406,411,0,False
PO06978,CA060,CR0355,2025-06-27,youtube,short,272,1097,1996,2419,0,False
PO06979,CA060,CR0039,2025-06-27,youtube,reel,4630,15938,24076,29026,300,False
PO06980,CA060,CR0925,2025-06-27,youtube,long_form,100,341,468,496,0,False
PO06981,CA060,CR0586,2025-06-27,youtube,reel,2397,3646,8350,9625,300,False
PO06982,CA060,CR0142,2025-06-27,youtube,reel,2291,4850,13193,13686,300,False
PO06983,CA060,CR0100,2025-06-27,youtube,short,4792,11944,29271,32774,1200,False
PO06984,CA060,CR0579,2025-06-27,youtube,short,145,536,991,991,0,False
PO06985,CA060,CR0288,2025-06-27,youtube,short,928,2311,5228,5813,0,False
PO06986,CA060,CR0923,2025-06-27,youtube,short,175,362,646,749,0,False
PO06987,CA060,CR1128,2025-06-27,youtube,short,717,3902,6577,7404,0,False
PO06988,CA060,CR0378,2025-06-27,youtube,long_form,100,176,317,337,0,False
PO06989,CA060,CR0809,2025-06-27,youtube,reel,169,874,1562,1548,0,False
PO06990,CA060,CR1058,2025-06-27,youtube,reel,346,1118,1748,1837,0,False
PO06991,CA060,CR0096,2025-06-27,youtube,short,202,546,703,855,0,False
PO06992,CA060,CR1098,2025-06-27,youtube,reel,2445,4122,11164,11443,300,False
PO06993,CA060,CR0376,2025-06-27,youtube,short,100,624,3006,3493,0,True
PO06994,CA060,CR0098,2025-06-27,youtube,short,1374,4072,5908,6972,0,False
PO06995,CA060,CR0524,2025-06-27,youtube,short,154,390,1129,1106,0,False
PO06996,CA060,CR0132,2025-06-27,youtube,long_form,23354,84871,113212,123435,2950,False
PO06997,CA060,CR0337,2025-06-27,youtube,short,1036,2742,5446,5567,0,False
PO06998,CA060,CR0223,2025-06-27,youtube,reel,462,1175,2665,3322,0,False
PO06999,CA060,CR0463,2025-06-27,youtube,carousel,211,543,828,821,0,False
PO07000,CA060,CR0480,2025-06-27,youtube,short,100,161,800,1039,0,True
PO07001,CA060,CR0212,2025-06-27,youtube,reel,192,360,664,724,0,False
PO07002,CA060,CR0187,2025-06-27,youtube,long_form,3579,10503,15744,15913,300,False
PO07003,CA060,CR0789,2025-06-27,youtube,short,156,710,997,1216,0,False
PO07004,CA060,CR0833,2025-06-27,youtube,short,6973,46909,57670,68846,1200,False
PO07005,CA060,CR0390,2025-06-27,youtube,reel,1549,4950,7126,7476,0,False
PO07006,CA060,CR0985,2025-06-27,youtube,short,209,427,725,898,0,False
PO07007,CA060,CR0558,2025-06-27,youtube,short,253,721,955,1142,0,False
PO07008,CA060,CR0669,2025-06-27,youtube,short,100,525,632,776,0,False
PO07009,CA060,CR0065,2025-06-27,youtube,long_form,238,1093,1763,1745,0,False
PO07010,CA060,CR0082,2025-06-27,youtube,long_form,317,1308,1924,1915,0,False
PO07011,CA060,CR0517,2025-06-27,youtube,short,100,334,644,650,0,False
PO07012,CA060,CR0382,2025-06-27,youtube,short,100,1402,6203,7925,0,True
PO07013,CA060,CR0450,2025-06-27,youtube,reel,1588,4718,6538,7674,0,False
PO07014,CA060,CR0939,2025-06-27,youtube,short,100,100,121,124,0,False
PO07015,CA060,CR0122,2025-06-27,youtube,short,500,804,1883,2257,0,False
PO07016,CA060,CR0866,2025-06-27,youtube,short,388,1567,2269,2304,0,False
PO07017,CA060,CR0598,2025-06-27,youtube,reel,2047,6677,18525,18157,300,False
PO07018,CA060,CR0342,2025-06-27,youtube,long_form,990,2835,4226,4590,0,False
PO07019,CA060,CR0419,2025-06-27,youtube,short,945,4867,7042,7629,0,False
PO07020,CA060,CR0972,2025-06-27,youtube,carousel,100,181,366,403,0,False
PO07021,CA060,CR1141,2025-06-27,youtube,reel,184,345,639,706,0,False
PO07022,CA060,CR0217,2025-06-27,youtube,carousel,147,419,987,1043,0,False
PO07023,CA060,CR0052,2025-06-27,youtube,short,167,764,1828,1790,0,False
PO07024,CA060,CR0742,2025-06-27,youtube,carousel,859,1783,3519,3449,0,False
PO07025,CA060,CR0688,2025-06-27,youtube,long_form,116,397,958,959,0,False
PO07026,CA060,CR0117,2025-06-27,youtube,short,108,728,1141,1212,0,False
PO07027,CA060,CR0840,2025-06-27,youtube,reel,248,810,1973,1981,0,False
PO07028,CA060,CR0149,2025-06-27,youtube,long_form,108,315,666,654,0,False
PO07029,CA060,CR0634,2025-06-27,youtube,reel,310,1080,1516,1599,0,False
PO07030,CA060,CR0433,2025-06-27,youtube,long_form,670,2344,4032,4719,0,False
PO07031,CA060,CR1067,2025-06-27,youtube,short,17316,34463,71674,76664,1200,False
PO07032,CA060,CR0671,2025-06-27,youtube,long_form,193,434,785,766,0,False
PO07033,CA060,CR0103,2025-06-27,youtube,reel,11170,27693,55138,62873,1200,False
PO07034,CA060,CR0308,2025-06-27,youtube,long_form,31746,65597,121869,123169,2950,False
PO07035,CA060,CR0581,2025-06-27,youtube,reel,1130,2876,4343,4371,0,False
PO07036,CA060,CR1038,2025-06-27,youtube,reel,689,1483,2352,2719,0,False
PO07037,CA060,CR0734,2025-06-27,youtube,short,784,1726,3103,3455,0,False
PO07038,CA060,CR0781,2025-06-27,youtube,short,130,251,616,637,0,False
PO07039,CA060,CR1083,2025-06-27,youtube,carousel,174,340,3161,4069,0,True
PO07040,CA061,CR0838,2025-06-30,youtube,short,100,180,222,269,0,False
PO07041,CA061,CR0887,2025-06-30,youtube,long_form,3092,8833,13609,16384,950,False
PO07042,CA061,CR1098,2025-06-30,youtube,reel,16774,39135,76685,82649,3800,False
PO07043,CA061,CR0268,2025-06-30,youtube,long_form,3059,17877,25955,30895,950,False
PO07044,CA061,CR0765,2025-06-30,youtube,long_form,153,267,506,632,0,False
PO07045,CA061,CR0833,2025-06-30,youtube,long_form,62727,157663,318479,394113,9500,False
PO07046,CA061,CR0706,2025-06-30,youtube,reel,118,315,501,526,0,False
PO07047,CA061,CR0670,2025-06-30,youtube,long_form,4294,12162,17149,21307,950,False
PO07048,CA061,CR0598,2025-06-30,youtube,long_form,4881,7001,17385,19567,950,False
PO07049,CA061,CR0670,2025-06-30,youtube,long_form,4893,17870,34092,33828,950,False
PO07050,CA061,CR0773,2025-06-30,youtube,short,14358,40836,108605,115258,3800,False
PO07051,CA061,CR0670,2025-06-30,youtube,long_form,2337,8168,18593,21511,950,False
PO07052,CA061,CR1067,2025-06-30,youtube,carousel,596,3725,6192,7228,0,False
PO07053,CA061,CR0099,2025-06-30,youtube,carousel,747,3971,36879,45358,950,True
PO07054,CA061,CR0566,2025-06-30,youtube,long_form,925,3826,4905,5782,0,False
PO07055,CA061,CR0268,2025-06-30,youtube,short,21217,62672,122302,143713,3800,False
PO07056,CA061,CR0366,2025-06-30,youtube,short,25308,62366,95578,104653,3800,False
PO07057,CA061,CR0087,2025-06-30,youtube,short,237229,946910,1569609,1644016,33250,False
PO07058,CA061,CR1167,2025-06-30,youtube,long_form,1453,4242,5740,7094,0,False
PO07059,CA061,CR0366,2025-06-30,youtube,long_form,14422,27649,54740,65896,3800,False
PO07060,CA061,CR0103,2025-06-30,youtube,long_form,1806,7066,16852,19499,950,False
PO07061,CA061,CR0342,2025-06-30,youtube,reel,671,2687,4205,4433,0,False
PO07062,CA061,CR1067,2025-06-30,youtube,reel,27506,142571,267170,279512,9500,False
PO07063,CA061,CR0232,2025-06-30,youtube,short,17290,56611,89314,105580,3800,False
PO07064,CA061,CR0103,2025-06-30,youtube,long_form,2267,5490,9232,9808,0,False
PO07065,CA061,CR0308,2025-06-30,youtube,short,17816,66588,90273,97353,3800,False
PO07066,CA061,CR0099,2025-06-30,youtube,reel,10439,26667,207605,226340,9500,True
PO07067,CA061,CR1167,2025-06-30,youtube,long_form,784,1622,3415,3662,0,False
PO07068,CA061,CR0103,2025-06-30,youtube,short,1751,6585,11900,12573,0,False
PO07069,CA061,CR0450,2025-06-30,youtube,carousel,7348,20693,36898,41235,950,False
PO07070,CA061,CR1167,2025-06-30,youtube,long_form,7946,16076,28376,35448,950,False
PO07071,CA061,CR0308,2025-06-30,youtube,short,12451,58567,84457,85671,3800,False
PO07072,CA061,CR0268,2025-06-30,youtube,reel,199913,530714,872532,932838,33250,False
PO07073,CA061,CR0773,2025-06-30,youtube,reel,9411,38351,45039,55600,950,False
PO07074,CA061,CR0598,2025-06-30,youtube,reel,14474,48534,98248,104948,3800,False
PO07075,CA061,CR1177,2025-06-30,youtube,short,100,443,801,827,0,False
PO07076,CA061,CR1167,2025-06-30,youtube,carousel,8059,34197,71036,81818,3800,False
PO07077,CA061,CR1167,2025-06-30,youtube,reel,18402,106172,172791,202795,9500,False
PO07078,CA061,CR0087,2025-06-30,youtube,short,147633,309476,605031,589295,33250,False
PO07079,CA061,CR0232,2025-06-30,youtube,carousel,5269,11797,23240,23535,950,False
PO07080,CA061,CR0625,2025-06-30,youtube,short,11942,32042,40082,48015,950,False
PO07081,CA061,CR0103,2025-06-30,youtube,short,1828,5345,14320,14741,0,False
PO07082,CA061,CR0887,2025-06-30,youtube,short,9303,16265,34555,39717,950,False
PO07083,CA061,CR0598,2025-06-30,youtube,short,10280,33447,46293,57519,950,False
PO07084,CA061,CR1098,2025-06-30,youtube,short,5805,14870,19157,21637,950,False
PO07085,CA061,CR0816,2025-06-30,youtube,short,97822,155924,315672,360296,9500,False
PO07086,CA061,CR0816,2025-06-30,youtube,short,49750,138264,201342,220532,9500,False
PO07087,CA061,CR0308,2025-06-30,youtube,reel,10103,53377,79842,82265,3800,False
PO07088,CA061,CR0087,2025-06-30,youtube,short,204774,465797,741695,769857,33250,False
PO07089,CA061,CR0087,2025-06-30,youtube,short,66902,182179,223001,272348,9500,False
PO07090,CA061,CR0108,2025-06-30,youtube,long_form,114,440,737,801,0,False
PO07091,CA061,CR0562,2025-06-30,youtube,long_form,300,837,1288,1458,0,False
PO07092,CA061,CR0670,2025-06-30,youtube,short,3037,15594,24419,28038,950,False
PO07093,CA061,CR0670,2025-06-30,youtube,short,9746,32966,49332,60300,3800,False
PO07094,CA061,CR0833,2025-06-30,youtube,short,27215,109568,180182,202824,9500,False
PO07095,CA061,CR1098,2025-06-30,youtube,reel,47372,68527,158147,176050,9500,False
PO07096,CA061,CR0887,2025-06-30,youtube,long_form,50137,151292,225725,231654,9500,False
PO07097,CA061,CR0816,2025-06-30,youtube,reel,25790,55761,107498,112271,3800,False
PO07098,CA061,CR0615,2025-06-30,youtube,reel,298,788,1544,1926,0,False
PO07099,CA061,CR0099,2025-06-30,youtube,long_form,24004,48664,102735,106761,3800,False
PO07100,CA061,CR0087,2025-06-30,youtube,short,7188,11338,20660,25792,950,False
PO07101,CA061,CR0100,2025-06-30,youtube,long_form,5260,24029,62114,64497,3800,False
PO07102,CA061,CR0087,2025-06-30,youtube,carousel,3437,10600,24960,28370,950,False
PO07103,CA061,CR0670,2025-06-30,youtube,short,522,2754,3821,4138,0,False
PO07104,CA061,CR0268,2025-06-30,youtube,reel,8381,22321,34553,36471,950,False
PO07105,CA061,CR0087,2025-06-30,youtube,short,10054,16084,35531,37925,950,False
PO07106,CA061,CR0099,2025-06-30,youtube,long_form,5249,26205,57783,61061,3800,False
PO07107,CA061,CR0670,2025-06-30,youtube,long_form,15329,51076,81743,82877,3800,False
PO07108,CA061,CR0833,2025-06-30,youtube,short,6498,19395,27576,29776,950,False
PO07109,CA061,CR1067,2025-06-30,youtube,long_form,19579,36568,88769,96965,3800,False
PO07110,CA061,CR0100,2025-06-30,youtube,long_form,19093,53315,66671,80039,3800,False
PO07111,CA061,CR0887,2025-06-30,youtube,short,56233,122847,203553,229091,9500,False
PO07112,CA061,CR0103,2025-06-30,youtube,long_form,2362,17884,27543,28734,950,False
PO07113,CA061,CR0100,2025-06-30,youtube,reel,7092,21858,35450,35421,950,False
PO07114,CA061,CR0773,2025-06-30,youtube,short,14616,52254,61315,75632,3800,False
PO07115,CA061,CR0103,2025-06-30,youtube,short,40715,101120,178857,175743,9500,False
PO07116,CA061,CR0103,2025-06-30,youtube,long_form,6476,14679,23205,23350,950,False
PO07117,CA061,CR0366,2025-06-30,youtube,long_form,31336,194258,325071,379260,9500,False
PO07118,CA061,CR0103,2025-06-30,youtube,short,4720,13001,19890,19870,950,False
PO07119,CA061,CR1067,2025-06-30,youtube,reel,20876,34754,90736,88939,3800,False
PO07120,CA061,CR0833,2025-06-30,youtube,short,51335,135268,203355,205897,9500,False
PO07121,CA061,CR0232,2025-06-30,youtube,short,11678,29820,44948,45895,950,False
PO07122,CA061,CR0087,2025-06-30,youtube,reel,21706,53637,120096,131934,3800,False
PO07123,CA061,CR0670,2025-06-30,youtube,short,31327,50478,123291,121231,3800,False
PO07124,CA061,CR0100,2025-06-30,youtube,short,3006,19143,33047,33609,950,False
PO07125,CA061,CR0308,2025-06-30,youtube,short,4780,30123,51796,50825,950,False
PO07126,CA061,CR0366,2025-06-30,youtube,short,22247,74569,105989,107418,3800,False
PO07127,CA061,CR1067,2025-06-30,youtube,long_form,5023,11574,28518,31236,950,False
PO07128,CA061,CR0598,2025-06-30,youtube,short,34212,104970,196726,200271,9500,False
PO07129,CA061,CR1098,2025-06-30,youtube,short,3511,10292,15165,15133,950,False
PO07130,CA061,CR0773,2025-06-30,youtube,long_form,10594,31560,63512,64861,3800,False
PO07131,CA061,CR0670,2025-06-30,youtube,short,19195,41956,63836,79506,3800,False
PO07132,CA061,CR0268,2025-06-30,youtube,short,5327,23429,30687,37815,950,False
PO07133,CA061,CR0308,2025-06-30,youtube,short,131900,560717,840956,1014373,33250,False
PO07134,CA061,CR0444,2025-06-30,youtube,long_form,733,2906,4305,5010,0,False
PO07135,CA061,CR0773,2025-06-30,youtube,reel,10539,29863,38630,42814,950,False
PO07136,CA061,CR0598,2025-06-30,youtube,short,18454,73596,183750,179904,9500,False
PO07137,CA061,CR0089,2025-06-30,youtube,long_form,183,426,667,829,0,False
PO07138,CA061,CR0816,2025-06-30,youtube,long_form,9437,22576,49159,50954,950,False
PO07139,CA061,CR0087,2025-06-30,youtube,short,37738,74581,165667,205877,9500,False
PO07140,CA061,CR0833,2025-06-30,youtube,short,4879,15152,26624,27037,950,False
PO07141,CA061,CR0264,2025-06-30,youtube,short,548,1471,2683,3283,0,False
PO07142,CA061,CR1098,2025-06-30,youtube,short,17979,42263,104238,117523,3800,False
PO07143,CA061,CR1098,2025-06-30,youtube,short,55837,214564,1222188,1288493,33250,True
PO07144,CA061,CR0103,2025-06-30,youtube,short,8773,15642,34697,38253,950,False
PO07145,CA061,CR0103,2025-06-30,youtube,short,2653,10786,19329,20150,950,False
PO07146,CA061,CR0816,2025-06-30,youtube,short,4666,36700,174320,184553,9500,True
PO07147,CA061,CR0099,2025-06-30,youtube,short,20261,62494,83422,103564,3800,False
PO07148,CA061,CR0833,2025-06-30,youtube,long_form,16417,52970,117875,133242,3800,False
PO07149,CA061,CR0308,2025-06-30,youtube,long_form,31315,107931,272819,290403,9500,False
PO07150,CA061,CR0087,2025-06-30,youtube,carousel,18779,63896,117661,120884,3800,False
PO07151,CA061,CR0087,2025-06-30,youtube,short,27697,103746,246557,266018,9500,False
PO07152,CA061,CR0450,2025-06-30,youtube,long_form,3126,15136,26395,32544,950,False
PO07153,CA061,CR0598,2025-06-30,youtube,short,29082,81384,161664,169054,9500,False
PO07154,CA061,CR1067,2025-06-30,youtube,long_form,26815,75369,146357,142689,3800,False
PO07155,CA061,CR0308,2025-06-30,youtube,long_form,80985,138756,341981,386530,9500,False
PO07156,CA061,CR1067,2025-06-30,youtube,long_form,11925,79890,120021,146468,3800,False
PO07157,CA061,CR0175,2025-06-30,youtube,long_form,2722,7548,13474,15980,950,False
PO07158,CA061,CR0833,2025-06-30,youtube,short,2885,11710,27503,28889,950,False
PO07159,CA061,CR1167,2025-06-30,youtube,short,2680,36482,199221,216545,9500,True
PO07160,CA061,CR0450,2025-06-30,youtube,short,5316,14686,23580,23210,950,False
PO07161,CA061,CR1167,2025-06-30,youtube,carousel,22815,32906,72375,83746,3800,False
PO07162,CA061,CR0232,2025-06-30,youtube,long_form,5961,19992,27841,32263,950,False
PO07163,CA061,CR0074,2025-06-30,youtube,short,100,458,669,768,0,False
PO07164,CA061,CR0887,2025-06-30,youtube,short,34474,75615,148120,162369,9500,False
PO07165,CA061,CR0103,2025-06-30,youtube,long_form,2846,4022,9819,10949,0,False
PO07166,CA061,CR0773,2025-06-30,youtube,long_form,4259,16841,30190,31069,950,False
PO07167,CA061,CR0866,2025-06-30,youtube,short,257,755,5191,5665,0,True
PO07168,CA061,CR0670,2025-06-30,youtube,long_form,1140,2333,5156,5726,0,False
PO07169,CA061,CR0450,2025-06-30,youtube,short,3096,11660,18462,18511,950,False
PO07170,CA061,CR0870,2025-06-30,youtube,long_form,1591,3663,7452,8315,0,False
PO07171,CA061,CR0166,2025-06-30,youtube,long_form,100,100,144,151,0,False
PO07172,CA061,CR0023,2025-06-30,youtube,short,202,1367,2114,2244,0,False
PO07173,CA061,CR0683,2025-06-30,youtube,long_form,788,1562,3065,3408,0,False
PO07174,CA061,CR0087,2025-06-30,youtube,long_form,35965,92405,126019,149509,9500,False
PO07175,CA061,CR0833,2025-06-30,youtube,short,95293,348525,492668,503043,9500,False
PO07176,CA061,CR0773,2025-06-30,youtube,short,3097,13923,35772,37054,950,False
PO07177,CA061,CR0366,2025-06-30,youtube,short,42540,305830,459360,449054,9500,False
PO07178,CA061,CR0816,2025-06-30,youtube,reel,8319,28766,35356,41266,950,False
PO07179,CA061,CR0232,2025-06-30,youtube,long_form,4001,18478,29390,32859,950,False
PO07180,CA061,CR0833,2025-06-30,youtube,short,6128,16644,41810,43756,950,False
PO07181,CA061,CR0455,2025-06-30,youtube,short,315,507,1146,1211,0,False
PO07182,CA061,CR0833,2025-06-30,youtube,long_form,8908,13275,26749,33052,950,False
PO07183,CA061,CR0232,2025-06-30,youtube,short,9143,50646,96735,109871,3800,False
PO07184,CA061,CR1167,2025-06-30,youtube,long_form,7444,14488,23008,27893,950,False
PO07185,CA061,CR0816,2025-06-30,youtube,reel,16130,44086,75398,89324,3800,False
PO07186,CA061,CR1067,2025-06-30,youtube,long_form,3871,11662,17069,17869,950,False
PO07187,CA061,CR1067,2025-06-30,youtube,reel,12266,71169,89923,104802,3800,False
PO07188,CA061,CR0268,2025-06-30,youtube,long_form,46060,117640,266238,269152,9500,False
PO07189,CA061,CR1167,2025-06-30,youtube,long_form,5106,12381,20097,22395,950,False
PO07190,CA061,CR0087,2025-06-30,youtube,long_form,33470,128969,244530,292536,9500,False
PO07191,CA061,CR0232,2025-06-30,youtube,short,5156,16508,30652,37768,950,False
PO07192,CA061,CR0232,2025-06-30,youtube,short,2115,8050,16459,18087,950,False
PO07193,CA061,CR0103,2025-06-30,youtube,short,1083,7781,11983,11823,0,False
PO07194,CA061,CR0833,2025-06-30,youtube,carousel,53343,173022,393179,418888,9500,False
PO07195,CA061,CR0598,2025-06-30,youtube,short,39317,167705,269555,286538,9500,False
PO07196,CA061,CR0887,2025-06-30,youtube,short,12904,21025,50961,52411,950,False
PO07197,CA061,CR0887,2025-06-30,youtube,reel,22891,67056,129548,142747,3800,False
PO07198,CA061,CR0598,2025-06-30,youtube,long_form,15502,70486,97805,102172,3800,False
PO07199,CA061,CR0598,2025-06-30,youtube,long_form,8072,53593,80948,84271,3800,False
PO07200,CA061,CR0693,2025-06-30,youtube,long_form,2072,9197,64247,76786,3800,True
PO07201,CA061,CR0773,2025-06-30,youtube,short,10436,25171,53424,58225,950,False
PO07202,CA061,CR0268,2025-06-30,youtube,short,51952,221290,367111,388858,9500,False
PO07203,CA061,CR0670,2025-06-30,youtube,short,3858,5540,12612,15438,950,False
PO07204,CA061,CR1098,2025-06-30,youtube,short,7656,29358,50662,50855,950,False
PO07205,CA061,CR0670,2025-06-30,youtube,short,21204,27099,63486,75915,3800,False
PO07206,CA061,CR0703,2025-06-30,youtube,short,115,721,1150,1361,0,False
PO07207,CA061,CR0450,2025-06-30,youtube,short,897,2425,3221,3648,0,False
PO07208,CA061,CR0196,2025-06-30,youtube,short,100,187,332,339,0,False
PO07209,CA061,CR1167,2025-06-30,youtube,short,4700,9579,17599,18983,950,False
PO07210,CA061,CR1067,2025-06-30,youtube,short,31837,69205,177807,179763,9500,False
PO07211,CA061,CR0087,2025-06-30,youtube,reel,7528,11060,23657,29353,950,False
PO07212,CA061,CR0524,2025-06-30,youtube,short,1796,5528,8740,8497,0,False
PO07213,CA061,CR0816,2025-06-30,youtube,long_form,2898,19180,29961,30814,950,False
PO07214,CA061,CR0232,2025-06-30,youtube,short,9155,30412,42334,50997,950,False
PO07215,CA061,CR1067,2025-06-30,youtube,short,3102,12484,80555,86158,3800,True
PO07216,CA061,CR0268,2025-06-30,youtube,short,21868,80584,113525,129464,3800,False
PO07217,CA061,CR1067,2025-06-30,youtube,short,50730,93235,186436,208899,9500,False
PO07218,CA061,CR0598,2025-06-30,youtube,short,18622,57337,88194,90695,3800,False
PO07219,CA061,CR0833,2025-06-30,youtube,short,25597,79830,121050,121872,3800,False
PO07220,CA061,CR0232,2025-06-30,youtube,long_form,8758,21739,52742,56384,950,False
PO07221,CA061,CR0268,2025-06-30,youtube,short,18595,42765,67774,71784,3800,False
PO07222,CA061,CR0712,2025-06-30,youtube,reel,233,1174,1714,1773,0,False
PO07223,CA061,CR1031,2025-06-30,youtube,short,12214,56002,78526,94874,3800,False
PO07224,CA062,CR0129,2025-07-03,youtube,short,117,688,919,986,0,False
PO07225,CA062,CR0955,2025-07-03,youtube,reel,183,712,1348,1570,0,False
PO07226,CA062,CR0366,2025-07-03,youtube,short,14942,39963,283650,349783,20800,True
PO07227,CA062,CR0913,2025-07-03,youtube,long_form,100,185,244,302,0,False
PO07228,CA062,CR0124,2025-07-03,youtube,reel,100,100,100,100,0,False
PO07229,CA062,CR0060,2025-07-03,youtube,short,100,204,429,427,0,False
PO07230,CA062,CR1162,2025-07-03,youtube,short,193,727,1017,1047,0,False
PO07231,CA062,CR0156,2025-07-03,youtube,long_form,100,273,396,398,0,False
PO07232,CA062,CR0728,2025-07-03,youtube,short,150,387,639,685,0,False
PO07233,CA062,CR1177,2025-07-03,youtube,long_form,100,100,151,150,0,False
PO07234,CA062,CR0906,2025-07-03,youtube,long_form,11223,37245,72415,82718,5950,False
PO07235,CA062,CR0087,2025-07-03,youtube,short,40316,187694,285761,302594,20800,False
PO07236,CA062,CR0573,2025-07-03,youtube,short,10433,18337,47940,50738,2400,False
PO07237,CA062,CR0912,2025-07-03,youtube,short,100,313,3337,3565,0,True
PO07238,CA062,CR0232,2025-07-03,youtube,reel,95030,261834,402156,404264,20800,False
PO07239,CA062,CR0947,2025-07-03,youtube,carousel,100,120,188,186,0,False
PO07240,CA062,CR0056,2025-07-03,youtube,short,231,322,879,916,0,False
PO07241,CA062,CR0551,2025-07-03,youtube,short,100,192,294,360,0,False
PO07242,CA062,CR0939,2025-07-03,youtube,short,152,339,792,779,0,False
PO07243,CA062,CR0577,2025-07-03,youtube,short,127,323,430,529,0,False
PO07244,CA062,CR0783,2025-07-03,youtube,short,100,240,332,358,0,False
PO07245,CA062,CR0517,2025-07-03,youtube,long_form,100,367,579,591,0,False
PO07246,CA062,CR1046,2025-07-03,youtube,short,982,2831,4731,4677,0,False
PO07247,CA062,CR0368,2025-07-03,youtube,short,742,1216,2324,2693,0,False
PO07248,CA062,CR0364,2025-07-03,youtube,long_form,173,393,535,624,0,False
PO07249,CA062,CR1078,2025-07-03,youtube,carousel,298,1085,1652,1861,0,False
PO07250,CA062,CR0759,2025-07-03,youtube,short,235,775,1185,1438,0,False
PO07251,CA062,CR0654,2025-07-03,youtube,carousel,183,554,728,793,0,False
PO07252,CA062,CR1082,2025-07-03,youtube,long_form,100,294,425,467,0,False
PO07253,CA062,CR0308,2025-07-03,youtube,short,208011,352718,656234,769180,20800,False
PO07254,CA062,CR1034,2025-07-03,youtube,long_form,100,100,199,199,0,False
PO07255,CA062,CR0860,2025-07-03,youtube,short,112,348,512,551,0,False
PO07256,CA062,CR0917,2025-07-03,youtube,short,100,100,100,100,0,False
PO07257,CA062,CR0437,2025-07-03,youtube,reel,477,1186,1567,1858,0,False
PO07258,CA062,CR1186,2025-07-03,youtube,reel,672,1587,2622,2684,0,False
PO07259,CA062,CR1178,2025-07-03,youtube,short,368,1124,1422,1663,0,False
PO07260,CA062,CR1000,2025-07-03,youtube,long_form,100,212,383,373,0,False
PO07261,CA062,CR1119,2025-07-03,youtube,short,195,810,1279,1365,0,False
PO07262,CA062,CR0795,2025-07-03,youtube,short,129,347,524,510,0,False
PO07263,CA062,CR0045,2025-07-03,youtube,reel,100,100,176,184,0,False
PO07264,CA062,CR0775,2025-07-03,youtube,carousel,100,327,1644,1982,0,True
PO07265,CA062,CR0598,2025-07-03,youtube,reel,15657,40366,69571,78123,5950,False
PO07266,CA062,CR0114,2025-07-03,youtube,short,1643,10149,16555,16175,600,False
PO07267,CA062,CR0892,2025-07-03,youtube,short,206,1275,1838,2010,0,False
PO07268,CA062,CR0894,2025-07-03,youtube,short,258,591,1266,1351,0,False
PO07269,CA062,CR1135,2025-07-03,youtube,reel,638,1143,2764,2810,0,False
PO07270,CA062,CR0697,2025-07-03,youtube,reel,309,473,1272,1311,0,False
PO07271,CA062,CR0640,2025-07-03,youtube,short,3337,18012,26404,30574,2400,False
PO07272,CA062,CR0893,2025-07-03,youtube,short,173,591,1204,1397,0,False
PO07273,CA062,CR1151,2025-07-03,youtube,short,100,158,250,266,0,False
PO07274,CA062,CR0183,2025-07-03,youtube,short,100,131,298,296,0,False
PO07275,CA062,CR0934,2025-07-03,youtube,long_form,437,1004,1477,1810,0,False
PO07276,CA062,CR1040,2025-07-03,youtube,long_form,578,1669,2398,2528,0,False
PO07277,CA062,CR1063,2025-07-03,youtube,long_form,100,208,363,407,0,False
PO07278,CA062,CR1053,2025-07-03,youtube,short,280,686,1181,1151,0,False
PO07279,CA062,CR0234,2025-07-03,youtube,short,256,1046,2128,2445,0,False
PO07280,CA062,CR0830,2025-07-03,youtube,short,100,138,270,336,0,False
PO07281,CA062,CR0089,2025-07-03,youtube,reel,348,1219,2852,2959,0,False
PO07282,CA062,CR0522,2025-07-03,youtube,carousel,465,1827,2821,3188,0,False
PO07283,CA062,CR0009,2025-07-03,youtube,short,309,2028,3522,3560,0,False
PO07284,CA062,CR0128,2025-07-03,youtube,carousel,167,409,759,924,0,False
PO07285,CA062,CR1122,2025-07-03,youtube,short,236,849,1162,1369,0,False
PO07286,CA062,CR0715,2025-07-03,youtube,long_form,182,373,643,781,0,False
PO07287,CA062,CR0701,2025-07-03,youtube,carousel,100,417,2108,2550,0,True
PO07288,CA062,CR0198,2025-07-03,youtube,short,100,104,211,249,0,False
PO07289,CA062,CR0867,2025-07-03,youtube,short,100,105,185,215,0,False
PO07290,CA063,CR0138,2025-07-06,instagram,reel,33717,49509,106512,127762,7800,False
PO07291,CA063,CR1051,2025-07-06,instagram,reel,36423,140751,300377,301502,7800,False
PO07292,CA063,CR0973,2025-07-06,instagram,reel,26375,55399,110645,116183,7800,False
PO07293,CA063,CR1096,2025-07-06,instagram,long_form,111,157,340,416,0,False
PO07294,CA063,CR0309,2025-07-06,instagram,short,164,242,508,615,0,False
PO07295,CA063,CR0242,2025-07-06,instagram,reel,101,343,412,508,0,False
PO07296,CA063,CR0508,2025-07-06,instagram,reel,30831,103685,180867,187465,7800,False
PO07297,CA063,CR0239,2025-07-06,instagram,reel,100,100,232,242,0,False
PO07298,CA063,CR0055,2025-07-06,instagram,reel,1398,2451,5568,6286,0,False
PO07299,CA063,CR0619,2025-07-06,instagram,short,100,100,134,156,0,False
PO07300,CA063,CR0493,2025-07-06,instagram,reel,51793,73006,192630,200528,7800,False
PO07301,CA063,CR0604,2025-07-06,instagram,reel,100,175,232,274,0,False
PO07302,CA063,CR0624,2025-07-06,instagram,short,2231,7700,14289,14887,800,False
PO07303,CA063,CR0160,2025-07-06,instagram,reel,18527,32314,89779,88598,3100,False
PO07304,CA063,CR0502,2025-07-06,instagram,short,100,344,558,557,0,False
PO07305,CA063,CR0186,2025-07-06,instagram,reel,1154,2829,5808,5946,0,False
PO07306,CA063,CR1101,2025-07-06,instagram,reel,1062,1990,4568,5385,0,False
PO07307,CA063,CR0218,2025-07-06,instagram,reel,1535,11016,14152,16251,800,False
PO07308,CA063,CR0112,2025-07-06,instagram,carousel,161,323,701,685,0,False
PO07309,CA063,CR0716,2025-07-06,instagram,carousel,100,199,2108,2380,0,True
PO07310,CA063,CR0385,2025-07-06,instagram,reel,862,3689,5803,6209,0,False
PO07311,CA063,CR0243,2025-07-06,instagram,reel,4870,9048,17948,21919,800,False
PO07312,CA063,CR0177,2025-07-06,instagram,carousel,100,686,1140,1170,0,False
PO07313,CA063,CR0335,2025-07-06,instagram,reel,361,961,1242,1523,0,False
PO07314,CA063,CR0740,2025-07-06,instagram,reel,518,1505,2161,2240,0,False
PO07315,CA063,CR0107,2025-07-06,instagram,reel,228,762,7299,8144,0,True
PO07316,CA063,CR0911,2025-07-06,instagram,carousel,1116,6917,8754,10360,800,False
PO07317,CA063,CR0975,2025-07-06,instagram,reel,539,1847,3734,3847,0,False
PO07318,CA063,CR0048,2025-07-06,instagram,short,287,1736,14574,15358,800,True
PO07319,CA063,CR0126,2025-07-06,instagram,reel,100,203,322,322,0,False
PO07320,CA063,CR0321,2025-07-06,instagram,reel,100,155,1281,1548,0,True
PO07321,CA063,CR0265,2025-07-06,instagram,short,1340,5665,9511,9582,0,False
PO07322,CA063,CR0805,2025-07-06,instagram,reel,100,541,882,954,0,False
PO07323,CA063,CR0153,2025-07-06,instagram,reel,940,1995,2833,3482,0,False
PO07324,CA063,CR0882,2025-07-06,instagram,reel,412,2501,4757,4620,0,False
PO07325,CA063,CR0425,2025-07-06,instagram,reel,323,720,1500,1620,0,False
PO07326,CA063,CR1002,2025-07-06,instagram,reel,186,372,904,926,0,False
PO07327,CA063,CR0851,2025-07-06,instagram,reel,110,255,433,446,0,False
PO07328,CA063,CR0819,2025-07-06,instagram,short,105,556,729,816,0,False
PO07329,CA063,CR0662,2025-07-06,instagram,short,116,569,1074,1157,0,False
PO07330,CA063,CR0147,2025-07-06,instagram,short,166,278,775,787,0,False
PO07331,CA063,CR0589,2025-07-06,instagram,short,766,2827,4982,5270,0,False
PO07332,CA063,CR1175,2025-07-06,instagram,short,48467,178643,259132,274161,7800,False
PO07333,CA063,CR0516,2025-07-06,instagram,short,11862,28498,40710,44422,3100,False
PO07334,CA063,CR1147,2025-07-06,instagram,reel,152,825,1046,1215,0,False
PO07335,CA063,CR1017,2025-07-06,instagram,reel,100,182,332,379,0,False
PO07336,CA063,CR0163,2025-07-06,instagram,reel,411,1288,2109,2083,0,False
PO07337,CA063,CR1076,2025-07-06,instagram,reel,144,396,2711,3131,0,True
PO07338,CA063,CR0745,2025-07-06,instagram,short,123,691,4210,5066,0,True
PO07339,CA063,CR0013,2025-07-06,instagram,reel,260,1365,2284,2793,0,False
PO07340,CA063,CR0379,2025-07-06,instagram,reel,495,2024,3245,3313,0,False
PO07341,CA063,CR0989,2025-07-06,instagram,short,100,100,162,176,0,False
PO07342,CA063,CR1134,2025-07-06,instagram,reel,112,210,418,422,0,False
PO07343,CA063,CR0253,2025-07-06,instagram,reel,189,711,1001,1084,0,False
PO07344,CA063,CR0416,2025-07-06,instagram,reel,100,171,355,370,0,False
PO07345,CA063,CR0389,2025-07-06,instagram,short,430,1801,3331,3474,0,False
PO07346,CA063,CR0611,2025-07-06,instagram,reel,4951,7070,15359,17943,800,False
PO07347,CA063,CR0678,2025-07-06,instagram,reel,188,909,1831,1807,0,False
PO07348,CA063,CR0017,2025-07-06,instagram,reel,161,870,1757,1738,0,False
PO07349,CA063,CR0121,2025-07-06,instagram,reel,331,879,1930,1996,0,False
PO07350,CA063,CR0496,2025-07-06,instagram,reel,554,1243,1693,2036,0,False
PO07351,CA063,CR0739,2025-07-06,instagram,reel,121,484,666,810,0,False
PO07352,CA063,CR1088,2025-07-06,instagram,reel,163,797,1386,1529,0,False
PO07353,CA063,CR1041,2025-07-06,instagram,carousel,3877,10417,16413,16768,800,False
PO07354,CA063,CR0324,2025-07-06,instagram,short,154,346,2579,3181,0,True
PO07355,CA063,CR0448,2025-07-06,instagram,reel,8336,30280,53079,51871,3100,False
PO07356,CA063,CR0722,2025-07-06,instagram,reel,100,100,135,145,0,False
PO07357,CA063,CR0548,2025-07-06,instagram,carousel,207,344,801,891,0,False
PO07358,CA063,CR0540,2025-07-06,instagram,reel,100,309,447,457,0,False
PO07359,CA063,CR0848,2025-07-06,instagram,reel,309,841,1364,1539,0,False
PO07360,CA063,CR0836,2025-07-06,instagram,carousel,100,138,214,255,0,False
PO07361,CA063,CR0279,2025-07-06,instagram,reel,100,257,492,542,0,False
PO07362,CA063,CR0919,2025-07-06,instagram,reel,174,314,3126,3757,0,True
PO07363,CA063,CR0676,2025-07-06,instagram,reel,115,274,563,660,0,False
PO07364,CA063,CR0651,2025-07-06,instagram,short,102,317,622,714,0,False
PO07365,CA063,CR0672,2025-07-06,instagram,reel,360,1265,1728,1874,0,False
PO07366,CA063,CR0606,2025-07-06,instagram,reel,300,1093,1499,1776,0,False
PO07367,CA063,CR0698,2025-07-06,instagram,short,1159,2454,5681,6590,0,False
PO07368,CA063,CR0738,2025-07-06,instagram,reel,101,291,455,447,0,False
PO07369,CA063,CR0251,2025-07-06,instagram,short,2213,5019,9045,9332,0,False
PO07370,CA063,CR0904,2025-07-06,instagram,reel,100,363,545,616,0,False
PO07371,CA063,CR1168,2025-07-06,instagram,short,252,578,1101,1167,0,False
PO07372,CA063,CR0628,2025-07-06,instagram,long_form,202,983,1606,1918,0,False
PO07373,CA063,CR0602,2025-07-06,instagram,short,191,527,1216,1192,0,False
PO07374,CA063,CR0414,2025-07-06,instagram,reel,1319,5681,7581,9395,0,False
PO07375,CA063,CR0702,2025-07-06,instagram,short,109,265,726,745,0,False
PO07376,CA063,CR0777,2025-07-06,instagram,reel,598,984,2241,2258,0,False
PO07377,CA063,CR0667,2025-07-06,instagram,short,225,1570,1859,2308,0,False
PO07378,CA063,CR0539,2025-07-06,instagram,reel,100,202,510,514,0,False
PO07379,CA063,CR0120,2025-07-06,instagram,short,1635,2662,5434,6216,0,False
PO07380,CA063,CR0134,2025-07-06,instagram,carousel,161,1006,1334,1446,0,False
PO07381,CA063,CR0237,2025-07-06,instagram,long_form,108,205,421,432,0,False
PO07382,CA063,CR0924,2025-07-06,instagram,reel,170,707,1169,1172,0,False
PO07383,CA063,CR0612,2025-07-06,instagram,long_form,100,100,113,112,0,False
PO07384,CA063,CR0292,2025-07-06,instagram,short,288,1730,3442,3402,0,False
PO07385,CA063,CR0649,2025-07-06,instagram,reel,100,177,314,384,0,False
PO07386,CA063,CR0231,2025-07-06,instagram,short,11255,16321,40969,44719,3100,False
PO07387,CA063,CR0967,2025-07-06,instagram,short,1176,3565,9560,9520,0,False
PO07388,CA063,CR0753,2025-07-06,instagram,reel,100,100,100,100,0,False
PO07389,CA063,CR0875,2025-07-06,instagram,long_form,161,478,1128,1139,0,False
PO07390,CA063,CR0428,2025-07-06,instagram,long_form,100,100,125,140,0,False
PO07391,CA063,CR0033,2025-07-06,instagram,long_form,621,1653,3820,4399,0,False
PO07392,CA063,CR0477,2025-07-06,instagram,reel,255,696,1002,1032,0,False
PO07393,CA063,CR0494,2025-07-06,instagram,short,137,490,1089,1191,0,False
PO07394,CA063,CR0334,2025-07-06,instagram,short,191,292,647,743,0,False
PO07395,CA063,CR0933,2025-07-06,instagram,carousel,227,1205,4850,6093,0,True
PO07396,CA063,CR0711,2025-07-06,instagram,reel,364,830,1133,1308,0,False
PO07397,CA063,CR0362,2025-07-06,instagram,short,8673,21121,39626,41915,3100,False
PO07398,CA063,CR0854,2025-07-06,instagram,short,185,783,1510,1674,0,False
PO07399,CA063,CR0487,2025-07-06,instagram,carousel,306,893,1868,2076,0,False
PO07400,CA063,CR0080,2025-07-06,instagram,reel,237,686,975,1091,0,False
PO07401,CA063,CR1070,2025-07-06,instagram,reel,571,1277,1874,2318,0,False
PO07402,CA063,CR0047,2025-07-06,instagram,short,120,389,731,745,0,False
PO07403,CA063,CR0191,2025-07-06,instagram,short,330,482,1069,1311,0,False
PO07404,CA063,CR0330,2025-07-06,instagram,reel,295,465,1122,1169,0,False
PO07405,CA063,CR0605,2025-07-06,instagram,long_form,8325,13447,28435,33529,800,False
PO07406,CA063,CR1149,2025-07-06,instagram,long_form,100,217,426,486,0,False
PO07407,CA063,CR0427,2025-07-06,instagram,short,331,454,1143,1285,0,False
PO07408,CA063,CR1124,2025-07-06,instagram,reel,303,539,1170,1174,0,False
PO07409,CA063,CR0515,2025-07-06,instagram,reel,564,2745,4115,4456,0,False
PO07410,CA063,CR0357,2025-07-06,instagram,reel,398,738,2062,2022,0,False
PO07411,CA063,CR0136,2025-07-06,instagram,reel,111,496,1151,1150,0,False
PO07412,CA063,CR0982,2025-07-06,instagram,reel,169,704,1147,1124,0,False
PO07413,CA063,CR0788,2025-07-06,instagram,short,311,1232,1891,1942,0,False
PO07414,CA063,CR0928,2025-07-06,instagram,reel,5500,12206,20639,22323,800,False
PO07415,CA063,CR1104,2025-07-06,instagram,short,3477,14760,29523,36366,800,False
PO07416,CA063,CR0078,2025-07-06,instagram,short,100,169,254,256,0,False
PO07417,CA063,CR0127,2025-07-06,instagram,reel,100,189,985,1137,0,True
PO07418,CA063,CR0405,2025-07-06,instagram,reel,5723,9109,18668,22027,800,False
PO07419,CA063,CR0022,2025-07-06,instagram,short,248,1831,2795,2716,0,False
PO07420,CA063,CR0915,2025-07-06,instagram,reel,2373,4139,9348,10251,800,False
PO07421,CA063,CR1115,2025-07-06,instagram,reel,100,207,356,401,0,False
PO07422,CA064,CR0932,2025-07-09,instagram,reel,15150,70767,111579,116703,7000,False
PO07423,CA064,CR0685,2025-07-09,instagram,reel,1070,1974,3941,4225,0,False
PO07424,CA064,CR1185,2025-07-09,instagram,carousel,296,566,1444,1407,0,False
PO07425,CA064,CR1194,2025-07-09,instagram,short,851,2472,5632,5598,0,False
PO07426,CA064,CR0909,2025-07-09,instagram,short,6014,14805,29814,35702,2800,False
PO07427,CA064,CR1052,2025-07-09,instagram,carousel,404,1190,1939,2157,0,False
PO07428,CA064,CR0077,2025-07-09,instagram,carousel,3686,5639,13438,13210,700,False
PO07429,CA064,CR0213,2025-07-09,instagram,long_form,993,4681,10193,11423,700,False
PO07430,CA064,CR0521,2025-07-09,instagram,short,129,1365,7627,10093,700,True
PO07431,CA064,CR0747,2025-07-09,instagram,reel,4585,15864,23948,24073,700,False
PO07432,CA064,CR0905,2025-07-09,instagram,reel,13283,42251,51530,62909,2800,False
PO07433,CA064,CR1029,2025-07-09,instagram,carousel,992,5195,9736,10820,700,False
PO07434,CA064,CR0448,2025-07-09,instagram,reel,6942,37225,48801,56779,2800,False
PO07435,CA064,CR0648,2025-07-09,instagram,long_form,3969,7258,14138,16232,700,False
PO07436,CA064,CR1190,2025-07-09,instagram,reel,1568,11266,13382,16482,700,False
PO07437,CA064,CR0858,2025-07-09,instagram,long_form,572,1556,2735,2869,0,False
PO07438,CA064,CR0762,2025-07-09,instagram,short,897,4442,6736,7499,0,False
PO07439,CA064,CR1113,2025-07-09,instagram,carousel,100,165,970,1087,0,True
PO07440,CA064,CR1179,2025-07-09,instagram,short,1455,3376,8381,8720,0,False
PO07441,CA064,CR0707,2025-07-09,instagram,reel,1304,3786,8344,8890,0,False
PO07442,CA064,CR0284,2025-07-09,instagram,reel,401,1301,2153,2361,0,False
PO07443,CA064,CR0248,2025-07-09,instagram,long_form,7972,26695,41928,45365,2800,False
PO07444,CA064,CR0101,2025-07-09,instagram,reel,1839,6335,13079,13607,700,False
PO07445,CA064,CR0079,2025-07-09,instagram,short,397,844,1535,1600,0,False
PO07446,CA064,CR0356,2025-07-09,instagram,reel,353,772,1606,1705,0,False
PO07447,CA064,CR1159,2025-07-09,instagram,reel,495,1765,2341,2548,0,False
PO07448,CA064,CR0831,2025-07-09,instagram,reel,316,1243,6163,6758,0,True
PO07449,CA064,CR0767,2025-07-09,instagram,reel,68767,199794,318828,332282,24450,False
PO07450,CA064,CR1176,2025-07-09,instagram,reel,828,1594,2771,3153,0,False
PO07451,CA064,CR0174,2025-07-09,instagram,long_form,286,1970,2740,3011,0,False
PO07452,CA064,CR0778,2025-07-09,instagram,reel,345,1557,2320,2258,0,False
PO07453,CA064,CR0377,2025-07-09,instagram,reel,3044,5780,12635,13016,700,False
PO07454,CA064,CR1133,2025-07-09,instagram,carousel,100,239,472,497,0,False
PO07455,CA064,CR0700,2025-07-09,instagram,reel,9496,21896,34579,36770,2800,False
PO07456,CA064,CR0019,2025-07-09,instagram,reel,634,2502,3322,3785,0,False
PO07457,CA064,CR0891,2025-07-09,instagram,short,4811,14162,28185,27702,700,False
PO07458,CA064,CR0031,2025-07-09,instagram,reel,1191,3620,4853,5932,0,False
PO07459,CA064,CR0720,2025-07-09,instagram,short,841,3870,6143,6259,0,False
PO07460,CA064,CR0596,2025-07-09,instagram,reel,251,937,1248,1505,0,False
PO07461,CA064,CR0384,2025-07-09,instagram,reel,4714,10121,14227,17750,700,False
PO07462,CA064,CR0119,2025-07-09,instagram,reel,725,3045,5519,5544,0,False
PO07463,CA064,CR0289,2025-07-09,instagram,long_form,500,2175,4044,4612,0,False
PO07464,CA064,CR0794,2025-07-09,instagram,carousel,823,2254,4521,5065,0,False
PO07465,CA064,CR0865,2025-07-09,instagram,reel,100,181,391,433,0,False
PO07466,CA064,CR0876,2025-07-09,instagram,reel,6327,27081,160227,182246,7000,True
PO07467,CA064,CR0360,2025-07-09,instagram,carousel,100,255,1370,1473,0,True
PO07468,CA064,CR0307,2025-07-09,instagram,short,4614,11041,25233,29114,700,False
PO07469,CA064,CR0626,2025-07-09,instagram,short,3441,9691,15060,14730,700,False
PO07470,CA064,CR0911,2025-07-09,instagram,short,11452,59141,98069,97179,7000,False
PO07471,CA064,CR0727,2025-07-09,instagram,reel,1834,10516,18327,18475,700,False
PO07472,CA064,CR0472,2025-07-09,instagram,reel,3458,5649,12187,13226,700,False
PO07473,CA064,CR0873,2025-07-09,instagram,reel,188,654,1446,1635,0,False
PO07474,CA064,CR0709,2025-07-09,instagram,reel,2471,3436,8602,9783,700,False
PO07475,CA064,CR0959,2025-07-09,instagram,reel,11304,21987,43099,52565,2800,False
PO07476,CA064,CR0131,2025-07-09,instagram,short,133,565,956,1037,0,False
PO07477,CA064,CR0476,2025-07-09,instagram,short,280,762,2078,2127,0,False
PO07478,CA064,CR0538,2025-07-09,instagram,carousel,100,122,258,255,0,False
PO07479,CA064,CR1103,2025-07-09,instagram,reel,1744,3977,5856,6727,0,False
PO07480,CA064,CR0195,2025-07-09,instagram,long_form,804,2535,5240,5297,0,False
PO07481,CA064,CR0152,2025-07-09,instagram,reel,100,100,113,133,0,False
PO07482,CA064,CR0440,2025-07-09,instagram,reel,846,1539,4027,4228,0,False
PO07483,CA064,CR0846,2025-07-09,instagram,short,340,1404,1662,2025,0,False
PO07484,CA064,CR0735,2025-07-09,instagram,short,845,1637,4080,4109,0,False
PO07485,CA064,CR0796,2025-07-09,instagram,reel,3695,18738,31140,33571,700,False
PO07486,CA064,CR0694,2025-07-09,instagram,reel,345,1393,3202,3205,0,False
PO07487,CA064,CR0481,2025-07-09,instagram,reel,1850,4715,8084,9167,700,False
PO07488,CA064,CR0790,2025-07-09,instagram,reel,2990,10287,18464,22190,700,False
PO07489,CA064,CR0245,2025-07-09,instagram,reel,813,1202,2804,3026,0,False
PO07490,CA064,CR0897,2025-07-09,instagram,reel,250,1069,6810,7899,0,True
PO07491,CA064,CR0214,2025-07-09,instagram,short,980,1478,3443,3863,0,False
PO07492,CA064,CR0999,2025-07-09,instagram,reel,897,2340,3642,4004,0,False
PO07493,CA064,CR0331,2025-07-09,instagram,reel,2653,7259,14940,15603,700,False
PO07494,CA064,CR0916,2025-07-09,instagram,reel,3159,7781,12054,12145,700,False
PO07495,CA064,CR0568,2025-07-09,instagram,reel,1659,2271,5008,6248,0,False
PO07496,CA064,CR0528,2025-07-09,instagram,reel,6111,12948,33705,35331,700,False
PO07497,CA064,CR1049,2025-07-09,instagram,reel,255,926,1107,1383,0,False
PO07498,CA064,CR0109,2025-07-09,instagram,short,100,421,654,780,0,False
PO07499,CA064,CR0673,2025-07-09,instagram,long_form,498,1018,1896,2291,0,False
PO07500,CA064,CR0534,2025-07-09,instagram,reel,34942,266893,415778,428569,24450,False
PO07501,CA064,CR0035,2025-07-09,instagram,short,474,1527,1930,2232,0,False
PO07502,CA064,CR0646,2025-07-09,instagram,short,2904,18159,26311,29415,700,False
PO07503,CA064,CR0957,2025-07-09,instagram,reel,19985,33521,81029,94889,7000,False
PO07504,CA064,CR0681,2025-07-09,instagram,short,2488,5623,10436,12541,700,False
PO07505,CA064,CR1121,2025-07-09,instagram,reel,814,2601,6053,6901,0,False
PO07506,CA064,CR0406,2025-07-09,instagram,long_form,1781,5836,11458,13504,700,False
PO07507,CA064,CR0297,2025-07-09,instagram,reel,1755,5761,8773,8987,700,False
PO07508,CA064,CR1166,2025-07-09,instagram,reel,410,1515,2458,2464,0,False
PO07509,CA064,CR0940,2025-07-09,instagram,reel,100,174,1227,1315,0,True
PO07510,CA064,CR0067,2025-07-09,instagram,reel,70697,149339,324006,352264,24450,False
PO07511,CA064,CR0453,2025-07-09,instagram,short,1048,4023,5119,6387,0,False
PO07512,CA065,CR0260,2025-07-12,instagram,reel,1198,5429,32666,36979,1450,True
PO07513,CA065,CR0389,2025-07-12,instagram,short,100,122,240,252,0,False
PO07514,CA065,CR0907,2025-07-12,instagram,reel,100,329,528,643,0,False
PO07515,CA065,CR1022,2025-07-12,instagram,reel,663,1424,2675,3204,0,False
PO07516,CA065,CR0443,2025-07-12,instagram,short,2921,7635,18094,17808,350,False
PO07517,CA065,CR0679,2025-07-12,instagram,short,16280,40275,84784,84698,1450,False
PO07518,CA065,CR0520,2025-07-12,instagram,reel,535,1091,2385,2384,0,False
PO07519,CA065,CR0165,2025-07-12,instagram,reel,101,285,615,759,0,False
PO07520,CA065,CR1136,2025-07-12,instagram,short,579,1688,2785,2755,0,False
PO07521,CA065,CR0417,2025-07-12,instagram,long_form,424,1823,2655,2887,0,False
PO07522,CA065,CR0666,2025-07-12,instagram,reel,598,1129,2217,2289,0,False
PO07523,CA065,CR0244,2025-07-12,instagram,reel,358,1486,2228,2356,0,False
PO07524,CA065,CR0222,2025-07-12,instagram,short,22163,60616,87789,97687,3550,False
PO07525,CA065,CR0785,2025-07-12,instagram,reel,8019,19141,43902,51679,1450,False
PO07526,CA065,CR1118,2025-07-12,instagram,short,2528,6941,9538,10571,350,False
PO07527,CA065,CR0519,2025-07-12,instagram,reel,4799,18055,28435,28396,350,False
PO07528,CA065,CR1065,2025-07-12,instagram,reel,2055,5456,11257,12338,350,False
PO07529,CA065,CR0980,2025-07-12,instagram,short,1917,5186,7319,8446,0,False
PO07530,CA065,CR1158,2025-07-12,instagram,reel,458,1824,2708,2873,0,False
PO07531,CA065,CR1084,2025-07-12,instagram,reel,3311,6334,15724,16962,350,False
PO07532,CA065,CR0272,2025-07-12,instagram,reel,722,3814,7183,7344,0,False
PO07533,CA065,CR1049,2025-07-12,instagram,reel,151,394,520,604,0,False
PO07534,CA065,CR0647,2025-07-12,instagram,carousel,392,1164,1501,1782,0,False
PO07535,CA065,CR0981,2025-07-12,instagram,reel,1317,3999,6056,7184,0,False
PO07536,CA065,CR0872,2025-07-12,instagram,reel,934,5624,10793,11566,350,False
PO07537,CA065,CR0446,2025-07-12,instagram,long_form,31340,74767,117927,124711,3550,False
PO07538,CA065,CR0755,2025-07-12,instagram,reel,8601,25530,36891,40182,1450,False
PO07539,CA065,CR1116,2025-07-12,instagram,reel,948,2549,5237,5508,0,False
PO07540,CA065,CR0400,2025-07-12,instagram,carousel,226,532,1017,1087,0,False
PO07541,CA065,CR0383,2025-07-12,instagram,carousel,2214,4678,6977,8018,0,False
PO07542,CA065,CR1152,2025-07-12,instagram,reel,27363,48707,98433,116646,3550,False
PO07543,CA065,CR0556,2025-07-12,instagram,reel,2386,7773,10019,11918,350,False
PO07544,CA065,CR0542,2025-07-12,instagram,long_form,1973,4584,5811,7148,0,False
PO07545,CA065,CR0645,2025-07-12,instagram,long_form,304,966,1523,1537,0,False
PO07546,CA065,CR1184,2025-07-12,instagram,short,1345,3514,5064,5187,0,False
PO07547,CA065,CR0057,2025-07-12,instagram,reel,1051,3561,23850,25757,350,True
PO07548,CA065,CR0603,2025-07-12,instagram,reel,1335,4853,6039,7522,0,False
PO07549,CA065,CR1027,2025-07-12,instagram,reel,1980,8940,15544,17683,350,False
PO07550,CA065,CR0650,2025-07-12,instagram,carousel,429,1008,1626,1687,0,False
PO07551,CA065,CR1066,2025-07-12,instagram,short,5944,14231,25985,28742,350,False
PO07552,CA065,CR0962,2025-07-12,instagram,carousel,1379,2981,5521,5946,0,False
PO07553,CA065,CR0199,2025-07-12,instagram,reel,636,1515,4203,4108,0,False
PO07554,CA065,CR0460,2025-07-12,instagram,reel,214,869,1019,1256,0,False
PO07555,CA065,CR1113,2025-07-12,instagram,long_form,309,1266,2703,2700,0,False
PO07556,CA065,CR0655,2025-07-12,instagram,reel,357,1437,2789,2806,0,False
PO07557,CA065,CR0299,2025-07-12,instagram,short,273,639,1247,1493,0,False
PO07558,CA065,CR0109,2025-07-12,instagram,reel,571,1363,3506,3756,0,False
PO07559,CA065,CR0294,2025-07-12,instagram,reel,104,641,929,1048,0,False
PO07560,CA065,CR0516,2025-07-12,instagram,carousel,4238,14991,25298,27836,350,False
PO07561,CA065,CR0316,2025-07-12,instagram,reel,6926,25373,41299,50862,1450,False
PO07562,CA065,CR0747,2025-07-12,instagram,reel,329,1195,3188,3363,0,False
PO07563,CA065,CR0855,2025-07-12,instagram,short,773,2061,2788,3178,0,False
PO07564,CA065,CR0874,2025-07-12,instagram,short,2125,5956,8205,10256,350,False
PO07565,CA065,CR1070,2025-07-12,instagram,reel,2416,4866,13184,13311,350,False
PO07566,CA065,CR1166,2025-07-12,instagram,short,1325,8510,13047,12747,350,False
PO07567,CA065,CR0821,2025-07-12,instagram,short,20475,47102,98241,119934,3550,False
PO07568,CA065,CR0371,2025-07-12,instagram,reel,100,240,1942,2101,0,True
PO07569,CA065,CR0509,2025-07-12,instagram,short,193,714,1076,1318,0,False
PO07570,CA065,CR1064,2025-07-12,instagram,reel,705,3038,7925,7729,0,False
PO07571,CA065,CR1129,2025-07-12,instagram,reel,1834,4435,8826,8904,350,False
PO07572,CA065,CR0145,2025-07-12,instagram,reel,1244,4385,9570,10289,350,False
PO07573,CA065,CR1127,2025-07-12,instagram,reel,478,3447,5463,5475,0,False
PO07574,CA065,CR0195,2025-07-12,instagram,short,1392,2582,5116,5397,0,False
PO07575,CA065,CR0938,2025-07-12,instagram,reel,11338,31841,58384,62649,1450,False
PO07576,CA065,CR0918,2025-07-12,instagram,short,1743,7408,11623,13102,350,False
PO07577,CA065,CR0950,2025-07-12,instagram,carousel,2134,12737,18446,21112,350,False
PO07578,CA065,CR0204,2025-07-12,instagram,reel,490,892,2207,2317,0,False
PO07579,CA065,CR1148,2025-07-12,instagram,short,1580,7417,10589,11751,350,False
PO07580,CA065,CR0750,2025-07-12,instagram,long_form,100,347,2714,3009,0,True
PO07581,CA065,CR0574,2025-07-12,instagram,long_form,8119,28854,42178,42236,1450,False
PO07582,CA065,CR1133,2025-07-12,instagram,carousel,100,396,891,873,0,False
PO07583,CA065,CR0451,2025-07-12,instagram,carousel,587,1509,2581,2776,0,False
PO07584,CA065,CR0880,2025-07-12,instagram,long_form,1642,4091,7226,7739,0,False
PO07585,CA065,CR0911,2025-07-12,instagram,short,10364,21549,48502,48530,1450,False
PO07586,CA065,CR0895,2025-07-12,instagram,short,444,1735,2372,2704,0,False
PO07587,CA065,CR0727,2025-07-12,instagram,reel,4004,10531,18370,20769,350,False
PO07588,CA065,CR0552,2025-07-12,instagram,reel,851,3006,3856,4436,0,False
PO07589,CA065,CR0296,2025-07-12,instagram,reel,1531,12053,63313,75246,1450,True
PO07590,CA065,CR0707,2025-07-12,instagram,short,353,1777,2230,2601,0,False
PO07591,CA065,CR0626,2025-07-12,instagram,reel,436,1364,3014,3224,0,False
PO07592,CA065,CR0642,2025-07-12,instagram,short,28818,47186,95343,104917,3550,False
PO07593,CA065,CR0352,2025-07-12,instagram,reel,1205,2623,4284,5144,0,False
PO07594,CA065,CR0038,2025-07-12,instagram,carousel,1405,3141,5418,5398,0,False
PO07595,CA065,CR0732,2025-07-12,instagram,reel,4185,19645,27560,32444,350,False
PO07596,CA065,CR0231,2025-07-12,instagram,reel,3677,12922,24446,28086,350,False
PO07597,CA065,CR0630,2025-07-12,instagram,reel,941,1868,3848,4729,0,False
PO07598,CA065,CR0905,2025-07-12,instagram,carousel,218,1373,2198,2342,0,False
PO07599,CA065,CR0359,2025-07-12,instagram,reel,715,1006,2619,2694,0,False
PO07600,CA065,CR0553,2025-07-12,instagram,carousel,5022,7692,19908,20756,350,False
PO07601,CA065,CR0189,2025-07-12,instagram,short,947,3499,6096,7409,0,False
PO07602,CA065,CR0084,2025-07-12,instagram,reel,685,2120,2900,3508,0,False
PO07603,CA065,CR1164,2025-07-12,instagram,long_form,100,133,191,211,0,False
PO07604,CA065,CR1121,2025-07-12,instagram,reel,3533,7460,15235,17081,350,False
PO07605,CA065,CR0224,2025-07-12,instagram,reel,499,1802,4195,4728,0,False
PO07606,CA065,CR0445,2025-07-12,instagram,short,495,3496,5284,5451,0,False
PO07607,CA065,CR0865,2025-07-12,instagram,short,100,429,564,685,0,False
PO07608,CA065,CR0422,2025-07-12,instagram,carousel,166,458,900,936,0,False
PO07609,CA065,CR1190,2025-07-12,instagram,reel,8027,18449,160965,184441,3550,True
PO07610,CA065,CR0964,2025-07-12,instagram,short,2545,5492,14834,15168,350,False
PO07611,CA065,CR0846,2025-07-12,instagram,carousel,271,505,941,1066,0,False
PO07612,CA065,CR0333,2025-07-12,instagram,reel,182,2586,15462,18027,350,True
PO07613,CA065,CR0235,2025-07-12,instagram,reel,275,491,1088,1169,0,False
PO07614,CA065,CR0067,2025-07-12,instagram,reel,9273,25819,53265,63873,1450,False
PO07615,CA065,CR0748,2025-07-12,instagram,reel,489,2058,4119,4193,0,False
PO07616,CA065,CR0464,2025-07-12,instagram,reel,242,1064,2568,2613,0,False
PO07617,CA065,CR0143,2025-07-12,instagram,carousel,100,127,345,348,0,False
PO07618,CA065,CR0101,2025-07-12,instagram,reel,4152,14038,34444,36135,1450,False
PO07619,CA065,CR0908,2025-07-12,instagram,short,586,1292,2024,2407,0,False
PO07620,CA065,CR1057,2025-07-12,instagram,short,5082,14091,19248,21874,350,False
PO07621,CA065,CR0909,2025-07-12,instagram,carousel,2802,4975,10261,12109,350,False
PO07622,CA065,CR0476,2025-07-12,instagram,short,191,284,673,798,0,False
PO07623,CA065,CR0379,2025-07-12,instagram,short,169,675,865,995,0,False
PO07624,CA065,CR0868,2025-07-12,instagram,reel,963,1620,4039,4139,0,False
PO07625,CA065,CR0776,2025-07-12,instagram,short,1466,3485,5524,5552,0,False
PO07626,CA065,CR0110,2025-07-12,instagram,long_form,4448,11892,17953,20219,350,False
PO07627,CA065,CR0201,2025-07-12,instagram,reel,18771,40112,62888,71259,1450,False
PO07628,CA065,CR1093,2025-07-12,instagram,reel,419,2018,3604,3732,0,False
PO07629,CA065,CR0790,2025-07-12,instagram,long_form,633,3246,4319,4950,0,False
PO07630,CA065,CR0743,2025-07-12,instagram,short,1679,8936,41421,46608,1450,True
PO07631,CA066,CR0529,2025-07-15,instagram,reel,19139,52634,116897,125794,2650,False
PO07632,CA066,CR0475,2025-07-15,instagram,long_form,756,2353,3190,3378,0,False
PO07633,CA066,CR0319,2025-07-15,instagram,reel,348,1768,2988,3317,0,False
PO07634,CA066,CR0255,2025-07-15,instagram,short,1118,6473,10540,10987,250,False
PO07635,CA066,CR1112,2025-07-15,instagram,short,777,1853,2434,2934,0,False
PO07636,CA066,CR0391,2025-07-15,instagram,reel,5131,15452,19916,23015,250,False
PO07637,CA066,CR0607,2025-07-15,instagram,reel,52485,131637,264415,288702,9300,False
PO07638,CA066,CR0020,2025-07-15,instagram,reel,1351,9580,12061,13797,250,False
PO07639,CA066,CR0829,2025-07-15,instagram,reel,24733,33563,82893,91072,2650,False
PO07640,CA066,CR0603,2025-07-15,instagram,reel,460,1926,3534,3610,0,False
PO07641,CA066,CR0135,2025-07-15,instagram,carousel,2796,10025,77028,85685,2650,True
PO07642,CA066,CR0473,2025-07-15,instagram,reel,6011,22434,145695,154043,2650,True
PO07643,CA066,CR0513,2025-07-15,instagram,short,2030,5917,10503,12315,250,False
PO07644,CA066,CR1089,2025-07-15,instagram,short,1418,2388,4308,5147,0,False
PO07645,CA066,CR0875,2025-07-15,instagram,reel,100,232,299,342,0,False
PO07646,CA066,CR0792,2025-07-15,instagram,carousel,1919,4724,8513,9650,250,False
PO07647,CA066,CR1035,2025-07-15,instagram,short,777,2890,4373,4625,0,False
PO07648,CA066,CR0115,2025-07-15,instagram,reel,2940,10223,15764,17522,250,False
PO07649,CA066,CR0002,2025-07-15,instagram,reel,3973,15341,21778,22029,250,False
PO07650,CA066,CR0572,2025-07-15,instagram,reel,11211,20479,35137,41381,1050,False
PO07651,CA066,CR0619,2025-07-15,instagram,reel,322,917,1644,1764,0,False
PO07652,CA066,CR0605,2025-07-15,instagram,reel,14822,40574,75929,79966,2650,False
PO07653,CA066,CR0793,2025-07-15,instagram,short,4357,10275,16239,16601,250,False
PO07654,CA066,CR0305,2025-07-15,instagram,short,778,2975,5572,6573,0,False
PO07655,CA066,CR0487,2025-07-15,instagram,reel,456,974,1701,1676,0,False
PO07656,CA066,CR0169,2025-07-15,instagram,short,14208,31297,43627,52795,1050,False
PO07657,CA066,CR0158,2025-07-15,instagram,reel,2162,5775,10953,11415,250,False
PO07658,CA066,CR0786,2025-07-15,instagram,long_form,2548,5773,9752,9830,250,False
PO07659,CA066,CR1048,2025-07-15,instagram,carousel,7667,21384,42597,41842,1050,False
PO07660,CA066,CR1050,2025-07-15,instagram,reel,357,685,1448,1521,0,False
PO07661,CA066,CR0821,2025-07-15,instagram,reel,5423,17794,21767,26631,250,False
PO07662,CA066,CR1123,2025-07-15,instagram,reel,2385,5918,49310,53427,1050,True
PO07663,CA066,CR0276,2025-07-15,instagram,carousel,1476,3330,6146,6789,0,False
PO07664,CA066,CR0565,2025-07-15,instagram,short,1799,5439,9996,10165,250,False
PO07665,CA066,CR0338,2025-07-15,instagram,short,4165,6066,15253,16380,250,False
PO07666,CA066,CR0137,2025-07-15,instagram,reel,2951,11312,18421,18640,250,False
PO07667,CA066,CR1066,2025-07-15,instagram,short,100,555,4339,5400,0,True
PO07668,CA066,CR0957,2025-07-15,instagram,reel,1399,6209,13276,16593,250,False
PO07669,CA066,CR0459,2025-07-15,instagram,reel,19243,51938,110664,117532,2650,False
PO07670,CA066,CR1073,2025-07-15,instagram,short,1061,1605,3998,3914,0,False
PO07671,CA066,CR0178,2025-07-15,instagram,short,1722,7853,13909,13632,250,False
PO07672,CA066,CR0550,2025-07-15,instagram,long_form,359,1396,1958,2284,0,False
PO07673,CA066,CR1042,2025-07-15,instagram,reel,20123,30316,69197,85855,2650,False
PO07674,CA066,CR0969,2025-07-15,instagram,reel,4870,14347,23670,27956,1050,False
PO07675,CA066,CR0899,2025-07-15,instagram,short,4145,7994,17521,18193,250,False
PO07676,CA066,CR0679,2025-07-15,instagram,reel,1747,9399,13301,16013,250,False
PO07677,CA066,CR1033,2025-07-15,instagram,reel,691,2773,6140,6296,0,False
PO07678,CA066,CR0677,2025-07-15,instagram,long_form,5009,14432,21189,24350,250,False
PO07679,CA066,CR0412,2025-07-15,instagram,long_form,887,2593,3025,3747,0,False
PO07680,CA066,CR0327,2025-07-15,instagram,reel,100,100,252,253,0,False
PO07681,CA066,CR0381,2025-07-15,instagram,reel,4509,10692,16650,17108,250,False
PO07682,CA066,CR1006,2025-07-15,instagram,reel,109,253,524,599,0,False
PO07683,CA066,CR0943,2025-07-15,instagram,reel,286,1401,2239,2226,0,False
PO07684,CA066,CR0022,2025-07-15,instagram,reel,100,284,1224,1536,0,True
PO07685,CA066,CR1014,2025-07-15,instagram,short,100,100,100,100,0,False
PO07686,CA066,CR0523,2025-07-15,instagram,long_form,1710,9304,47272,58185,1050,True
PO07687,CA066,CR0148,2025-07-15,instagram,short,7840,34604,51669,58615,1050,False
PO07688,CA066,CR0180,2025-07-15,instagram,short,8571,39074,64882,76871,2650,False
PO07689,CA066,CR1180,2025-07-15,instagram,reel,2298,13799,16438,20520,250,False
PO07690,CA066,CR0029,2025-07-15,instagram,short,189,303,766,753,0,False
PO07691,CA066,CR0815,2025-07-15,instagram,reel,8709,35069,56750,55895,1050,False
PO07692,CA066,CR0928,2025-07-15,instagram,reel,5512,18373,24224,27666,1050,False
PO07693,CA066,CR0170,2025-07-15,instagram,reel,16016,23826,50666,62516,1050,False
PO07694,CA066,CR0195,2025-07-15,instagram,reel,100,340,502,515,0,False
PO07695,CA066,CR0489,2025-07-15,instagram,long_form,1002,1845,5025,4888,0,False
PO07696,CA066,CR0749,2025-07-15,instagram,carousel,1550,3264,4750,5797,0,False
PO07697,CA066,CR0186,2025-07-15,instagram,reel,888,3030,4557,4729,0,False
PO07698,CA066,CR0691,2025-07-15,instagram,long_form,627,3885,5992,6570,0,False
PO07699,CA066,CR0036,2025-07-15,instagram,reel,3957,13971,80962,96831,2650,True
PO07700,CA066,CR1085,2025-07-15,instagram,reel,84507,198290,319357,318313,9300,False
PO07701,CA066,CR1102,2025-07-15,instagram,short,5693,14597,24693,25791,250,False
PO07702,CA066,CR0845,2025-07-15,instagram,reel,752,4364,7136,7867,250,False
PO07703,CA066,CR0340,2025-07-15,instagram,reel,303,449,1231,1223,0,False
PO07704,CA066,CR0472,2025-07-15,instagram,long_form,239,443,945,1130,0,False
PO07705,CA066,CR0588,2025-07-15,instagram,reel,2098,12820,21025,24150,250,False
PO07706,CA066,CR0510,2025-07-15,instagram,reel,4026,10019,20602,21158,250,False
PO07707,CA066,CR0891,2025-07-15,instagram,reel,1580,2742,6783,6605,0,False
PO07708,CA066,CR0221,2025-07-15,instagram,reel,447,1787,2581,2723,0,False
PO07709,CA066,CR0038,2025-07-15,instagram,short,1247,3614,7164,7366,250,False
PO07710,CA066,CR1196,2025-07-15,instagram,long_form,21791,58559,81005,93827,2650,False
PO07711,CA066,CR0001,2025-07-15,instagram,reel,2534,11024,15889,18354,250,False
PO07712,CA066,CR0267,2025-07-15,instagram,long_form,3409,10870,23844,27871,1050,False
PO07713,CA066,CR0207,2025-07-15,instagram,short,387,1287,2398,2359,0,False
PO07714,CA066,CR0810,2025-07-15,instagram,reel,7507,20533,30230,31230,1050,False
PO07715,CA066,CR0578,2025-07-15,instagram,reel,1843,8958,22714,22211,250,False
PO07716,CA066,CR0608,2025-07-15,instagram,short,1449,3388,4836,5650,0,False
PO07717,CA066,CR0431,2025-07-15,instagram,carousel,2289,7039,9987,11606,250,False
PO07718,CA066,CR0032,2025-07-15,instagram,reel,1177,3279,4571,4861,0,False
PO07719,CA066,CR0227,2025-07-15,instagram,short,2833,10771,17104,18568,250,False
PO07720,CA066,CR0692,2025-07-15,instagram,short,358,842,1184,1448,0,False
PO07721,CA066,CR0341,2025-07-15,instagram,short,3464,8845,14481,17004,250,False
PO07722,CA066,CR0006,2025-07-15,instagram,reel,2900,4848,10689,12631,250,False
PO07723,CA066,CR0138,2025-07-15,instagram,short,446,987,2167,2110,0,False
PO07724,CA066,CR0228,2025-07-15,instagram,reel,10041,20744,38638,37599,1050,False
PO07725,CA066,CR1120,2025-07-15,instagram,short,19624,34315,88738,94998,2650,False
PO07726,CA066,CR0621,2025-07-15,instagram,reel,313,1177,1704,1696,0,False
PO07727,CA066,CR0316,2025-07-15,instagram,carousel,381,1494,2114,2306,0,False
PO07728,CA066,CR0927,2025-07-15,instagram,short,1832,3830,9033,9572,250,False
PO07729,CA066,CR0193,2025-07-15,instagram,reel,7384,25409,63337,64918,1050,False
PO07730,CA066,CR0243,2025-07-15,instagram,reel,2320,4170,9479,9720,250,False
PO07731,CA066,CR1125,2025-07-15,instagram,short,19021,63483,86141,98652,2650,False
PO07732,CA066,CR0932,2025-07-15,instagram,short,2277,5777,8682,9100,250,False
PO07733,CA067,CR1158,2025-07-18,instagram,carousel,1243,3721,5219,5706,0,False
PO07734,CA067,CR0448,2025-07-18,instagram,short,22418,49450,114302,116372,7550,False
PO07735,CA067,CR0318,2025-07-18,instagram,reel,524,1610,2713,2727,0,False
PO07736,CA067,CR1170,2025-07-18,instagram,reel,317,1932,3068,3682,0,False
PO07737,CA067,CR0648,2025-07-18,instagram,reel,325,1679,3658,3736,0,False
PO07738,CA067,CR0741,2025-07-18,instagram,reel,411,1436,2066,2121,0,False
PO07739,CA067,CR0647,2025-07-18,instagram,reel,261,664,801,957,0,False
PO07740,CA067,CR0064,2025-07-18,instagram,reel,11951,51921,68708,74605,3000,False
PO07741,CA067,CR0213,2025-07-18,instagram,reel,1074,2719,3290,4037,0,False
PO07742,CA067,CR0041,2025-07-18,instagram,reel,136,460,1027,1098,0,False
PO07743,CA067,CR0403,2025-07-18,instagram,reel,503,936,1735,2086,0,False
PO07744,CA067,CR0168,2025-07-18,instagram,reel,410,1761,4308,4385,0,False
PO07745,CA067,CR1113,2025-07-18,instagram,reel,419,1064,1352,1530,0,False
PO07746,CA067,CR0405,2025-07-18,instagram,short,625,1248,2188,2478,0,False
PO07747,CA067,CR0846,2025-07-18,instagram,carousel,490,2238,4138,4942,0,False
PO07748,CA067,CR0729,2025-07-18,instagram,reel,100,100,100,100,0,False
PO07749,CA067,CR0329,2025-07-18,instagram,reel,615,3887,27468,29177,750,True
PO07750,CA067,CR0794,2025-07-18,instagram,reel,621,1628,3879,4260,0,False
PO07751,CA067,CR1117,2025-07-18,instagram,reel,766,1078,2450,2791,0,False
PO07752,CA067,CR0464,2025-07-18,instagram,carousel,100,377,584,585,0,False
PO07753,CA067,CR0436,2025-07-18,instagram,reel,243,1683,2088,2606,0,False
PO07754,CA067,CR1064,2025-07-18,instagram,reel,914,2384,4273,4450,0,False
PO07755,CA067,CR1013,2025-07-18,instagram,long_form,630,1819,2408,2700,0,False
PO07756,CA067,CR1104,2025-07-18,instagram,long_form,4922,6591,17790,17790,750,False
PO07757,CA067,CR0835,2025-07-18,instagram,reel,358,896,1225,1351,0,False
PO07758,CA067,CR0749,2025-07-18,instagram,short,3540,16044,23234,25166,750,False
PO07759,CA067,CR0831,2025-07-18,instagram,reel,2314,3707,9140,9096,750,False
PO07760,CA067,CR0938,2025-07-18,instagram,reel,1443,3277,6825,7200,0,False
PO07761,CA067,CR1084,2025-07-18,instagram,reel,1003,4457,7013,7609,0,False
PO07762,CA067,CR0536,2025-07-18,instagram,reel,795,3379,4406,5205,0,False
PO07763,CA067,CR0695,2025-07-18,instagram,reel,100,154,283,284,0,False
PO07764,CA067,CR1176,2025-07-18,instagram,reel,718,2846,4850,5676,0,False
PO07765,CA067,CR0931,2025-07-18,instagram,reel,104,264,345,427,0,False
PO07766,CA067,CR0339,2025-07-18,instagram,short,253,532,953,1091,0,False
PO07767,CA067,CR0379,2025-07-18,instagram,reel,158,283,619,740,0,False
PO07768,CA067,CR1051,2025-07-18,instagram,reel,5639,21657,42637,48064,3000,False
PO07769,CA067,CR0876,2025-07-18,instagram,long_form,356,957,1754,2008,0,False
PO07770,CA067,CR1188,2025-07-18,instagram,reel,295,1082,1605,1795,0,False
PO07771,CA067,CR0312,2025-07-18,instagram,short,1258,4360,5225,6496,0,False
PO07772,CA067,CR0694,2025-07-18,instagram,short,371,2012,3239,3612,0,False
PO07773,CA067,CR0424,2025-07-18,instagram,reel,2572,11664,16867,17340,750,False
PO07774,CA067,CR0834,2025-07-18,instagram,reel,1229,3125,5003,5669,0,False
PO07775,CA067,CR0556,2025-07-18,instagram,reel,213,1149,1850,1809,0,False
PO07776,CA067,CR0698,2025-07-18,instagram,short,244,635,1402,1435,0,False
PO07777,CA067,CR0430,2025-07-18,instagram,reel,2192,10077,18006,19557,750,False
PO07778,CA067,CR1093,2025-07-18,instagram,carousel,100,257,459,496,0,False
PO07779,CA067,CR0352,2025-07-18,instagram,long_form,210,827,1363,1335,0,False
PO07780,CA067,CR0633,2025-07-18,instagram,reel,511,1374,2567,2596,0,False
PO07781,CA067,CR0326,2025-07-18,instagram,reel,6063,15810,42250,43746,3000,False
PO07782,CA067,CR0981,2025-07-18,instagram,reel,12009,20029,42037,43552,3000,False
PO07783,CA067,CR0868,2025-07-18,instagram,carousel,100,198,357,409,0,False
PO07784,CA067,CR0747,2025-07-18,instagram,reel,5870,22234,41899,44110,3000,False
PO07785,CA067,CR0776,2025-07-18,instagram,short,496,1739,3227,3199,0,False
PO07786,CA067,CR0700,2025-07-18,instagram,short,294,1868,8506,9629,750,True
PO07787,CA067,CR0554,2025-07-18,instagram,reel,2079,6571,12390,14524,750,False
PO07788,CA067,CR0053,2025-07-18,instagram,long_form,16926,37725,74383,76215,3000,False
PO07789,CA067,CR0360,2025-07-18,instagram,short,4490,28773,43436,47378,3000,False
PO07790,CA067,CR0195,2025-07-18,instagram,reel,499,2087,3421,3711,0,False
PO07791,CA067,CR0443,2025-07-18,instagram,short,1842,6115,8873,10115,750,False
PO07792,CA067,CR0814,2025-07-18,instagram,reel,1854,5195,7076,8227,750,False
PO07793,CA067,CR0349,2025-07-18,instagram,reel,634,1214,2193,2492,0,False
PO07794,CA067,CR1130,2025-07-18,instagram,reel,31013,55236,96541,120293,7550,False
PO07795,CA067,CR1190,2025-07-18,instagram,reel,724,2068,3226,3319,0,False
PO07796,CA067,CR1164,2025-07-18,instagram,reel,473,1858,2724,2900,0,False
PO07797,CA067,CR0399,2025-07-18,instagram,reel,9785,22769,33480,36787,3000,False
PO07798,CA067,CR0336,2025-07-18,instagram,reel,101,289,431,508,0,False
PO07799,CA067,CR0224,2025-07-18,instagram,long_form,327,2442,3652,3943,0,False
PO07800,CA067,CR0016,2025-07-18,instagram,reel,245,1054,2690,2705,0,False
PO07801,CA067,CR0377,2025-07-18,instagram,short,340,1457,1861,2302,0,False
PO07802,CA067,CR0503,2025-07-18,instagram,long_form,385,1141,2026,1999,0,False
PO07803,CA067,CR0193,2025-07-18,instagram,reel,103246,220752,339959,378188,26450,False
PO07804,CA067,CR0063,2025-07-18,instagram,reel,3644,16144,29428,35740,3000,False
PO07805,CA067,CR0606,2025-07-18,instagram,reel,780,1584,4419,4466,0,False
PO07806,CA067,CR0423,2025-07-18,instagram,short,1012,6469,7616,9394,750,False
PO07807,CA067,CR0235,2025-07-18,instagram,reel,683,1736,3514,3896,0,False
PO07808,CA067,CR0386,2025-07-18,instagram,carousel,704,3661,8609,8580,750,False
PO07809,CA067,CR1100,2025-07-18,instagram,reel,2991,8308,9769,12001,750,False
PO07810,CA067,CR1090,2025-07-18,instagram,reel,209,917,1129,1375,0,False
PO07811,CA067,CR1118,2025-07-18,instagram,short,251,619,969,984,0,False
PO07812,CA067,CR0553,2025-07-18,instagram,short,1149,1962,4048,4658,0,False
PO07813,CA067,CR0231,2025-07-18,instagram,reel,1282,1808,3753,4668,0,False
PO07814,CA067,CR0891,2025-07-18,instagram,short,2137,6482,13539,14264,750,False
PO07815,CA067,CR0886,2025-07-18,instagram,reel,35142,199399,338239,416654,26450,False
PO07816,CA067,CR0659,2025-07-18,instagram,short,86644,184348,353114,347264,26450,False
PO07817,CA067,CR1029,2025-07-18,instagram,reel,1684,3725,7655,7468,0,False
PO07818,CA067,CR0862,2025-07-18,instagram,long_form,196,624,1324,1548,0,False
PO07819,CA067,CR0545,2025-07-18,instagram,short,16192,26238,56131,59196,3000,False
PO07820,CA067,CR0136,2025-07-18,instagram,reel,407,1176,1682,2019,0,False
PO07821,CA067,CR1032,2025-07-18,instagram,reel,3665,8111,17610,19192,750,False
PO07822,CA067,CR0101,2025-07-18,instagram,reel,2270,6139,8951,8867,750,False
PO07823,CA067,CR0937,2025-07-18,instagram,carousel,459,1013,2015,1974,0,False
PO07824,CA067,CR0681,2025-07-18,instagram,reel,905,2666,5183,5593,0,False
PO07825,CA067,CR0201,2025-07-18,instagram,long_form,324,1309,6689,7860,750,True
PO07826,CA067,CR1024,2025-07-18,instagram,reel,264,1157,1707,1666,0,False
PO07827,CA067,CR0769,2025-07-18,instagram,reel,935,1450,3709,4016,0,False
PO07828,CA067,CR0365,2025-07-18,instagram,reel,1627,6853,14195,15260,750,False
PO07829,CA067,CR0314,2025-07-18,instagram,reel,832,1761,3225,3447,0,False
PO07830,CA067,CR0686,2025-07-18,instagram,reel,249,909,2061,2504,0,False
PO07831,CA067,CR0895,2025-07-18,instagram,short,7045,34230,47421,53793,3000,False
PO07832,CA067,CR0422,2025-07-18,instagram,short,1524,10185,13119,15076,750,False
PO07833,CA067,CR0897,2025-07-18,instagram,short,1288,3115,4821,5521,0,False
PO07834,CA067,CR0998,2025-07-18,instagram,short,4994,27420,48273,53601,3000,False
PO07835,CA067,CR0269,2025-07-18,instagram,reel,981,3077,5965,6885,0,False
PO07836,CA067,CR0104,2025-07-18,instagram,reel,1416,9965,14467,15975,750,False
PO07837,CA067,CR0299,2025-07-18,instagram,long_form,188,699,1072,1261,0,False
PO07838,CA067,CR0620,2025-07-18,instagram,reel,735,1535,3509,4275,0,False
PO07839,CA067,CR0707,2025-07-18,instagram,short,664,1534,2604,2965,0,False
PO07840,CA067,CR0412,2025-07-18,instagram,short,1791,9812,17600,18232,750,False
PO07841,CA067,CR0978,2025-07-18,instagram,reel,407,1795,3029,3060,0,False
PO07842,CA067,CR0807,2025-07-18,instagram,reel,1212,4410,8080,8131,750,False
PO07843,CA067,CR0174,2025-07-18,instagram,reel,387,1068,1974,2014,0,False
PO07844,CA067,CR0145,2025-07-18,instagram,long_form,1825,6352,9026,9700,750,False
PO07845,CA067,CR0094,2025-07-18,instagram,long_form,3029,7968,13402,14519,750,False
PO07846,CA067,CR0999,2025-07-18,instagram,reel,718,2173,3676,4000,0,False
PO07847,CA067,CR0864,2025-07-18,instagram,reel,3685,9614,14461,14587,750,False
PO07848,CA067,CR0732,2025-07-18,instagram,short,2162,11234,15790,16701,750,False
PO07849,CA067,CR0515,2025-07-18,instagram,short,1512,2545,6251,6965,0,False
PO07850,CA067,CR0691,2025-07-18,instagram,carousel,900,2782,5573,5438,0,False
PO07851,CA067,CR1112,2025-07-18,instagram,carousel,727,3215,6949,7693,750,False
PO07852,CA067,CR0785,2025-07-18,instagram,short,1795,7427,11937,13181,750,False
PO07853,CA067,CR0916,2025-07-18,instagram,reel,1551,7206,12355,12223,750,False
PO07854,CA067,CR1105,2025-07-18,instagram,reel,2114,4748,8753,10236,750,False
PO07855,CA067,CR0626,2025-07-18,instagram,short,166,439,663,672,0,False
PO07856,CA067,CR0968,2025-07-18,instagram,long_form,466,1403,3000,3372,0,False
PO07857,CA067,CR0359,2025-07-18,instagram,reel,100,376,563,595,0,False
PO07858,CA067,CR0131,2025-07-18,instagram,short,301,678,1096,1255,0,False
PO07859,CA067,CR0905,2025-07-18,instagram,reel,8564,23911,33076,38144,3000,False
PO07860,CA067,CR0028,2025-07-18,instagram,reel,100,140,395,394,0,False
PO07861,CA067,CR0661,2025-07-18,instagram,reel,4442,6419,15536,16307,750,False
PO07862,CA067,CR0755,2025-07-18,instagram,reel,1173,5160,7574,7842,750,False
PO07863,CA067,CR0839,2025-07-18,instagram,long_form,144,713,1379,1569,0,False
PO07864,CA067,CR0486,2025-07-18,instagram,reel,100,156,1253,1559,0,True
PO07865,CA067,CR0645,2025-07-18,instagram,reel,634,1154,2236,2467,0,False
PO07866,CA067,CR0861,2025-07-18,instagram,reel,1702,5065,8621,9903,750,False
PO07867,CA067,CR0391,2025-07-18,instagram,long_form,4916,8573,17513,21367,750,False
PO07868,CA067,CR0474,2025-07-18,instagram,reel,292,916,1286,1382,0,False
PO07869,CA067,CR0568,2025-07-18,instagram,reel,810,4241,6993,8535,750,False
PO07870,CA067,CR0599,2025-07-18,instagram,reel,4240,11025,25651,28069,750,False
PO07871,CA067,CR0896,2025-07-18,instagram,reel,7110,18883,29557,35248,3000,False
PO07872,CA067,CR0417,2025-07-18,instagram,carousel,100,100,218,241,0,False
PO07873,CA067,CR0743,2025-07-18,instagram,reel,410,861,1238,1536,0,False
PO07874,CA067,CR0003,2025-07-18,instagram,reel,759,4219,39350,48851,3000,True
PO07875,CA067,CR0416,2025-07-18,instagram,long_form,100,100,165,183,0,False
PO07876,CA067,CR0284,2025-07-18,instagram,short,1340,8089,11337,12950,750,False
PO07877,CA067,CR0472,2025-07-18,instagram,reel,2211,4835,7935,8178,750,False
PO07878,CA067,CR0873,2025-07-18,instagram,reel,184,1335,6348,8004,750,True
PO07879,CA067,CR0716,2025-07-18,instagram,short,100,216,300,330,0,False
PO07880,CA067,CR0484,2025-07-18,instagram,reel,119,602,946,957,0,False
PO07881,CA067,CR0520,2025-07-18,instagram,reel,1959,4756,9443,10779,750,False
PO07882,CA067,CR0260,2025-07-18,instagram,reel,719,1285,3078,3311,0,False
PO07883,CA067,CR1049,2025-07-18,instagram,short,1188,3294,4394,5002,0,False
PO07884,CA067,CR0109,2025-07-18,instagram,carousel,100,305,465,463,0,False
PO07885,CA067,CR0024,2025-07-18,instagram,reel,802,2060,2586,2996,0,False
PO07886,CA067,CR0079,2025-07-18,instagram,reel,4078,20273,28242,33374,3000,False
PO07887,CA067,CR0506,2025-07-18,instagram,short,439,1381,2142,2321,0,False
PO07888,CA067,CR0461,2025-07-18,instagram,long_form,1063,2350,5233,5535,0,False
PO07889,CA067,CR0035,2025-07-18,instagram,short,235,1064,2345,2503,0,False
PO07890,CA067,CR1021,2025-07-18,instagram,short,697,2067,3508,3903,0,False
PO07891,CA067,CR0070,2025-07-18,instagram,reel,138,544,830,883,0,False
PO07892,CA067,CR0210,2025-07-18,instagram,reel,13644,32095,65502,76191,3000,False
PO07893,CA067,CR0215,2025-07-18,instagram,long_form,762,3274,5603,6511,0,False
PO07894,CA067,CR0080,2025-07-18,instagram,reel,111,276,364,454,0,False
PO07895,CA067,CR0990,2025-07-18,instagram,short,13817,103921,149898,160965,7550,False
PO07896,CA067,CR0084,2025-07-18,instagram,short,736,1422,2968,3655,0,False
PO07897,CA067,CR1072,2025-07-18,instagram,reel,4931,14442,24736,24523,750,False
PO07898,CA067,CR0163,2025-07-18,instagram,reel,287,1713,2476,2658,0,False
PO07899,CA067,CR0307,2025-07-18,instagram,short,11934,24559,57329,65614,3000,False
PO07900,CA067,CR1123,2025-07-18,instagram,reel,26429,64027,154802,182403,7550,False
PO07901,CA067,CR1193,2025-07-18,instagram,short,1441,1939,5019,5299,0,False
PO07902,CA067,CR0930,2025-07-18,instagram,short,380,1082,1752,2103,0,False
PO07903,CA067,CR1059,2025-07-18,instagram,reel,2674,10935,23617,25229,750,False
PO07904,CA067,CR0244,2025-07-18,instagram,short,348,1651,3708,3833,0,False
PO07905,CA067,CR0624,2025-07-18,instagram,reel,161,403,720,881,0,False
PO07906,CA067,CR0721,2025-07-18,instagram,short,2103,6396,8494,9326,750,False
PO07907,CA067,CR0181,2025-07-18,instagram,reel,666,3247,4776,4706,0,False
PO07908,CA067,CR0204,2025-07-18,instagram,short,155,717,1154,1295,0,False
PO07909,CA067,CR0986,2025-07-18,instagram,reel,1951,8258,14523,14535,750,False
PO07910,CA067,CR1184,2025-07-18,instagram,carousel,2901,7010,11637,13431,750,False
PO07911,CA067,CR0530,2025-07-18,instagram,long_form,101,675,1011,1082,0,False
PO07912,CA067,CR0641,2025-07-18,instagram,reel,1064,3793,5405,5496,0,False
PO07913,CA067,CR0574,2025-07-18,instagram,reel,355,1178,1728,2132,0,False
PO07914,CA067,CR1143,2025-07-18,instagram,long_form,2369,4152,9214,10041,750,False
PO07915,CA067,CR0014,2025-07-18,instagram,short,100,214,298,369,0,False
PO07916,CA067,CR0987,2025-07-18,instagram,reel,29195,118664,204311,201547,7550,False
PO07917,CA067,CR0627,2025-07-18,instagram,reel,393,757,1417,1451,0,False
PO07918,CA067,CR1159,2025-07-18,instagram,reel,271,801,1534,1855,0,False
PO07919,CA068,CR0130,2025-07-21,instagram,reel,5753,25926,45584,50344,2050,False
PO07920,CA068,CR0899,2025-07-21,instagram,long_form,1453,6216,10907,12098,500,False
PO07921,CA068,CR0170,2025-07-21,instagram,long_form,474,1487,3198,3925,0,False
PO07922,CA068,CR0314,2025-07-21,instagram,reel,100,300,706,751,0,False
PO07923,CA068,CR0219,2025-07-21,instagram,reel,3078,4923,9672,11852,500,False
PO07924,CA068,CR0511,2025-07-21,instagram,reel,2048,6429,11613,14073,500,False
PO07925,CA068,CR0786,2025-07-21,instagram,carousel,100,173,382,385,0,False
PO07926,CA068,CR1102,2025-07-21,instagram,short,12801,36798,71190,70219,2050,False
PO07927,CA068,CR0146,2025-07-21,instagram,reel,9103,34388,45731,55338,2050,False
PO07928,CA068,CR0370,2025-07-21,instagram,reel,1640,4139,10884,10830,500,False
PO07929,CA068,CR0513,2025-07-21,instagram,long_form,6411,8399,24404,23926,500,False
PO07930,CA068,CR0537,2025-07-21,instagram,short,4482,32986,148975,182859,5150,True
PO07931,CA068,CR0495,2025-07-21,instagram,reel,887,3300,5132,5140,0,False
PO07932,CA068,CR0510,2025-07-21,instagram,carousel,527,1472,2506,2474,0,False
PO07933,CA068,CR0991,2025-07-21,instagram,reel,3875,8353,16744,19314,500,False
PO07934,CA068,CR0027,2025-07-21,instagram,short,155,718,1674,1781,0,False
PO07935,CA068,CR0313,2025-07-21,instagram,reel,4054,11400,22206,26490,500,False
PO07936,CA068,CR0508,2025-07-21,instagram,reel,1944,7132,15484,15378,500,False
PO07937,CA068,CR1071,2025-07-21,instagram,carousel,4834,6457,15131,17433,500,False
PO07938,CA068,CR0578,2025-07-21,instagram,reel,38640,138053,182808,208679,5150,False
PO07939,CA068,CR0597,2025-07-21,instagram,reel,13945,26907,48226,58445,2050,False
PO07940,CA068,CR0822,2025-07-21,instagram,short,2171,7044,15230,15647,500,False
PO07941,CA068,CR1073,2025-07-21,instagram,reel,1700,3145,7678,7997,0,False
PO07942,CA068,CR0157,2025-07-21,instagram,carousel,1374,5152,8802,9276,0,False
PO07943,CA068,CR0319,2025-07-21,instagram,carousel,732,2639,5675,6035,0,False
PO07944,CA068,CR0036,2025-07-21,instagram,reel,2471,18800,26974,30066,500,False
PO07945,CA068,CR0523,2025-07-21,instagram,carousel,844,4310,7619,8096,0,False
PO07946,CA068,CR0880,2025-07-21,instagram,long_form,1826,4263,7364,8232,0,False
PO07947,CA068,CR0570,2025-07-21,instagram,reel,451,2038,2815,3441,0,False
PO07948,CA068,CR0071,2025-07-21,instagram,reel,11574,42013,78155,78765,2050,False
PO07949,CA068,CR0044,2025-07-21,instagram,reel,5012,10010,16030,18231,500,False
PO07950,CA068,CR0691,2025-07-21,instagram,short,272,1698,2344,2441,0,False
PO07951,CA068,CR0243,2025-07-21,instagram,short,995,2970,6927,7586,0,False
PO07952,CA068,CR0391,2025-07-21,instagram,reel,5709,12534,25087,25508,500,False
PO07953,CA068,CR0221,2025-07-21,instagram,reel,14355,27614,48851,51431,2050,False
PO07954,CA068,CR0106,2025-07-21,instagram,reel,5052,9638,25930,26047,500,False
PO07955,CA068,CR1080,2025-07-21,instagram,reel,117,319,397,462,0,False
PO07956,CA068,CR0529,2025-07-21,instagram,long_form,4145,10493,14380,17622,500,False
PO07957,CA068,CR0057,2025-07-21,instagram,reel,1863,4780,9978,10835,500,False
PO07958,CA068,CR0189,2025-07-21,instagram,reel,4191,14710,19802,21236,500,False
PO07959,CA068,CR0420,2025-07-21,instagram,carousel,11518,32176,49255,58198,2050,False
PO07960,CA068,CR0567,2025-07-21,instagram,reel,1025,3157,7364,7566,0,False
PO07961,CA068,CR1050,2025-07-21,instagram,reel,5021,14926,27886,29909,500,False
PO07962,CA068,CR0415,2025-07-21,instagram,reel,24716,53168,112634,112874,5150,False
PO07963,CA068,CR0856,2025-07-21,instagram,reel,3595,9929,12311,14541,500,False
PO07964,CA068,CR1085,2025-07-21,instagram,reel,2707,11285,21551,20999,500,False
PO07965,CA068,CR0943,2025-07-21,instagram,carousel,808,1997,3695,4437,0,False
PO07966,CA068,CR0001,2025-07-21,instagram,reel,3578,14797,25971,26667,500,False
PO07967,CA068,CR0599,2025-07-21,instagram,reel,661,1305,3036,3261,0,False
PO07968,CA068,CR0563,2025-07-21,instagram,short,5414,9869,17775,19630,500,False
PO07969,CA068,CR0362,2025-07-21,instagram,short,8987,24988,40280,42129,2050,False
PO07970,CA068,CR0002,2025-07-21,instagram,reel,4794,10590,17148,20621,500,False
PO07971,CA068,CR0118,2025-07-21,instagram,reel,2507,5959,10352,12321,500,False
PO07972,CA068,CR0582,2025-07-21,instagram,short,3081,5537,10139,11564,500,False
PO07973,CA068,CR0034,2025-07-21,instagram,reel,9759,31388,72800,71801,2050,False
PO07974,CA068,CR0276,2025-07-21,instagram,short,1752,2791,6190,7248,0,False
PO07975,CA068,CR0847,2025-07-21,instagram,reel,10745,24309,40060,46072,2050,False
PO07976,CA068,CR0316,2025-07-21,instagram,reel,722,1910,4422,4509,0,False
PO07977,CA068,CR0287,2025-07-21,instagram,short,5595,14979,22867,25308,500,False
PO07978,CA068,CR0497,2025-07-21,instagram,short,8789,16412,43969,44695,2050,False
PO07979,CA068,CR0603,2025-07-21,instagram,long_form,8607,21190,32350,36400,500,False
PO07980,CA068,CR0249,2025-07-21,instagram,reel,1293,2716,4287,4628,0,False
PO07981,CA068,CR0015,2025-07-21,instagram,carousel,491,747,1957,1904,0,False
PO07982,CA068,CR0083,2025-07-21,instagram,short,355,2359,3288,3779,0,False
PO07983,CA068,CR0274,2025-07-21,instagram,reel,7653,22331,60823,63085,2050,False
PO07984,CA068,CR0659,2025-07-21,instagram,reel,170139,735316,949646,1101950,18050,False
PO07985,CA068,CR0692,2025-07-21,instagram,reel,939,5308,6407,7794,0,False
PO07986,CA068,CR1127,2025-07-21,instagram,short,269,620,1120,1309,0,False
PO07987,CA068,CR0475,2025-07-21,instagram,reel,58993,219992,408967,428918,18050,False
PO07988,CA068,CR0210,2025-07-21,instagram,long_form,522,3439,17035,18767,500,True
PO07989,CA068,CR0006,2025-07-21,instagram,short,7286,19070,46880,48861,2050,False
PO07990,CA068,CR0487,2025-07-21,instagram,reel,458,1058,1493,1709,0,False
PO07991,CA068,CR0845,2025-07-21,instagram,short,712,1857,4422,4507,0,False
PO07992,CA068,CR0412,2025-07-21,instagram,reel,3190,11355,21809,24677,500,False
PO07993,CA068,CR1171,2025-07-21,instagram,reel,102,594,835,993,0,False
PO07994,CA068,CR0135,2025-07-21,instagram,short,1566,7878,17573,18486,500,False
PO07995,CA068,CR0687,2025-07-21,instagram,short,403,1375,1868,1973,0,False
PO07996,CA068,CR1004,2025-07-21,instagram,reel,1997,4115,8673,9989,0,False
PO07997,CA068,CR0167,2025-07-21,instagram,reel,403,785,1904,1926,0,False
PO07998,CA068,CR0832,2025-07-21,instagram,reel,4168,8280,15524,17811,500,False
PO07999,CA069,CR0617,2025-07-24,youtube,reel,795,2983,7632,8205,400,False
PO08000,CA069,CR0462,2025-07-24,youtube,short,227,506,1466,1433,0,False
PO08001,CA069,CR0917,2025-07-24,youtube,long_form,100,151,359,366,0,False
PO08002,CA069,CR1056,2025-07-24,youtube,reel,265,460,960,1023,0,False
PO08003,CA069,CR1156,2025-07-24,youtube,long_form,100,100,250,333,0,True
PO08004,CA069,CR0156,2025-07-24,youtube,reel,140,716,1436,1485,0,False
PO08005,CA069,CR0718,2025-07-24,youtube,reel,100,100,200,207,0,False
PO08006,CA069,CR0179,2025-07-24,youtube,short,327,1011,2458,2753,0,False
PO08007,CA069,CR1053,2025-07-24,youtube,short,100,100,100,100,0,False
PO08008,CA069,CR0323,2025-07-24,youtube,reel,127,372,619,689,0,False
PO08009,CA069,CR0946,2025-07-24,youtube,carousel,534,1577,2761,2798,0,False
PO08010,CA069,CR0124,2025-07-24,youtube,carousel,100,100,160,159,0,False
PO08011,CA069,CR0343,2025-07-24,youtube,carousel,100,129,187,186,0,False
PO08012,CA069,CR1082,2025-07-24,youtube,long_form,100,353,828,943,0,False
PO08013,CA069,CR0183,2025-07-24,youtube,reel,403,640,1426,1686,0,False
PO08014,CA069,CR0724,2025-07-24,youtube,carousel,544,824,2019,2057,0,False
PO08015,CA069,CR0863,2025-07-24,youtube,short,211,444,750,881,0,False
PO08016,CA069,CR0654,2025-07-24,youtube,long_form,114,187,444,492,0,False
PO08017,CA069,CR0951,2025-07-24,youtube,reel,312,1308,1991,2224,0,False
PO08018,CA069,CR0129,2025-07-24,youtube,short,100,136,197,229,0,False
PO08019,CA069,CR0408,2025-07-24,youtube,short,255,1110,1421,1652,0,False
PO08020,CA069,CR0706,2025-07-24,youtube,carousel,100,100,100,100,0,False
PO08021,CA069,CR1092,2025-07-24,youtube,short,176,421,626,682,0,False
PO08022,CA069,CR0517,2025-07-24,youtube,long_form,100,294,506,513,0,False
PO08023,CA069,CR0012,2025-07-24,youtube,short,1666,12057,14777,17939,400,False
PO08024,CA069,CR0795,2025-07-24,youtube,long_form,100,101,152,158,0,False
PO08025,CA069,CR0935,2025-07-24,youtube,short,230,523,1031,1068,0,False
PO08026,CA069,CR0004,2025-07-24,youtube,long_form,985,3907,25320,32857,1600,True
PO08027,CA069,CR0173,2025-07-24,youtube,short,100,135,190,197,0,False
PO08028,CA069,CR0696,2025-07-24,youtube,short,523,1579,2811,2812,0,False
PO08029,CA069,CR0254,2025-07-24,youtube,long_form,117,250,692,687,0,False
PO08030,CA069,CR0250,2025-07-24,youtube,carousel,100,433,906,965,0,False
PO08031,CA069,CR0759,2025-07-24,youtube,short,753,4288,5624,6147,0,False
PO08032,CA070,CR0307,2025-07-27,instagram,reel,62112,189181,255994,281890,19150,False
PO08033,CA070,CR1134,2025-07-27,instagram,short,220,675,1010,988,0,False
PO08034,CA070,CR0210,2025-07-27,instagram,short,29912,53285,120042,142640,7650,False
PO08035,CA070,CR0291,2025-07-27,instagram,long_form,16020,76821,105836,110821,7650,False
PO08036,CA070,CR0307,2025-07-27,instagram,short,2806,5230,11357,12452,0,False
PO08037,CA070,CR0229,2025-07-27,instagram,carousel,25344,65903,106877,105510,7650,False
PO08038,CA070,CR0852,2025-07-27,instagram,short,7852,36922,85636,89575,1900,False
PO08039,CA070,CR0990,2025-07-27,instagram,carousel,18007,67022,99351,105054,7650,False
PO08040,CA070,CR1111,2025-07-27,instagram,short,3623,11746,17800,20066,0,False
PO08041,CA070,CR1130,2025-07-27,instagram,reel,6614,36404,329613,356465,19150,True
PO08042,CA070,CR1042,2025-07-27,instagram,reel,11602,30198,55538,61181,1900,False
PO08043,CA070,CR0446,2025-07-27,instagram,short,9984,30439,312266,331696,19150,True
PO08044,CA070,CR0446,2025-07-27,instagram,reel,7652,21032,33841,35229,1900,False
PO08045,CA070,CR0600,2025-07-27,instagram,reel,24185,162601,699805,839451,19150,True
PO08046,CA070,CR0990,2025-07-27,instagram,short,25709,61774,80640,95445,1900,False
PO08047,CA070,CR0490,2025-07-27,instagram,long_form,3751,13011,20355,23348,0,False
PO08048,CA070,CR0353,2025-07-27,instagram,long_form,37681,119869,181025,209646,7650,False
PO08049,CA070,CR0911,2025-07-27,instagram,long_form,4752,12123,18171,19132,0,False
PO08050,CA070,CR1125,2025-07-27,instagram,reel,3766,5284,13948,14003,0,False
PO08051,CA070,CR0446,2025-07-27,instagram,long_form,5245,25083,47764,51961,1900,False
PO08052,CA070,CR0973,2025-07-27,instagram,long_form,24142,63453,88287,98664,7650,False
PO08053,CA070,CR1051,2025-07-27,instagram,reel,33322,69068,111634,122411,7650,False
PO08054,CA070,CR1150,2025-07-27,instagram,long_form,152,637,1187,1240,0,False
PO08055,CA070,CR0246,2025-07-27,instagram,reel,6961,30389,62188,74326,1900,False
PO08056,CA070,CR0490,2025-07-27,instagram,short,1134,10007,47673,59994,1900,True
PO08057,CA070,CR0545,2025-07-27,instagram,short,16918,58208,136523,136085,7650,False
PO08058,CA070,CR0229,2025-07-27,instagram,short,24876,98428,119390,142483,7650,False
PO08059,CA070,CR0434,2025-07-27,instagram,reel,20263,89966,196751,198288,7650,False
PO08060,CA070,CR0229,2025-07-27,instagram,carousel,22381,110387,181261,193595,7650,False
PO08061,CA070,CR0353,2025-07-27,instagram,reel,50737,140558,186819,219392,7650,False
PO08062,CA070,CR0545,2025-07-27,instagram,reel,4461,15735,28940,29258,1900,False
PO08063,CA070,CR1125,2025-07-27,instagram,reel,6869,47828,58977,69643,1900,False
PO08064,CA070,CR0490,2025-07-27,instagram,short,18389,93058,199790,216124,7650,False
PO08065,CA070,CR0446,2025-07-27,instagram,reel,51589,160978,336998,413221,19150,False
PO08066,CA070,CR0266,2025-07-27,instagram,long_form,14495,37400,73909,75137,1900,False
PO08067,CA070,CR0852,2025-07-27,instagram,long_form,28186,93811,218702,219625,7650,False
PO08068,CA070,CR0873,2025-07-27,instagram,reel,100,237,591,575,0,False
PO08069,CA070,CR0990,2025-07-27,instagram,short,11834,30705,75363,85255,1900,False
PO08070,CA070,CR0229,2025-07-27,instagram,reel,19266,55654,114996,122465,7650,False
PO08071,CA070,CR0719,2025-07-27,instagram,short,10594,51398,117992,127502,7650,False
PO08072,CA070,CR0353,2025-07-27,instagram,reel,10772,39559,51185,57989,1900,False
PO08073,CA070,CR0310,2025-07-27,instagram,short,42473,139421,288740,344906,19150,False
PO08074,CA070,CR0034,2025-07-27,instagram,reel,9688,21465,34757,38430,1900,False
PO08075,CA070,CR0911,2025-07-27,instagram,reel,1619,7148,10101,10406,0,False
PO08076,CA070,CR0545,2025-07-27,instagram,reel,32716,82575,120673,122147,7650,False
PO08077,CA070,CR1123,2025-07-27,instagram,reel,18427,49290,68850,74660,1900,False
PO08078,CA070,CR1111,2025-07-27,instagram,reel,2989,6444,14525,16139,0,False
PO08079,CA070,CR0659,2025-07-27,instagram,short,11382,21178,42008,47540,1900,False
PO08080,CA070,CR0545,2025-07-27,instagram,reel,9503,21741,35984,38986,1900,False
PO08081,CA070,CR1051,2025-07-27,instagram,long_form,53074,158003,229125,251221,19150,False
PO08082,CA070,CR0067,2025-07-27,instagram,reel,84675,169721,398639,434052,19150,False
PO08083,CA070,CR0642,2025-07-27,instagram,reel,34564,89987,114466,130006,7650,False
PO08084,CA070,CR0829,2025-07-27,instagram,short,2382,9914,15489,17878,0,False
PO08085,CA070,CR0434,2025-07-27,instagram,reel,10905,25320,208010,237411,7650,True
PO08086,CA070,CR0227,2025-07-27,instagram,reel,7426,18969,24799,29264,1900,False
PO08087,CA070,CR0973,2025-07-27,instagram,short,40401,230842,466774,464378,19150,False
PO08088,CA070,CR1123,2025-07-27,instagram,reel,2507,9720,17835,19998,0,False
PO08089,CA070,CR0307,2025-07-27,instagram,short,17877,53145,96622,100373,7650,False
PO08090,CA070,CR0210,2025-07-27,instagram,short,78531,177262,283969,313477,19150,False
PO08091,CA070,CR1175,2025-07-27,instagram,reel,240110,978667,1796514,1770370,67000,False
PO08092,CA070,CR0266,2025-07-27,instagram,short,8530,18299,40435,44226,1900,False
PO08093,CA070,CR0446,2025-07-27,instagram,reel,45425,80355,176146,185044,7650,False
PO08094,CA070,CR1175,2025-07-27,instagram,short,46696,263338,396147,388858,19150,False
PO08095,CA070,CR0490,2025-07-27,instagram,short,11499,24931,57870,58462,1900,False
PO08096,CA070,CR0719,2025-07-27,instagram,reel,23715,63309,81624,97473,1900,False
PO08097,CA070,CR1130,2025-07-27,instagram,reel,12579,26498,42628,48916,1900,False
PO08098,CA070,CR0886,2025-07-27,instagram,reel,34300,105138,182982,191674,7650,False
PO08099,CA070,CR0476,2025-07-27,instagram,reel,100,131,1154,1387,0,True
PO08100,CA070,CR0767,2025-07-27,instagram,long_form,32615,193657,318720,371224,19150,False
PO08101,CA070,CR0987,2025-07-27,instagram,reel,45154,86601,154081,168533,7650,False
PO08102,CA070,CR0229,2025-07-27,instagram,short,12478,77554,122122,133154,7650,False
PO08103,CA070,CR0719,2025-07-27,instagram,short,4468,16959,26205,28697,1900,False
PO08104,CA070,CR0303,2025-07-27,instagram,short,61810,370227,547197,628797,19150,False
PO08105,CA070,CR1130,2025-07-27,instagram,reel,9862,24206,36957,39956,1900,False
PO08106,CA070,CR0642,2025-07-27,instagram,reel,137544,333895,533211,616667,19150,False
PO08107,CA070,CR0886,2025-07-27,instagram,reel,8864,14016,38717,38704,1900,False
PO08108,CA070,CR0266,2025-07-27,instagram,short,25131,64813,100820,114857,7650,False
PO08109,CA070,CR1097,2025-07-27,instagram,reel,2098,9210,14085,14089,0,False
PO08110,CA070,CR0246,2025-07-27,instagram,short,17050,27187,49845,61668,1900,False
PO08111,CA070,CR0881,2025-07-27,instagram,reel,4270,7970,15652,15913,0,False
PO08112,CA070,CR0659,2025-07-27,instagram,short,5700,25327,111782,146123,7650,True
PO08113,CA070,CR0303,2025-07-27,instagram,reel,24985,37269,98735,104157,7650,False
PO08114,CA070,CR0847,2025-07-27,instagram,reel,16171,50169,71265,83250,1900,False
PO08115,CA070,CR0246,2025-07-27,instagram,reel,50265,227201,309230,345026,19150,False
PO08116,CA070,CR0446,2025-07-27,instagram,reel,92126,180629,381244,405519,19150,False
PO08117,CA070,CR0523,2025-07-27,instagram,reel,786,1808,2816,2917,0,False
PO08118,CA070,CR0210,2025-07-27,instagram,short,8222,23625,36888,38282,1900,False
PO08119,CA070,CR1175,2025-07-27,instagram,reel,4435,12242,20327,24768,1900,False
PO08120,CA070,CR0229,2025-07-27,instagram,reel,264775,801361,973707,1148584,67000,False
PO08121,CA070,CR0886,2025-07-27,instagram,short,152509,385281,749758,795427,19150,False
PO08122,CA070,CR0719,2025-07-27,instagram,short,2306,9692,39924,49596,1900,True
PO08123,CA070,CR1130,2025-07-27,instagram,long_form,570,3000,5168,5937,0,False
PO08124,CA070,CR1175,2025-07-27,instagram,reel,14012,60663,88959,93022,1900,False
PO08125,CA070,CR0767,2025-07-27,instagram,long_form,2427,8902,16461,17511,0,False
PO08126,CA070,CR0852,2025-07-27,instagram,reel,16694,56455,129561,157885,7650,False
PO08127,CA070,CR0987,2025-07-27,instagram,long_form,784,2429,4878,5208,0,False
PO08128,CA070,CR0884,2025-07-27,instagram,reel,540,1311,2738,3069,0,False
PO08129,CA070,CR0034,2025-07-27,instagram,reel,57716,171802,262258,293689,19150,False
PO08130,CA070,CR0475,2025-07-27,instagram,reel,47221,137983,192382,207129,7650,False
PO08131,CA070,CR0246,2025-07-27,instagram,reel,1661,20661,120269,128768,7650,True
PO08132,CA070,CR0160,2025-07-27,instagram,reel,92309,160587,339454,366995,19150,False
PO08133,CA070,CR1123,2025-07-27,instagram,carousel,208,944,1258,1473,0,False
PO08134,CA070,CR0987,2025-07-27,instagram,reel,33672,57560,107422,121475,7650,False
PO08135,CA070,CR1125,2025-07-27,instagram,short,1661,5128,37351,46990,1900,True
PO08136,CA070,CR0659,2025-07-27,instagram,reel,22445,52984,123808,135609,7650,False
PO08137,CA070,CR1097,2025-07-27,instagram,long_form,5025,12618,24085,26396,1900,False
PO08138,CA070,CR0987,2025-07-27,instagram,short,3642,8846,18182,17963,0,False
PO08139,CA070,CR0434,2025-07-27,instagram,long_form,12393,25923,47346,46622,1900,False
PO08140,CA070,CR0990,2025-07-27,instagram,reel,29221,102641,253417,261780,19150,False
PO08141,CA070,CR1041,2025-07-27,instagram,reel,2181,8845,19903,21594,0,False
PO08142,CA070,CR0761,2025-07-27,instagram,reel,3527,28040,43584,42411,1900,False
PO08143,CA070,CR0246,2025-07-27,instagram,carousel,8503,19348,38270,37249,1900,False
PO08144,CA070,CR0011,2025-07-27,instagram,reel,371,1816,2681,2834,0,False
PO08145,CA070,CR0767,2025-07-27,instagram,short,8041,21835,39603,46989,1900,False
PO08146,CA070,CR0490,2025-07-27,instagram,reel,5839,19650,35420,40469,1900,False
PO08147,CA070,CR0310,2025-07-27,instagram,reel,15224,32019,58579,57066,1900,False
PO08148,CA070,CR1042,2025-07-27,instagram,reel,4065,8107,14263,16677,0,False
PO08149,CA070,CR0528,2025-07-27,instagram,reel,2020,6634,10780,12798,0,False
PO08150,CA070,CR1125,2025-07-27,instagram,short,8727,29322,60169,63915,1900,False
PO08151,CA070,CR0291,2025-07-27,instagram,reel,62434,152091,221462,238473,7650,False
PO08152,CA070,CR0246,2025-07-27,instagram,reel,9398,24161,56787,60119,1900,False
PO08153,CA070,CR0446,2025-07-27,instagram,long_form,25803,57766,131483,160498,7650,False
PO08154,CA070,CR0905,2025-07-27,instagram,reel,33936,118242,175145,195378,7650,False
PO08155,CA070,CR1125,2025-07-27,instagram,reel,45834,120318,200494,203702,7650,False
PO08156,CA070,CR0991,2025-07-27,instagram,reel,4493,14328,23960,23987,0,False
PO08157,CA070,CR0131,2025-07-27,instagram,short,546,1807,3216,3368,0,False
PO08158,CA070,CR0911,2025-07-27,instagram,reel,6398,26907,37491,40278,1900,False
PO08159,CA070,CR0160,2025-07-27,instagram,short,21118,44261,64237,75728,1900,False
PO08160,CA070,CR0847,2025-07-27,instagram,reel,23896,72745,173419,169955,7650,False
PO08161,CA070,CR0719,2025-07-27,instagram,short,794,3648,4881,5229,0,False
PO08162,CA070,CR1051,2025-07-27,instagram,reel,28555,62739,132238,141498,7650,False
PO08163,CA070,CR0642,2025-07-27,instagram,reel,12259,31819,59225,57663,1900,False
PO08164,CA070,CR0210,2025-07-27,instagram,reel,3595,10809,18391,17936,0,False
PO08165,CA070,CR0987,2025-07-27,instagram,reel,6745,15522,26738,29581,1900,False
PO08166,CA070,CR0847,2025-07-27,instagram,carousel,2782,5656,13349,15128,0,False
PO08167,CA070,CR1111,2025-07-27,instagram,reel,9574,58187,111720,110918,7650,False
PO08168,CA070,CR0434,2025-07-27,instagram,reel,3337,9963,16532,18573,0,False
PO08169,CA070,CR0067,2025-07-27,instagram,long_form,11341,20112,45784,47376,1900,False
PO08170,CA070,CR0990,2025-07-27,instagram,reel,123219,214242,515918,502214,19150,False
PO08171,CA070,CR0886,2025-07-27,instagram,reel,153671,238393,489089,549513,19150,False
PO08172,CA070,CR0600,2025-07-27,instagram,long_form,8413,22612,31918,32437,1900,False
PO08173,CA070,CR1111,2025-07-27,instagram,reel,1558,6481,11145,11041,0,False
PO08174,CA070,CR1042,2025-07-27,instagram,short,63650,266715,418658,456776,19150,False
PO08175,CA070,CR0911,2025-07-27,instagram,short,17157,107769,194567,189866,7650,False
PO08176,CA070,CR0545,2025-07-27,instagram,reel,88012,216375,296270,330385,19150,False
PO08177,CA070,CR0490,2025-07-27,instagram,reel,8383,60959,95096,94745,1900,False
PO08178,CA070,CR0115,2025-07-27,instagram,short,3069,5598,9437,11137,0,False
PO08179,CA070,CR0761,2025-07-27,instagram,carousel,36636,106049,191471,191140,7650,False
PO08180,CA070,CR0659,2025-07-27,instagram,reel,20055,26911,69331,73070,1900,False
PO08181,CA070,CR1097,2025-07-27,instagram,reel,20456,59131,85165,92137,1900,False
PO08182,CA070,CR0310,2025-07-27,instagram,long_form,21237,51547,116251,125602,7650,False
PO08183,CA070,CR0307,2025-07-27,instagram,reel,13715,34310,58174,68326,1900,False
PO08184,CA070,CR0034,2025-07-27,instagram,carousel,10971,30182,64402,62574,1900,False
PO08185,CA070,CR0310,2025-07-27,instagram,short,11018,63094,84309,93339,1900,False
PO08186,CA070,CR0973,2025-07-27,instagram,reel,36963,133495,231048,267571,19150,False
PO08187,CA070,CR0767,2025-07-27,instagram,reel,95958,157098,390396,397683,19150,False
PO08188,CA070,CR0353,2025-07-27,instagram,reel,82227,346903,537552,547682,19150,False
PO08189,CA070,CR0067,2025-07-27,instagram,reel,2497,13969,28598,30786,1900,False
PO08190,CA070,CR0799,2025-07-27,instagram,short,5712,40882,60001,70795,1900,False
PO08191,CA070,CR0662,2025-07-27,instagram,short,100,102,183,218,0,False
PO08192,CA070,CR0353,2025-07-27,instagram,short,15195,33217,67589,77343,1900,False
PO08193,CA070,CR1051,2025-07-27,instagram,carousel,12421,27968,54003,59534,1900,False
PO08194,CA070,CR1123,2025-07-27,instagram,reel,10835,31946,65742,64944,1900,False
PO08195,CA070,CR0160,2025-07-27,instagram,reel,13972,50140,75883,81712,1900,False
PO08196,CA070,CR0642,2025-07-27,instagram,reel,20458,68690,111547,119107,7650,False
PO08197,CA070,CR0886,2025-07-27,instagram,reel,81761,231759,368509,439813,19150,False
PO08198,CA070,CR1055,2025-07-27,instagram,short,8476,47930,63159,70609,1900,False
PO08199,CA070,CR0998,2025-07-27,instagram,short,144325,609349,900577,983247,67000,False
PO08200,CA070,CR0464,2025-07-27,instagram,reel,1219,1856,4417,5005,0,False
PO08201,CA070,CR0533,2025-07-27,instagram,reel,759,1840,3180,3257,0,False
PO08202,CA070,CR0780,2025-07-27,instagram,short,6801,25607,49226,59410,1900,False
PO08203,CA070,CR0998,2025-07-27,instagram,long_form,5083,17529,32863,39651,1900,False
PO08204,CA070,CR1061,2025-07-27,instagram,short,532,773,1971,2098,0,False
PO08205,CA070,CR1191,2025-07-27,instagram,short,122,348,661,743,0,False
PO08206,CA070,CR0973,2025-07-27,instagram,short,20768,37183,76577,74500,1900,False
PO08207,CA070,CR0767,2025-07-27,instagram,reel,33063,83322,189115,224494,7650,False
PO08208,CA070,CR1123,2025-07-27,instagram,short,11180,30344,45772,45390,1900,False
PO08209,CA070,CR0446,2025-07-27,instagram,reel,11877,64625,89533,92363,1900,False
PO08210,CA070,CR0397,2025-07-27,instagram,carousel,100,100,100,100,0,False
PO08211,CA070,CR1123,2025-07-27,instagram,reel,190834,371999,682092,727327,19150,False
PO08212,CA070,CR0160,2025-07-27,instagram,reel,6539,18797,24048,28812,1900,False
PO08213,CA070,CR0121,2025-07-27,instagram,reel,207,439,1002,1013,0,False
PO08214,CA070,CR0160,2025-07-27,instagram,reel,3312,17506,33074,36833,1900,False
PO08215,CA070,CR0602,2025-07-27,instagram,reel,253,629,1225,1398,0,False
PO08216,CA070,CR1130,2025-07-27,instagram,short,2648,8489,87228,96998,1900,True
PO08217,CA070,CR0847,2025-07-27,instagram,reel,55166,96872,187492,211163,7650,False
PO08218,CA070,CR0303,2025-07-27,instagram,short,1795,3990,6388,7437,0,False
PO08219,CA070,CR0490,2025-07-27,instagram,reel,20403,47684,101478,114484,7650,False
PO08220,CA070,CR0911,2025-07-27,instagram,reel,9653,20738,42102,49802,1900,False
PO08221,CA070,CR0353,2025-07-27,instagram,short,4471,18256,29471,32885,1900,False
PO08222,CA070,CR0749,2025-07-27,instagram,reel,4065,19495,33606,38592,1900,False
PO08223,CA071,CR0287,2025-07-30,instagram,reel,1358,3317,5812,6867,0,False
PO08224,CA071,CR0276,2025-07-30,instagram,reel,5793,15781,24718,25817,600,False
PO08225,CA071,CR0792,2025-07-30,instagram,long_form,2066,7048,8977,10162,0,False
PO08226,CA071,CR0821,2025-07-30,instagram,reel,5248,15619,40411,40160,600,False
PO08227,CA071,CR0032,2025-07-30,instagram,carousel,1290,2806,5993,7216,0,False
PO08228,CA071,CR0221,2025-07-30,instagram,reel,962,2151,3748,4611,0,False
PO08229,CA071,CR0313,2025-07-30,instagram,reel,2259,6579,14304,16020,600,False
PO08230,CA071,CR0341,2025-07-30,instagram,reel,9305,19143,40566,39536,600,False
PO08231,CA071,CR1048,2025-07-30,instagram,reel,718,2182,4127,4840,0,False
PO08232,CA071,CR0600,2025-07-30,instagram,short,36062,142831,245177,275522,6050,False
PO08233,CA071,CR0174,2025-07-30,instagram,carousel,130,275,567,613,0,False
PO08234,CA071,CR0203,2025-07-30,instagram,reel,1998,11536,15518,19063,600,False
PO08235,CA071,CR0186,2025-07-30,instagram,carousel,304,511,1226,1210,0,False
PO08236,CA071,CR0015,2025-07-30,instagram,short,1511,3978,6418,7154,0,False
PO08237,CA071,CR0020,2025-07-30,instagram,reel,4382,10167,20740,20228,600,False
PO08238,CA071,CR0064,2025-07-30,instagram,short,18040,45409,56654,65099,2400,False
PO08239,CA071,CR0243,2025-07-30,instagram,reel,2571,5197,9766,11586,600,False
PO08240,CA071,CR0793,2025-07-30,instagram,long_form,4726,17432,37658,42352,2400,False
PO08241,CA071,CR0473,2025-07-30,instagram,reel,2261,12630,17341,18561,600,False
PO08242,CA071,CR0495,2025-07-30,instagram,reel,7984,28396,47011,48084,2400,False
PO08243,CA071,CR0305,2025-07-30,instagram,short,2938,12472,30061,33611,600,False
PO08244,CA071,CR0319,2025-07-30,instagram,reel,1764,4183,35054,39712,600,True
PO08245,CA071,CR0572,2025-07-30,instagram,long_form,8502,34065,61089,68324,2400,False
PO08246,CA071,CR0717,2025-07-30,instagram,short,5170,28711,58319,58305,2400,False
PO08247,CA071,CR0973,2025-07-30,instagram,short,39499,120335,185014,186968,6050,False
PO08248,CA071,CR0320,2025-07-30,instagram,short,2931,5208,12568,12362,600,False
PO08249,CA071,CR0252,2025-07-30,instagram,short,4891,30959,56498,57941,2400,False
PO08250,CA071,CR0483,2025-07-30,instagram,reel,490,1259,1556,1836,0,False
PO08251,CA071,CR0370,2025-07-30,instagram,reel,13555,79962,154823,154238,6050,False
PO08252,CA071,CR0029,2025-07-30,instagram,short,508,1997,5143,5271,0,False
PO08253,CA071,CR0642,2025-07-30,instagram,carousel,4335,21292,38351,44874,2400,False
PO08254,CA071,CR0829,2025-07-30,instagram,reel,707,2674,3323,4002,0,False
PO08255,CA071,CR0511,2025-07-30,instagram,short,16534,34496,84752,95212,2400,False
PO08256,CA071,CR0713,2025-07-30,instagram,reel,19704,64118,79444,95273,2400,False
PO08257,CA071,CR0115,2025-07-30,instagram,reel,8318,32708,44919,52035,2400,False
PO08258,CA071,CR0425,2025-07-30,instagram,reel,249,659,1878,1827,0,False
PO08259,CA071,CR0434,2025-07-30,instagram,carousel,6347,14362,22899,28244,600,False
PO08260,CA071,CR0452,2025-07-30,instagram,reel,1972,6275,10588,10330,0,False
PO08261,CA071,CR0057,2025-07-30,instagram,carousel,303,926,9466,10789,600,True
PO08262,CA071,CR1035,2025-07-30,instagram,short,2345,4674,10658,10367,0,False
PO08263,CA071,CR0529,2025-07-30,instagram,reel,747,2952,4234,4609,0,False
PO08264,CA071,CR0273,2025-07-30,instagram,reel,4955,15268,38943,38912,600,False
PO08265,CA071,CR0106,2025-07-30,instagram,long_form,1065,1959,4199,4454,0,False
PO08266,CA071,CR0956,2025-07-30,instagram,reel,1459,7015,16452,17373,600,False
PO08267,CA071,CR0137,2025-07-30,instagram,short,953,2059,3129,3470,0,False
PO08268,CA071,CR1066,2025-07-30,instagram,short,393,1817,3124,3612,0,False
PO08269,CA071,CR0180,2025-07-30,instagram,reel,9528,65900,82821,98992,2400,False
PO08270,CA071,CR0280,2025-07-30,instagram,reel,20790,64714,98417,105538,6050,False
PO08271,CA072,CR1023,2025-08-02,youtube,short,1398,2904,6896,7046,0,False
PO08272,CA072,CR0454,2025-08-02,youtube,short,2155,9423,12766,13594,550,False
PO08273,CA072,CR0125,2025-08-02,youtube,short,4008,7953,13740,14686,550,False
PO08274,CA072,CR1094,2025-08-02,youtube,short,214,815,4426,4993,0,True
PO08275,CA072,CR0830,2025-08-02,youtube,short,521,1798,2651,2773,0,False
PO08276,CA072,CR0164,2025-08-02,youtube,short,1787,4985,7652,8124,550,False
PO08277,CA072,CR0346,2025-08-02,youtube,long_form,2510,18520,25116,28831,550,False
PO08278,CA072,CR0541,2025-08-02,youtube,short,2448,11944,16942,19459,550,False
PO08279,CA072,CR0992,2025-08-02,youtube,short,879,5702,10733,10849,550,False
PO08280,CA072,CR0893,2025-08-02,youtube,short,546,3112,3942,4618,0,False
PO08281,CA072,CR1001,2025-08-02,youtube,short,930,2001,3784,3755,0,False
PO08282,CA072,CR0230,2025-08-02,youtube,short,1334,3057,5389,5367,0,False
PO08283,CA072,CR0393,2025-08-02,youtube,short,142,356,617,614,0,False
PO08284,CA072,CR1087,2025-08-02,youtube,short,3085,8050,14626,16117,550,False
PO08285,CA072,CR0560,2025-08-02,youtube,long_form,587,1886,3811,4519,0,False
PO08286,CA072,CR0668,2025-08-02,youtube,reel,1354,5363,8302,8215,550,False
PO08287,CA072,CR0859,2025-08-02,youtube,short,1460,3699,4861,5558,0,False
PO08288,CA072,CR0485,2025-08-02,youtube,carousel,198,294,645,744,0,False
PO08289,CA072,CR0985,2025-08-02,youtube,short,1561,6251,8216,9718,550,False
PO08290,CA072,CR0715,2025-08-02,youtube,carousel,100,230,2165,2494,0,True
PO08291,CA072,CR0162,2025-08-02,youtube,long_form,379,718,1374,1413,0,False
PO08292,CA072,CR0344,2025-08-02,youtube,reel,100,194,318,315,0,False
PO08293,CA072,CR1012,2025-08-02,youtube,short,254,1049,1230,1520,0,False
PO08294,CA072,CR0114,2025-08-02,youtube,long_form,518,1740,4326,4524,0,False
PO08295,CA072,CR1092,2025-08-02,youtube,carousel,100,100,130,141,0,False
PO08296,CA072,CR0635,2025-08-02,youtube,short,312,841,1249,1362,0,False
PO08297,CA072,CR1043,2025-08-02,youtube,short,445,950,1486,1621,0,False
PO08298,CA072,CR0598,2025-08-02,youtube,short,5021,7562,15733,19635,550,False
PO08299,CA072,CR0117,2025-08-02,youtube,long_form,1799,5055,10522,10239,550,False
PO08300,CA072,CR0023,2025-08-02,youtube,short,1229,3054,3910,4509,0,False
PO08301,CA072,CR0421,2025-08-02,youtube,short,2301,7280,9371,11246,550,False
PO08302,CA072,CR0123,2025-08-02,youtube,short,100,517,2424,2676,0,True
PO08303,CA072,CR0811,2025-08-02,youtube,short,340,991,2464,2399,0,False
PO08304,CA072,CR0278,2025-08-02,youtube,short,2081,13686,20109,21234,550,False
PO08305,CA072,CR1174,2025-08-02,youtube,short,856,2024,4538,5305,0,False
PO08306,CA072,CR1067,2025-08-02,youtube,reel,1875,5280,12663,14986,550,False
PO08307,CA072,CR0742,2025-08-02,youtube,short,632,823,2136,2298,0,False
PO08308,CA072,CR0439,2025-08-02,youtube,long_form,896,3167,6005,6359,0,False
PO08309,CA072,CR1019,2025-08-02,youtube,short,985,2522,6252,6076,0,False
PO08310,CA072,CR1200,2025-08-02,youtube,short,22600,74538,174257,178963,5450,False
PO08311,CA072,CR0688,2025-08-02,youtube,carousel,358,707,1415,1597,0,False
PO08312,CA072,CR0345,2025-08-02,youtube,reel,239,563,979,1125,0,False
PO08313,CA072,CR0187,2025-08-02,youtube,short,27840,55351,112930,125448,5450,False
PO08314,CA072,CR0972,2025-08-02,youtube,reel,296,627,1567,1772,0,False
PO08315,CA072,CR0752,2025-08-02,youtube,short,2788,8431,12433,13969,550,False
PO08316,CA072,CR0368,2025-08-02,youtube,carousel,536,2137,2908,3148,0,False
PO08317,CA072,CR0843,2025-08-02,youtube,long_form,600,1645,2098,2576,0,False
PO08318,CA072,CR0961,2025-08-02,youtube,short,222,1043,1422,1641,0,False
PO08319,CA072,CR0198,2025-08-02,youtube,short,768,1909,2695,2881,0,False
PO08320,CA072,CR1038,2025-08-02,youtube,short,1510,3648,7906,8763,550,False
PO08321,CA072,CR0122,2025-08-02,youtube,short,1322,2410,4271,4898,0,False
PO08322,CA072,CR0675,2025-08-02,youtube,reel,337,1121,1661,1796,0,False
PO08323,CA072,CR0736,2025-08-02,youtube,short,23902,69148,101382,101237,5450,False
PO08324,CA072,CR0725,2025-08-02,youtube,short,2648,7321,14241,14831,550,False
PO08325,CA072,CR1126,2025-08-02,youtube,reel,256,844,1665,1641,0,False
PO08326,CA072,CR0775,2025-08-02,youtube,carousel,100,117,265,288,0,False
PO08327,CA072,CR0308,2025-08-02,youtube,short,21176,168989,266123,258826,5450,False
PO08328,CA072,CR1009,2025-08-02,youtube,short,433,1126,1737,1806,0,False
PO08329,CA072,CR0929,2025-08-02,youtube,long_form,100,100,255,297,0,True
PO08330,CA072,CR1083,2025-08-02,youtube,carousel,100,354,589,650,0,False
PO08331,CA072,CR0052,2025-08-02,youtube,reel,2462,7339,15484,16981,550,False
PO08332,CA072,CR0734,2025-08-02,youtube,short,3048,8175,13971,14526,550,False
PO08333,CA072,CR0781,2025-08-02,youtube,carousel,150,303,563,676,0,False
PO08334,CA072,CR0866,2025-08-02,youtube,short,2686,6912,10343,12126,550,False
PO08335,CA072,CR0232,2025-08-02,youtube,long_form,8187,27480,39201,41113,2200,False
PO08336,CA072,CR0789,2025-08-02,youtube,short,3245,7694,15018,15348,550,False
PO08337,CA072,CR0437,2025-08-02,youtube,long_form,446,816,2024,2035,0,False
PO08338,CA072,CR0257,2025-08-02,youtube,long_form,164,557,1071,1293,0,False
PO08339,CA072,CR1025,2025-08-02,youtube,short,129,410,827,987,0,False
PO08340,CA072,CR0159,2025-08-02,youtube,short,370,531,1174,1388,0,False
PO08341,CA072,CR0689,2025-08-02,youtube,short,586,1200,1992,2162,0,False
PO08342,CA072,CR1026,2025-08-02,youtube,long_form,648,1676,1988,2458,0,False
PO08343,CA072,CR0827,2025-08-02,youtube,reel,100,402,1729,2252,0,True
PO08344,CA072,CR0311,2025-08-02,youtube,short,457,991,1447,1665,0,False
PO08345,CA072,CR0770,2025-08-02,youtube,short,267,1022,1932,2095,0,False
PO08346,CA072,CR0723,2025-08-02,youtube,long_form,154,616,992,1206,0,False
PO08347,CA072,CR0669,2025-08-02,youtube,short,506,2844,3309,4090,0,False
PO08348,CA072,CR1198,2025-08-02,youtube,long_form,143,795,1152,1226,0,False
PO08349,CA072,CR0549,2025-08-02,youtube,short,390,1412,2011,2256,0,False
PO08350,CA072,CR0025,2025-08-02,youtube,long_form,669,1725,2555,2689,0,False
PO08351,CA072,CR0347,2025-08-02,youtube,short,1390,3271,4399,5105,0,False
PO08352,CA072,CR0773,2025-08-02,youtube,short,6129,23990,63520,63565,2200,False
PO08353,CA072,CR1163,2025-08-02,youtube,short,2407,6022,10099,12128,550,False
PO08354,CA072,CR0376,2025-08-02,youtube,short,1023,2681,3864,4641,0,False
PO08355,CA072,CR1162,2025-08-02,youtube,short,1673,3321,6159,6561,0,False
PO08356,CA072,CR0065,2025-08-02,youtube,short,4496,7733,16233,19334,550,False
PO08357,CA073,CR0534,2025-08-05,instagram,short,2270,9067,10987,13167,400,False
PO08358,CA073,CR0826,2025-08-05,instagram,reel,100,100,107,125,0,False
PO08359,CA073,CR0224,2025-08-05,instagram,reel,2054,4783,10733,10617,400,False
PO08360,CA073,CR1057,2025-08-05,instagram,reel,500,810,1853,2089,0,False
PO08361,CA073,CR0237,2025-08-05,instagram,carousel,100,100,117,119,0,False
PO08362,CA073,CR0779,2025-08-05,instagram,reel,2333,5030,9551,9905,400,False
PO08363,CA073,CR0590,2025-08-05,instagram,reel,669,996,2450,2423,0,False
PO08364,CA073,CR1184,2025-08-05,instagram,reel,1252,4613,9429,10987,400,False
PO08365,CA073,CR0868,2025-08-05,instagram,reel,1430,6855,9847,10718,400,False
PO08366,CA073,CR0673,2025-08-05,instagram,carousel,161,370,855,980,0,False
PO08367,CA073,CR0171,2025-08-05,instagram,reel,4958,12634,17736,19240,400,False
PO08368,CA073,CR0504,2025-08-05,instagram,reel,5453,12741,28630,28284,400,False
PO08369,CA073,CR0997,2025-08-05,instagram,reel,568,1038,2257,2401,0,False
PO08370,CA073,CR1095,2025-08-05,instagram,long_form,328,857,1079,1293,0,False
PO08371,CA073,CR0645,2025-08-05,instagram,reel,1651,2974,6182,6092,0,False
PO08372,CA073,CR0061,2025-08-05,instagram,reel,1652,2497,6051,5963,0,False
PO08373,CA073,CR0379,2025-08-05,instagram,short,155,342,706,853,0,False
PO08374,CA073,CR1055,2025-08-05,instagram,short,450,2398,3525,4311,0,False
PO08375,CA073,CR0907,2025-08-05,instagram,reel,287,509,1340,1404,0,False
PO08376,CA073,CR0399,2025-08-05,instagram,short,467,1842,3970,4056,0,False
PO08377,CA073,CR0201,2025-08-05,instagram,reel,104,535,741,844,0,False
PO08378,CA073,CR0448,2025-08-05,instagram,reel,8256,20619,27916,30915,400,False
PO08379,CA073,CR0716,2025-08-05,instagram,long_form,100,206,362,378,0,False
PO08380,CA073,CR0606,2025-08-05,instagram,reel,642,1087,1985,2393,0,False
PO08381,CA073,CR1117,2025-08-05,instagram,reel,129,450,842,824,0,False
PO08382,CA073,CR0352,2025-08-05,instagram,long_form,472,1925,2908,3102,0,False
PO08383,CA073,CR0910,2025-08-05,instagram,reel,100,635,920,956,0,False
PO08384,CA073,CR0219,2025-08-05,instagram,reel,3001,6434,15161,18014,400,False
PO08385,CA073,CR0544,2025-08-05,instagram,reel,242,499,919,912,0,False
PO08386,CA073,CR0858,2025-08-05,instagram,short,534,1461,2245,2735,0,False
PO08387,CA073,CR0681,2025-08-05,instagram,reel,2213,5374,7295,8573,400,False
PO08388,CA073,CR0794,2025-08-05,instagram,reel,263,588,1234,1381,0,False
PO08389,CA073,CR0721,2025-08-05,instagram,long_form,100,214,394,430,0,False
PO08390,CA073,CR0226,2025-08-05,instagram,short,541,2833,14654,17636,400,True
PO08391,CA074,CR0197,2025-08-08,youtube,reel,1400,2239,5504,5411,0,False
PO08392,CA074,CR0052,2025-08-08,youtube,short,145,908,1439,1499,0,False
PO08393,CA074,CR1019,2025-08-08,youtube,short,463,1464,2472,2759,0,False
PO08394,CA074,CR0308,2025-08-08,youtube,short,15645,52053,93526,95044,4850,False
PO08395,CA074,CR0355,2025-08-08,youtube,reel,212,490,1304,1311,0,False
PO08396,CA074,CR1026,2025-08-08,youtube,short,109,254,403,410,0,False
PO08397,CA074,CR0531,2025-08-08,youtube,short,732,4702,7905,8245,500,False
PO08398,CA074,CR0723,2025-08-08,youtube,short,1267,6271,9662,10234,500,False
PO08399,CA074,CR1087,2025-08-08,youtube,short,138,725,1083,1172,0,False
PO08400,CA074,CR0373,2025-08-08,youtube,short,1170,4867,6611,7010,0,False
PO08401,CA074,CR0125,2025-08-08,youtube,short,2340,6758,13396,15861,500,False
PO08402,CA074,CR0587,2025-08-08,youtube,short,105,395,601,702,0,False
PO08403,CA074,CR0485,2025-08-08,youtube,short,342,1491,2281,2429,0,False
PO08404,CA074,CR0358,2025-08-08,youtube,long_form,7448,35000,56677,58388,1950,False
PO08405,CA074,CR0346,2025-08-08,youtube,short,3374,8509,13785,14848,500,False
PO08406,CA074,CR0409,2025-08-08,youtube,reel,466,2179,18869,21597,500,True
PO08407,CA074,CR0023,2025-08-08,youtube,reel,100,212,338,384,0,False
PO08408,CA074,CR0688,2025-08-08,youtube,reel,1032,2742,3880,4274,0,False
PO08409,CA074,CR1098,2025-08-08,youtube,short,20176,69310,88894,102845,4850,False
PO08410,CA074,CR0030,2025-08-08,youtube,short,557,2042,2703,3205,0,False
PO08411,CA074,CR0108,2025-08-08,youtube,short,100,166,376,450,0,False
PO08412,CA074,CR0059,2025-08-08,youtube,long_form,9258,29361,59912,65952,1950,False
PO08413,CA074,CR0408,2025-08-08,youtube,reel,100,140,255,260,0,False
PO08414,CA074,CR0407,2025-08-08,youtube,short,476,1327,2054,2330,0,False
PO08415,CA074,CR1128,2025-08-08,youtube,long_form,1240,5697,8231,9346,500,False
PO08416,CA074,CR0758,2025-08-08,youtube,long_form,443,1591,2231,2408,0,False
PO08417,CA074,CR0111,2025-08-08,youtube,reel,100,139,203,203,0,False
PO08418,CA074,CR0725,2025-08-08,youtube,short,371,1711,2845,2918,0,False
PO08419,CA074,CR0985,2025-08-08,youtube,short,1197,2894,4175,4332,0,False
PO08420,CA074,CR0705,2025-08-08,youtube,long_form,2102,3966,9284,9087,500,False
PO08421,CA074,CR0098,2025-08-08,youtube,short,384,1055,1674,1811,0,False
PO08422,CA074,CR0212,2025-08-08,youtube,short,294,1032,1978,2448,0,False
PO08423,CA074,CR0099,2025-08-08,youtube,short,83916,312559,501938,570662,16900,False
PO08424,CA074,CR1063,2025-08-08,youtube,short,100,100,100,100,0,False
PO08425,CA074,CR0376,2025-08-08,youtube,short,133,668,1449,1511,0,False
PO08426,CA074,CR1107,2025-08-08,youtube,short,3382,18468,27247,26930,500,False
PO08427,CA074,CR0925,2025-08-08,youtube,carousel,694,2305,3191,3761,0,False
PO08428,CA074,CR0149,2025-08-08,youtube,reel,1735,2278,5881,6290,0,False
PO08429,CA074,CR1122,2025-08-08,youtube,short,194,765,1110,1255,0,False
PO08430,CA074,CR0808,2025-08-08,youtube,reel,1628,3709,5016,6247,0,False
PO08431,CA074,CR0541,2025-08-08,youtube,long_form,725,2973,16380,17244,500,True
PO08432,CA074,CR1110,2025-08-08,youtube,long_form,587,2586,4277,5117,0,False
PO08433,CA074,CR0232,2025-08-08,youtube,short,1941,2860,7222,7916,0,False
PO08434,CA074,CR0345,2025-08-08,youtube,long_form,563,2518,10516,13471,500,True
PO08435,CA074,CR0586,2025-08-08,youtube,short,3467,7674,16902,17499,500,False
PO08436,CA074,CR0344,2025-08-08,youtube,short,154,344,638,778,0,False
PO08437,CA074,CR0669,2025-08-08,youtube,short,133,344,508,553,0,False
PO08438,CA074,CR0866,2025-08-08,youtube,short,1531,9412,12036,14206,500,False
PO08439,CA074,CR0200,2025-08-08,youtube,short,123,501,776,915,0,False
PO08440,CA074,CR0992,2025-08-08,youtube,long_form,533,905,2136,2449,0,False
PO08441,CA074,CR0082,2025-08-08,youtube,short,1617,3868,9104,9079,500,False
PO08442,CA074,CR1163,2025-08-08,youtube,reel,1273,6902,8917,10605,500,False
PO08443,CA074,CR1094,2025-08-08,youtube,short,461,1589,7549,9238,500,True
PO08444,CA074,CR0789,2025-08-08,youtube,short,2018,8841,14043,14267,500,False
PO08445,CA074,CR0996,2025-08-08,youtube,short,782,1503,14330,16272,500,True
PO08446,CA074,CR0328,2025-08-08,youtube,long_form,458,3715,4924,5403,0,False
PO08447,CA074,CR1167,2025-08-08,youtube,reel,4319,18608,30022,35549,1950,False
PO08448,CA074,CR1169,2025-08-08,youtube,short,100,790,3655,4146,0,True
PO08449,CA074,CR0830,2025-08-08,youtube,reel,321,1542,2717,3056,0,False
PO08450,CA074,CR1198,2025-08-08,youtube,long_form,1027,1797,3190,3911,0,False
PO08451,CA074,CR0162,2025-08-08,youtube,short,135,1080,1438,1556,0,False
PO08452,CA074,CR0615,2025-08-08,youtube,short,871,1575,3144,3302,0,False
PO08453,CA075,CR0040,2025-08-11,youtube,short,393,635,1268,1508,0,False
PO08454,CA075,CR1067,2025-08-11,youtube,long_form,1053,3729,4356,5401,0,False
PO08455,CA075,CR0308,2025-08-11,youtube,short,92944,407056,539339,650951,20850,False
PO08456,CA075,CR0099,2025-08-11,youtube,short,37973,65945,161202,169902,5950,False
PO08457,CA075,CR0099,2025-08-11,youtube,short,15941,75241,189198,186287,5950,False
PO08458,CA075,CR0232,2025-08-11,youtube,long_form,3234,5241,11985,14912,600,False
PO08459,CA075,CR0888,2025-08-11,youtube,reel,2624,11223,25440,28034,600,False
PO08460,CA075,CR0268,2025-08-11,youtube,short,11967,48541,110185,110903,2400,False
PO08461,CA075,CR0268,2025-08-11,youtube,short,21626,74329,97529,116412,2400,False
PO08462,CA075,CR0450,2025-08-11,youtube,short,2126,6915,9923,11935,0,False
PO08463,CA075,CR0232,2025-08-11,youtube,short,8283,21380,37406,37380,600,False
PO08464,CA075,CR0087,2025-08-11,youtube,short,22447,115649,200136,241092,5950,False
PO08465,CA075,CR0887,2025-08-11,youtube,long_form,2266,15814,22457,23217,600,False
PO08466,CA075,CR0625,2025-08-11,youtube,long_form,874,2693,3133,3888,0,False
PO08467,CA075,CR0037,2025-08-11,youtube,short,8606,18809,35436,44163,600,False
PO08468,CA075,CR0974,2025-08-11,youtube,reel,100,141,892,1062,0,True
PO08469,CA075,CR0103,2025-08-11,youtube,reel,952,4402,40109,52273,2400,True
PO08470,CA075,CR0887,2025-08-11,youtube,reel,3447,16734,35527,37640,600,False
PO08471,CA075,CR0317,2025-08-11,youtube,short,116,297,360,431,0,False
PO08472,CA075,CR0773,2025-08-11,youtube,long_form,15977,34855,80151,91845,2400,False
PO08473,CA075,CR0773,2025-08-11,youtube,long_form,129087,174463,380401,473478,20850,False
PO08474,CA075,CR0450,2025-08-11,youtube,short,599,2136,3586,3694,0,False
PO08475,CA075,CR0773,2025-08-11,youtube,reel,2975,7504,13197,14641,600,False
PO08476,CA075,CR0670,2025-08-11,youtube,long_form,988,5278,10246,10754,0,False
PO08477,CA075,CR0887,2025-08-11,youtube,short,11110,25278,67652,72022,2400,False
PO08478,CA075,CR0934,2025-08-11,youtube,reel,279,895,1578,1916,0,False
PO08479,CA075,CR1167,2025-08-11,youtube,short,5651,12093,21372,26203,600,False
PO08480,CA075,CR0278,2025-08-11,youtube,short,978,3899,5351,5685,0,False
PO08481,CA075,CR0413,2025-08-11,youtube,reel,1781,12305,21831,21809,600,False
PO08482,CA075,CR1098,2025-08-11,youtube,short,26111,102854,174124,199652,5950,False
PO08483,CA075,CR0366,2025-08-11,youtube,short,17721,49368,64422,74262,2400,False
PO08484,CA075,CR0670,2025-08-11,youtube,reel,5166,24005,36831,37803,600,False
PO08485,CA075,CR0261,2025-08-11,youtube,reel,548,2323,4040,4830,0,False
PO08486,CA075,CR0683,2025-08-11,youtube,long_form,100,100,100,100,0,False
PO08487,CA075,CR0103,2025-08-11,youtube,short,5952,18145,23224,27800,600,False
PO08488,CA075,CR0883,2025-08-11,youtube,reel,702,1901,4559,5388,0,False
PO08489,CA075,CR0366,2025-08-11,youtube,reel,5224,13387,18321,22685,600,False
PO08490,CA075,CR0103,2025-08-11,youtube,carousel,10109,45698,70682,78268,2400,False
PO08491,CA075,CR0551,2025-08-11,youtube,short,100,100,185,183,0,False
PO08492,CA075,CR0773,2025-08-11,youtube,short,5442,27223,136007,166335,5950,True
PO08493,CA075,CR1067,2025-08-11,youtube,reel,5507,39194,60283,61195,2400,False
PO08494,CA075,CR0773,2025-08-11,youtube,long_form,17510,57214,87784,92215,2400,False
PO08495,CA075,CR0773,2025-08-11,youtube,reel,36823,130875,167276,193595,5950,False
PO08496,CA075,CR0100,2025-08-11,youtube,long_form,35325,111998,166035,169484,5950,False
PO08497,CA075,CR0308,2025-08-11,youtube,long_form,7489,20479,40085,39549,600,False
PO08498,CA075,CR0419,2025-08-11,youtube,short,438,1415,1723,2114,0,False
PO08499,CA075,CR1062,2025-08-11,youtube,long_form,175,1055,1400,1636,0,False
PO08500,CA075,CR0103,2025-08-11,youtube,reel,3912,19092,27086,28487,600,False
PO08501,CA075,CR0232,2025-08-11,youtube,short,959,2310,3475,3517,0,False
PO08502,CA075,CR0308,2025-08-11,youtube,reel,5866,24203,56967,63396,2400,False
PO08503,CA075,CR1067,2025-08-11,youtube,long_form,31251,110408,253637,255203,5950,False
PO08504,CA075,CR0099,2025-08-11,youtube,short,2279,28088,177975,205056,5950,True
PO08505,CA075,CR1067,2025-08-11,youtube,long_form,35589,83447,150144,165661,5950,False
PO08506,CA075,CR0816,2025-08-11,youtube,reel,18744,57976,140704,149512,5950,False
PO08507,CA075,CR0532,2025-08-11,youtube,long_form,100,100,165,176,0,True
PO08508,CA075,CR1167,2025-08-11,youtube,short,1474,3180,7988,8417,0,False
PO08509,CA075,CR0103,2025-08-11,youtube,short,11928,20794,47076,46372,600,False
PO08510,CA075,CR0073,2025-08-11,youtube,short,4139,12074,31794,34251,600,False
PO08511,CA075,CR0100,2025-08-11,youtube,long_form,1943,7071,12471,13670,600,False
PO08512,CA075,CR0752,2025-08-11,youtube,short,5761,10013,23081,22872,600,False
PO08513,CA075,CR0816,2025-08-11,youtube,long_form,6777,16660,30053,32752,600,False
PO08514,CA075,CR0816,2025-08-11,youtube,short,47485,76101,191753,200067,5950,False
PO08515,CA075,CR0939,2025-08-11,youtube,long_form,100,100,100,100,0,False
PO08516,CA075,CR0100,2025-08-11,youtube,short,9246,38820,73935,79219,2400,False
PO08517,CA075,CR0099,2025-08-11,youtube,short,12556,36022,48255,57633,2400,False
PO08518,CA075,CR0450,2025-08-11,youtube,short,1967,4898,6490,7550,0,False
PO08519,CA075,CR1025,2025-08-11,youtube,short,222,640,5508,6034,0,True
PO08520,CA075,CR1167,2025-08-11,youtube,short,11864,25094,69564,68172,2400,False
PO08521,CA075,CR0366,2025-08-11,youtube,short,8759,37220,67460,71778,2400,False
PO08522,CA075,CR0598,2025-08-11,youtube,short,2528,13385,30152,30835,600,False
PO08523,CA075,CR0103,2025-08-11,youtube,long_form,5803,24566,45479,53553,2400,False
PO08524,CA075,CR0149,2025-08-11,youtube,reel,2839,5371,12484,14085,600,False
PO08525,CA075,CR0232,2025-08-11,youtube,short,10083,14095,31214,36177,600,False
PO08526,CA075,CR0087,2025-08-11,youtube,reel,62487,118354,184462,226136,5950,False
PO08527,CA075,CR0773,2025-08-11,youtube,long_form,7361,42820,65112,63280,2400,False
PO08528,CA075,CR0232,2025-08-11,youtube,long_form,8626,15370,34214,40451,600,False
PO08529,CA075,CR0232,2025-08-11,youtube,reel,9477,13275,34986,34614,600,False
PO08530,CA075,CR0816,2025-08-11,youtube,short,11584,52327,74349,79340,2400,False
PO08531,CA075,CR1167,2025-08-11,youtube,short,2069,7636,17651,20188,600,False
PO08532,CA075,CR1167,2025-08-11,youtube,long_form,1272,2862,6577,6557,0,False
PO08533,CA075,CR0887,2025-08-11,youtube,short,29925,77190,113005,125034,5950,False
PO08534,CA075,CR1098,2025-08-11,youtube,reel,42080,108797,177744,175698,5950,False
PO08535,CA075,CR0087,2025-08-11,youtube,reel,10437,25930,59162,60155,2400,False
PO08536,CA075,CR0099,2025-08-11,youtube,reel,45142,259278,359097,402856,5950,False
PO08537,CA075,CR0232,2025-08-11,youtube,short,28070,88761,137989,167815,5950,False
PO08538,CA075,CR0579,2025-08-11,youtube,short,785,2463,4313,4515,0,False
PO08539,CA075,CR0833,2025-08-11,youtube,reel,11060,24897,44206,53996,2400,False
PO08540,CA075,CR0099,2025-08-11,youtube,long_form,48808,124762,188461,204791,5950,False
PO08541,CA075,CR0670,2025-08-11,youtube,long_form,13014,23692,54472,55260,2400,False
PO08542,CA075,CR0200,2025-08-11,youtube,carousel,130,348,528,553,0,False
PO08543,CA075,CR0100,2025-08-11,youtube,short,56852,105033,197535,224862,5950,False
PO08544,CA075,CR0450,2025-08-11,youtube,short,4701,26987,39211,42069,600,False
PO08545,CA075,CR0670,2025-08-11,youtube,short,1161,5333,8706,9495,0,False
PO08546,CA075,CR0816,2025-08-11,youtube,carousel,7493,22147,27912,32496,600,False
PO08547,CA075,CR0099,2025-08-11,youtube,reel,40022,73659,159887,182076,5950,False
PO08548,CA075,CR0670,2025-08-11,youtube,short,2462,15697,22572,25972,600,False
PO08549,CA075,CR0087,2025-08-11,youtube,short,32183,97181,143343,148183,5950,False
PO08550,CA075,CR1098,2025-08-11,youtube,short,22680,38833,103280,108562,2400,False
PO08551,CA075,CR0887,2025-08-11,youtube,reel,21279,48609,77459,80595,2400,False
PO08552,CA075,CR0232,2025-08-11,youtube,long_form,18928,73538,103867,107765,2400,False
PO08553,CA075,CR0450,2025-08-11,youtube,short,1374,3177,7428,7855,0,False
PO08554,CA075,CR0955,2025-08-11,youtube,short,1082,1975,4759,4779,0,False
PO08555,CA075,CR0366,2025-08-11,youtube,short,20526,66654,101836,98890,2400,False
PO08556,CA075,CR1067,2025-08-11,youtube,short,10093,62964,116626,123007,5950,False
PO08557,CA075,CR0887,2025-08-11,youtube,long_form,1390,5951,28258,37585,600,True
PO08558,CA075,CR0100,2025-08-11,youtube,short,10618,39251,53890,56267,2400,False
PO08559,CA075,CR0680,2025-08-11,youtube,short,144,727,1169,1274,0,False
PO08560,CA075,CR0366,2025-08-11,youtube,long_form,35616,216328,289833,332031,5950,False
PO08561,CA075,CR0100,2025-08-11,youtube,short,6885,30828,50309,52281,2400,False
PO08562,CA075,CR1098,2025-08-11,youtube,reel,1518,8578,76901,96058,2400,True
PO08563,CA075,CR1119,2025-08-11,youtube,reel,100,258,543,586,0,False
PO08564,CA075,CR0366,2025-08-11,youtube,short,49196,126294,169755,196829,5950,False
PO08565,CA075,CR0366,2025-08-11,youtube,long_form,1047,3959,9428,11310,0,False
PO08566,CA075,CR0598,2025-08-11,youtube,reel,175382,398822,724486,781619,20850,False
PO08567,CA075,CR1183,2025-08-11,youtube,short,235,1129,1495,1660,0,False
PO08568,CA075,CR0268,2025-08-11,youtube,short,1764,6751,10956,11481,0,False
PO08569,CA075,CR0368,2025-08-11,youtube,long_form,156,1016,1326,1537,0,False
PO08570,CA075,CR0598,2025-08-11,youtube,long_form,3011,17990,21228,26056,600,False
PO08571,CA075,CR0100,2025-08-11,youtube,short,10846,31581,65874,77970,2400,False
PO08572,CA075,CR0087,2025-08-11,youtube,long_form,4420,26421,150577,172356,5950,True
PO08573,CA075,CR1086,2025-08-11,youtube,short,1373,2859,7533,7524,0,False
PO08574,CA075,CR0099,2025-08-11,youtube,short,14659,25544,55283,57612,2400,False
PO08575,CA075,CR0936,2025-08-11,youtube,short,12363,25154,44682,49881,2400,False
PO08576,CA075,CR0827,2025-08-11,youtube,reel,225,1424,2146,2546,0,False
PO08577,CA075,CR0388,2025-08-11,youtube,long_form,1941,10009,16574,16119,600,False
PO08578,CA075,CR0099,2025-08-11,youtube,long_form,50360,118872,256825,313613,5950,False
PO08579,CA075,CR0833,2025-08-11,youtube,short,16718,31391,52028,62757,2400,False
PO08580,CA075,CR0670,2025-08-11,youtube,short,18041,63481,96279,95363,2400,False
PO08581,CA075,CR0103,2025-08-11,youtube,short,5632,24303,39992,40261,600,False
PO08582,CA075,CR0087,2025-08-11,youtube,short,6849,14121,30134,31697,600,False
PO08583,CA075,CR0100,2025-08-11,youtube,reel,14834,73126,91053,112060,2400,False
PO08584,CA075,CR0833,2025-08-11,youtube,short,2428,6755,57840,68103,2400,True
PO08585,CA075,CR0562,2025-08-11,youtube,reel,100,170,315,373,0,False
PO08586,CA075,CR0087,2025-08-11,youtube,reel,29831,47755,107115,127579,5950,False
PO08587,CA075,CR0898,2025-08-11,youtube,long_form,267,462,1078,1300,0,False
PO08588,CA075,CR0087,2025-08-11,youtube,short,3027,10792,26713,26201,600,False
PO08589,CA075,CR0100,2025-08-11,youtube,reel,2376,7842,62219,73540,2400,True
PO08590,CA075,CR0450,2025-08-11,youtube,long_form,5435,13470,23519,25174,600,False
PO08591,CA075,CR0268,2025-08-11,youtube,short,49275,75321,153518,182111,5950,False
PO08592,CA075,CR0366,2025-08-11,youtube,short,3662,23865,37398,36399,600,False
PO08593,CA075,CR0087,2025-08-11,youtube,short,20072,42902,82793,102484,2400,False
PO08594,CA075,CR0670,2025-08-11,youtube,short,299,1299,1833,1950,0,False
PO08595,CA075,CR0366,2025-08-11,youtube,short,43123,75733,159158,196304,5950,False
PO08596,CA075,CR0268,2025-08-11,youtube,short,9076,26188,36230,40107,600,False
PO08597,CA075,CR1167,2025-08-11,youtube,short,1819,12938,22418,21981,600,False
PO08598,CA075,CR0268,2025-08-11,youtube,short,1456,5009,9316,9824,0,False
PO08599,CA075,CR1098,2025-08-11,youtube,short,4693,27267,40482,42274,600,False
PO08600,CA075,CR0087,2025-08-11,youtube,carousel,3183,18925,33107,38016,600,False
PO08601,CA075,CR0093,2025-08-11,youtube,long_form,3036,7661,17350,19898,600,False
PO08602,CA075,CR0286,2025-08-11,youtube,short,182,1463,1866,2192,0,False
PO08603,CA075,CR0887,2025-08-11,youtube,long_form,8600,23463,39541,48073,600,False
PO08604,CA075,CR0773,2025-08-11,youtube,long_form,11060,47695,94455,108861,2400,False
PO08605,CA075,CR0450,2025-08-11,youtube,long_form,1002,3486,4512,5541,0,False
PO08606,CA075,CR0773,2025-08-11,youtube,short,19466,47743,118567,115651,2400,False
PO08607,CA075,CR0598,2025-08-11,youtube,long_form,5942,31501,49875,51005,2400,False
PO08608,CA076,CR0926,2025-08-14,youtube,reel,100,210,354,375,0,False
PO08609,CA076,CR1163,2025-08-14,youtube,reel,3228,6056,11872,13937,550,False
PO08610,CA076,CR0025,2025-08-14,youtube,short,2129,3788,6962,7796,0,False
PO08611,CA076,CR0125,2025-08-14,youtube,short,551,1957,3678,3752,0,False
PO08612,CA076,CR0096,2025-08-14,youtube,reel,3128,6156,12908,12663,550,False
PO08613,CA076,CR0108,2025-08-14,youtube,short,361,1360,3108,3413,0,False
PO08614,CA076,CR0418,2025-08-14,youtube,short,7492,12984,26435,28815,550,False
PO08615,CA076,CR0758,2025-08-14,youtube,long_form,185,796,1545,1912,0,False
PO08616,CA076,CR0123,2025-08-14,youtube,short,728,1417,2772,2698,0,False
PO08617,CA076,CR0870,2025-08-14,youtube,short,21773,35945,69069,81724,2150,False
PO08618,CA076,CR1019,2025-08-14,youtube,short,173,618,1342,1665,0,False
PO08619,CA076,CR0159,2025-08-14,youtube,short,4088,10603,13626,15686,550,False
PO08620,CA076,CR0082,2025-08-14,youtube,short,1702,2652,5924,6505,0,False
PO08621,CA076,CR0485,2025-08-14,youtube,short,4070,9861,16313,16137,550,False
PO08622,CA076,CR1067,2025-08-14,youtube,carousel,16699,38935,81625,87682,2150,False
PO08623,CA076,CR0270,2025-08-14,youtube,short,646,1813,2515,3089,0,False
PO08624,CA076,CR1083,2025-08-14,youtube,long_form,577,1916,2665,2746,0,False
PO08625,CA076,CR0772,2025-08-14,youtube,short,100,189,375,379,0,False
PO08626,CA076,CR0954,2025-08-14,youtube,long_form,100,100,972,1158,0,True
PO08627,CA076,CR0579,2025-08-14,youtube,short,1468,3294,6408,6557,0,False
PO08628,CA076,CR1198,2025-08-14,youtube,short,3673,12936,19814,20690,550,False
PO08629,CA076,CR0723,2025-08-14,youtube,long_form,7815,18195,30475,29633,550,False
PO08630,CA076,CR1128,2025-08-14,youtube,short,1876,8669,16492,16372,550,False
PO08631,CA076,CR0116,2025-08-14,youtube,long_form,198,603,958,982,0,False
PO08632,CA076,CR0996,2025-08-14,youtube,long_form,1986,4606,9671,9393,550,False
PO08633,CA076,CR0023,2025-08-14,youtube,short,1555,5324,9694,9414,550,False
PO08634,CA076,CR0734,2025-08-14,youtube,short,745,2245,3179,3357,0,False
PO08635,CA076,CR0358,2025-08-14,youtube,long_form,471,1625,3123,3174,0,False
PO08636,CA076,CR0162,2025-08-14,youtube,short,778,2251,5105,5025,0,False
PO08637,CA076,CR0566,2025-08-14,youtube,long_form,275,913,2004,2474,0,False
PO08638,CA076,CR1001,2025-08-14,youtube,short,624,3007,4603,4566,0,False
PO08639,CA076,CR0524,2025-08-14,youtube,long_form,2769,9768,12203,13998,550,False
PO08640,CA076,CR1139,2025-08-14,youtube,long_form,9574,31587,48960,48598,2150,False
PO08641,CA076,CR0407,2025-08-14,youtube,reel,1051,2257,5007,5533,0,False
PO08642,CA076,CR1126,2025-08-14,youtube,long_form,383,2085,3960,4554,0,False
PO08643,CA076,CR0098,2025-08-14,youtube,short,1736,5453,9460,10852,550,False
PO08644,CA076,CR0925,2025-08-14,youtube,carousel,310,1065,2363,2425,0,False
PO08645,CA076,CR0549,2025-08-14,youtube,short,432,738,1308,1550,0,False
PO08646,CA076,CR0703,2025-08-14,youtube,long_form,1064,4180,6020,6893,0,False
PO08647,CA076,CR1058,2025-08-14,youtube,short,321,664,1712,1768,0,False
PO08648,CA076,CR0065,2025-08-14,youtube,short,3215,8287,13924,14472,550,False
PO08649,CA076,CR0390,2025-08-14,youtube,short,1840,7166,18110,19398,550,False
PO08650,CA076,CR0087,2025-08-14,youtube,short,50481,147520,262341,294977,5350,False
PO08651,CA076,CR0866,2025-08-14,youtube,long_form,466,1138,1969,2112,0,False
PO08652,CA076,CR0149,2025-08-14,youtube,long_form,2202,7320,10911,11842,550,False
PO08653,CA076,CR0376,2025-08-14,youtube,short,881,5553,8672,9426,550,False
PO08654,CA076,CR1169,2025-08-14,youtube,long_form,389,1032,1662,2015,0,False
PO08655,CA076,CR1141,2025-08-14,youtube,reel,797,3470,4332,5113,0,False
PO08656,CA076,CR0671,2025-08-14,youtube,long_form,354,1843,8301,10173,550,True
PO08657,CA076,CR0586,2025-08-14,youtube,short,5313,8481,19882,20486,550,False
PO08658,CA076,CR0039,2025-08-14,youtube,long_form,105634,232655,465212,520896,18750,False
PO08659,CA076,CR0223,2025-08-14,youtube,long_form,1832,2989,5312,6561,0,False
PO08660,CA076,CR0849,2025-08-14,youtube,short,642,1669,2051,2548,0,False
PO08661,CA076,CR0439,2025-08-14,youtube,long_form,1862,4381,9252,11123,550,False
PO08662,CA076,CR0955,2025-08-14,youtube,reel,1133,4017,7782,8320,0,False
PO08663,CA076,CR1200,2025-08-14,youtube,short,45715,95325,195059,202465,5350,False
PO08664,CA076,CR0066,2025-08-14,youtube,long_form,1781,7321,12625,13738,550,False
PO08665,CA076,CR0961,2025-08-14,youtube,long_form,397,1525,3183,3477,0,False
PO08666,CA076,CR0373,2025-08-14,youtube,carousel,1804,4161,5842,6478,0,False
PO08667,CA076,CR0844,2025-08-14,youtube,short,1602,9258,12987,14278,550,False
PO08668,CA076,CR0323,2025-08-14,youtube,long_form,100,139,256,283,0,False
PO08669,CA076,CR0697,2025-08-14,youtube,carousel,100,134,172,201,0,False
PO08670,CA076,CR0929,2025-08-14,youtube,short,309,829,1496,1775,0,False
PO08671,CA076,CR0742,2025-08-14,youtube,short,1456,4200,6832,6902,0,False
PO08672,CA076,CR0857,2025-08-14,youtube,short,1280,4215,6278,6276,0,False
PO08673,CA076,CR0142,2025-08-14,youtube,short,967,2798,5460,5717,0,False
PO08674,CA076,CR1189,2025-08-14,youtube,reel,977,2311,4737,4878,0,False
PO08675,CA076,CR0411,2025-08-14,youtube,short,983,2900,3500,4287,0,False
PO08676,CA076,CR0809,2025-08-14,youtube,reel,353,1146,1810,2138,0,False
PO08677,CA076,CR0150,2025-08-14,youtube,short,100,182,1073,1206,0,True
PO08678,CA076,CR1183,2025-08-14,youtube,long_form,757,2052,3665,3794,0,False
PO08679,CA076,CR1094,2025-08-14,youtube,short,1134,7526,13290,13628,550,False
PO08680,CA076,CR1082,2025-08-14,youtube,short,944,2499,3924,4391,0,False
PO08681,CA076,CR1043,2025-08-14,youtube,short,170,630,970,1084,0,False
PO08682,CA076,CR0789,2025-08-14,youtube,short,19334,42434,80767,81648,2150,False
PO08683,CA076,CR0689,2025-08-14,youtube,long_form,4005,10161,15986,15936,550,False
PO08684,CA076,CR0444,2025-08-14,youtube,carousel,385,1838,2813,3444,0,False
PO08685,CA076,CR0345,2025-08-14,youtube,short,402,2152,2640,3275,0,False
PO08686,CA076,CR0775,2025-08-14,youtube,short,665,1441,2962,3602,0,False
PO08687,CA076,CR0328,2025-08-14,youtube,long_form,19709,106551,155774,168469,5350,False
PO08688,CA076,CR0811,2025-08-14,youtube,long_form,1524,3006,4664,5533,0,False
PO08689,CA076,CR0480,2025-08-14,youtube,reel,2151,8599,18124,17873,550,False
PO08690,CA076,CR0375,2025-08-14,youtube,carousel,120,301,475,500,0,False
PO08691,CA076,CR0247,2025-08-14,youtube,long_form,6383,22797,34944,35816,2150,False
PO08692,CA076,CR0558,2025-08-14,youtube,short,816,1545,2578,2988,0,False
PO08693,CA076,CR0081,2025-08-14,youtube,short,632,2413,3913,4851,0,False
PO08694,CA076,CR0705,2025-08-14,youtube,reel,1724,2676,7283,7610,0,False
PO08695,CA076,CR0187,2025-08-14,youtube,long_form,780,1934,3142,3526,0,False
PO08696,CA076,CR0164,2025-08-14,youtube,short,953,2334,4522,5225,0,False
PO08697,CA076,CR1174,2025-08-14,youtube,long_form,786,2703,4274,5131,0,False
PO08698,CA076,CR0670,2025-08-14,youtube,long_form,2599,4998,11706,12594,550,False
PO08699,CA076,CR0355,2025-08-14,youtube,long_form,570,1498,2296,2727,0,False
PO08700,CA076,CR0311,2025-08-14,youtube,short,2039,4084,6950,7772,0,False
PO08701,CA076,CR1026,2025-08-14,youtube,short,810,1935,3684,3648,0,False
PO08702,CA076,CR0985,2025-08-14,youtube,short,148,698,1225,1378,0,False
PO08703,CA076,CR0634,2025-08-14,youtube,short,476,1456,2314,2347,0,False
PO08704,CA076,CR0675,2025-08-14,youtube,reel,100,143,239,261,0,False
PO08705,CA076,CR0382,2025-08-14,youtube,long_form,2388,6082,10406,11626,550,False
PO08706,CA076,CR0571,2025-08-14,youtube,reel,594,1348,2090,2123,0,False
PO08707,CA076,CR0859,2025-08-14,youtube,short,1990,5558,9017,10029,550,False
PO08708,CA076,CR0746,2025-08-14,youtube,short,199,372,695,725,0,False
PO08709,CA076,CR0409,2025-08-14,youtube,long_form,2847,5776,8993,10474,550,False
PO08710,CA076,CR0432,2025-08-14,youtube,short,5318,20761,37161,41915,2150,False
PO08711,CA076,CR0042,2025-08-14,youtube,short,3727,4893,12560,13890,550,False
PO08712,CA076,CR0268,2025-08-14,youtube,short,9906,16803,34889,39287,2150,False
PO08713,CA076,CR0421,2025-08-14,youtube,short,461,2353,3308,3820,0,False
PO08714,CA076,CR0817,2025-08-14,youtube,short,1396,2902,6904,7465,0,False
PO08715,CA076,CR0833,2025-08-14,youtube,short,46789,102520,242431,256680,5350,False
PO08716,CA076,CR0209,2025-08-14,youtube,short,546,2587,3811,4247,0,False
PO08717,CA076,CR0154,2025-08-14,youtube,long_form,193,415,958,1076,0,False
PO08718,CA076,CR0114,2025-08-14,youtube,short,2634,10936,21706,23670,550,False
PO08719,CA076,CR0433,2025-08-14,youtube,short,3585,11655,105652,114012,5350,True
PO08720,CA076,CR0701,2025-08-14,youtube,short,100,217,429,472,0,False
PO08721,CA076,CR0212,2025-08-14,youtube,short,825,3474,5789,5642,0,False
PO08722,CA076,CR0808,2025-08-14,youtube,short,107,583,928,1043,0,False
PO08723,CA076,CR0922,2025-08-14,youtube,short,2498,6792,11465,13900,550,False
PO08724,CA076,CR0562,2025-08-14,youtube,short,531,1615,2537,2824,0,False
PO08725,CA076,CR0923,2025-08-14,youtube,long_form,410,3257,3948,4802,0,False
PO08726,CA076,CR0200,2025-08-14,youtube,long_form,1039,3446,4602,5506,0,False
PO08727,CA076,CR0122,2025-08-14,youtube,short,314,766,999,1136,0,False
PO08728,CA076,CR1012,2025-08-14,youtube,short,659,1268,2163,2483,0,False
PO08729,CA076,CR0450,2025-08-14,youtube,long_form,11623,43555,61698,67689,2150,False
PO08730,CA076,CR0263,2025-08-14,youtube,short,748,3311,5152,5685,0,False
PO08731,CA076,CR0419,2025-08-14,youtube,reel,643,2512,3448,3945,0,False
PO08732,CA076,CR1087,2025-08-14,youtube,short,389,672,1348,1470,0,False
PO08733,CA076,CR0271,2025-08-14,youtube,short,2652,4849,11939,12600,550,False
PO08734,CA076,CR0286,2025-08-14,youtube,short,379,1038,1332,1512,0,False
PO08735,CA076,CR0052,2025-08-14,youtube,short,100,160,280,337,0,False
PO08736,CA076,CR1138,2025-08-14,youtube,reel,1478,9253,57280,75091,2150,True
PO08737,CA076,CR0117,2025-08-14,youtube,reel,4021,7356,17473,17199,550,False
PO08738,CA076,CR0393,2025-08-14,youtube,short,338,853,2227,2258,0,False
PO08739,CA076,CR0258,2025-08-14,youtube,short,337,1956,2976,3638,0,False
PO08740,CA076,CR0378,2025-08-14,youtube,long_form,594,1806,2993,2946,0,False
PO08741,CA076,CR0669,2025-08-14,youtube,short,206,782,1574,1654,0,False
PO08742,CA076,CR0840,2025-08-14,youtube,long_form,504,1341,1889,2353,0,False
PO08743,CA076,CR0635,2025-08-14,youtube,short,513,1498,2601,2601,0,False
PO08744,CA077,CR0401,2025-08-17,youtube,short,382,897,1246,1518,0,False
PO08745,CA077,CR0009,2025-08-17,youtube,long_form,100,235,368,388,0,False
PO08746,CA077,CR0935,2025-08-17,youtube,long_form,148,983,1427,1425,0,False
PO08747,CA077,CR1046,2025-08-17,youtube,short,122,414,571,643,0,False
PO08748,CA077,CR0056,2025-08-17,youtube,long_form,509,1119,2432,2482,0,False
PO08749,CA077,CR0974,2025-08-17,youtube,reel,731,1399,2790,2866,0,False
PO08750,CA077,CR0773,2025-08-17,youtube,short,11218,61321,82764,100700,4250,False
PO08751,CA077,CR0939,2025-08-17,youtube,carousel,100,100,182,196,0,False
PO08752,CA077,CR0074,2025-08-17,youtube,short,540,2179,3216,3525,0,False
PO08753,CA077,CR0863,2025-08-17,youtube,short,195,1259,1863,2049,0,False
PO08754,CA077,CR0275,2025-08-17,youtube,reel,1670,3640,5273,6489,0,False
PO08755,CA077,CR0598,2025-08-17,youtube,long_form,69205,174683,258484,282274,10650,False
PO08756,CA077,CR0965,2025-08-17,youtube,long_form,109,305,643,710,0,False
PO08757,CA077,CR1137,2025-08-17,youtube,short,100,158,239,246,0,False
PO08758,CA077,CR0818,2025-08-17,youtube,reel,100,183,265,301,0,False
PO08759,CA077,CR0250,2025-08-17,youtube,reel,205,685,1227,1365,0,False
PO08760,CA077,CR0795,2025-08-17,youtube,long_form,165,478,621,706,0,False
PO08761,CA077,CR0783,2025-08-17,youtube,short,339,703,1281,1405,0,False
PO08762,CA077,CR1167,2025-08-17,youtube,reel,2847,8697,16708,20023,1050,False
PO08763,CA077,CR0156,2025-08-17,youtube,long_form,121,333,415,497,0,False
PO08764,CA077,CR0683,2025-08-17,youtube,long_form,115,414,646,709,0,False
PO08765,CA077,CR0921,2025-08-17,youtube,short,433,822,1826,1813,0,False
PO08766,CA077,CR0317,2025-08-17,youtube,short,248,438,837,930,0,False
PO08767,CA077,CR1151,2025-08-17,youtube,long_form,278,688,1042,1293,0,False
PO08768,CA077,CR1063,2025-08-17,youtube,short,1357,4665,10023,10843,1050,False
PO08769,CA077,CR0075,2025-08-17,youtube,short,100,135,259,303,0,False
PO08770,CA077,CR0198,2025-08-17,youtube,short,100,100,157,190,0,False
PO08771,CA077,CR0784,2025-08-17,youtube,short,144,692,1152,1217,0,False
PO08772,CA077,CR0765,2025-08-17,youtube,short,159,421,845,826,0,False
PO08773,CA077,CR1000,2025-08-17,youtube,short,179,532,701,825,0,False
PO08774,CA077,CR0674,2025-08-17,youtube,long_form,670,1222,2591,2636,0,False
PO08775,CA077,CR0270,2025-08-17,youtube,long_form,568,2182,2835,3447,0,False
PO08776,CA077,CR0898,2025-08-17,youtube,short,536,1462,3154,3190,0,False
PO08777,CA077,CR0129,2025-08-17,youtube,short,100,100,221,226,0,False
PO08778,CA077,CR0090,2025-08-17,youtube,short,100,100,100,100,0,False
PO08779,CA077,CR0184,2025-08-17,youtube,long_form,1251,2967,7303,7698,0,False
PO08780,CA077,CR0395,2025-08-17,youtube,short,285,417,1001,1047,0,False
PO08781,CA077,CR0934,2025-08-17,youtube,long_form,1624,6758,13818,14615,1050,False
PO08782,CA077,CR0116,2025-08-17,youtube,short,1569,4734,7981,8393,0,False
PO08783,CA077,CR0196,2025-08-17,youtube,short,100,270,317,395,0,False
PO08784,CA077,CR0640,2025-08-17,youtube,reel,1005,2002,3712,4129,0,False
PO08785,CA077,CR0706,2025-08-17,youtube,long_form,100,207,385,389,0,False
PO08786,CA077,CR0913,2025-08-17,youtube,short,263,1004,1801,1756,0,False
PO08787,CA077,CR0577,2025-08-17,youtube,long_form,353,851,1550,1598,0,False
PO08788,CA077,CR0977,2025-08-17,youtube,short,100,112,176,204,0,False
PO08789,CA077,CR1078,2025-08-17,youtube,reel,100,187,369,387,0,False
PO08790,CA077,CR0179,2025-08-17,youtube,short,474,2013,4083,4552,0,False
PO08791,CA077,CR1082,2025-08-17,youtube,short,100,292,644,645,0,False
PO08792,CA077,CR0571,2025-08-17,youtube,short,1106,3081,4884,4787,0,False
PO08793,CA077,CR0947,2025-08-17,youtube,short,1417,2660,6401,7043,0,False
PO08794,CA077,CR0892,2025-08-17,youtube,reel,107,402,505,621,0,False
PO08795,CA077,CR0408,2025-08-17,youtube,long_form,231,343,854,963,0,False
PO08796,CA077,CR0220,2025-08-17,youtube,long_form,108,403,859,908,0,False
PO08797,CA077,CR0696,2025-08-17,youtube,reel,2101,7810,12262,13900,1050,False
PO08798,CA077,CR1056,2025-08-17,youtube,short,237,1530,2410,2631,0,False
PO08799,CA077,CR0979,2025-08-17,youtube,short,109602,320455,694575,816605,37350,False
PO08800,CA077,CR0072,2025-08-17,youtube,reel,233,1155,2245,2366,0,False
PO08801,CA077,CR0879,2025-08-17,youtube,long_form,100,242,452,457,0,False
PO08802,CA077,CR0728,2025-08-17,youtube,short,1881,5027,7257,7679,0,False
PO08803,CA077,CR1186,2025-08-17,youtube,short,100,345,1380,1742,0,True
PO08804,CA077,CR0860,2025-08-17,youtube,reel,340,1209,2268,2295,0,False
PO08805,CA077,CR0917,2025-08-17,youtube,long_form,100,105,197,208,0,False
PO08806,CA077,CR0912,2025-08-17,youtube,short,242,781,1223,1210,0,False
PO08807,CA077,CR0421,2025-08-17,youtube,long_form,996,1805,3770,4109,0,False
PO08808,CA077,CR0236,2025-08-17,youtube,long_form,390,1205,1564,1910,0,False
PO08809,CA077,CR0105,2025-08-17,youtube,short,444,1054,2307,2317,0,False
PO08810,CA077,CR0323,2025-08-17,youtube,long_form,575,1068,1744,2131,0,False
PO08811,CA077,CR0560,2025-08-17,youtube,long_form,13697,32103,66019,64608,4250,False
PO08812,CA077,CR0097,2025-08-17,youtube,short,384,930,1350,1653,0,False
PO08813,CA077,CR1034,2025-08-17,youtube,short,145,360,564,580,0,False
PO08814,CA077,CR0045,2025-08-17,youtube,short,100,171,272,314,0,False
PO08815,CA077,CR0173,2025-08-17,youtube,carousel,2659,4135,9460,9772,0,False
PO08816,CA077,CR0234,2025-08-17,youtube,short,182,1175,1822,1998,0,False
PO08817,CA077,CR1086,2025-08-17,youtube,reel,151,211,531,593,0,False
PO08818,CA077,CR1177,2025-08-17,youtube,short,210,741,1498,1583,0,False
PO08819,CA077,CR0128,2025-08-17,youtube,carousel,577,1542,2208,2583,0,False
PO08820,CA077,CR0232,2025-08-17,youtube,reel,70313,194089,347055,400592,37350,False
PO08821,CA077,CR0347,2025-08-17,youtube,long_form,100,749,4852,5629,0,True
PO08822,CA077,CR0254,2025-08-17,youtube,short,183,653,955,1092,0,False
PO08823,CA077,CR0456,2025-08-17,youtube,short,308,2543,3233,3816,0,False
PO08824,CA077,CR0701,2025-08-17,youtube,long_form,198,420,1078,1050,0,False
PO08825,CA077,CR0754,2025-08-17,youtube,short,386,2118,2787,3276,0,False
PO08826,CA077,CR0867,2025-08-17,youtube,short,220,714,963,1043,0,False
PO08827,CA077,CR0308,2025-08-17,youtube,short,88200,263826,418827,430468,37350,False
PO08828,CA077,CR0654,2025-08-17,youtube,short,100,389,903,1057,0,False
PO08829,CA077,CR1119,2025-08-17,youtube,reel,100,395,538,565,0,False
PO08830,CA077,CR0402,2025-08-17,youtube,long_form,141,338,527,597,0,False
PO08831,CA077,CR0111,2025-08-17,youtube,long_form,100,290,455,523,0,False
PO08832,CA077,CR0413,2025-08-17,youtube,reel,5378,10073,21334,21512,1050,False
PO08833,CA077,CR1040,2025-08-17,youtube,carousel,605,1320,2397,2418,0,False
PO08834,CA077,CR0759,2025-08-17,youtube,long_form,100,100,210,245,0,True
PO08835,CA077,CR0718,2025-08-17,youtube,short,100,181,400,501,0,False
PO08836,CA077,CR0241,2025-08-17,youtube,short,644,1279,2114,2581,0,False
PO08837,CA077,CR1160,2025-08-17,youtube,short,284,474,1252,1355,0,False
PO08838,CA077,CR0364,2025-08-17,youtube,short,327,608,1096,1245,0,False
PO08839,CA077,CR1079,2025-08-17,youtube,reel,750,2097,3210,3865,0,False
PO08840,CA077,CR0166,2025-08-17,youtube,reel,479,1947,2988,2923,0,False
PO08841,CA077,CR0894,2025-08-17,youtube,reel,512,3130,4728,5176,0,False
PO08842,CA077,CR1053,2025-08-17,youtube,reel,100,286,415,420,0,False
PO08843,CA077,CR0714,2025-08-17,youtube,short,199,875,1249,1383,0,False
PO08844,CA077,CR0281,2025-08-17,youtube,long_form,366,855,1314,1515,0,False
PO08845,CA077,CR0644,2025-08-17,youtube,reel,100,159,269,303,0,False
PO08846,CA077,CR0099,2025-08-17,youtube,short,54236,160732,276462,269996,10650,False
PO08847,CA077,CR0723,2025-08-17,youtube,short,2756,6249,15253,16787,1050,False
PO08848,CA077,CR0183,2025-08-17,youtube,short,100,119,207,219,0,False
PO08849,CA077,CR0838,2025-08-17,youtube,short,100,311,635,784,0,False
PO08850,CA077,CR1178,2025-08-17,youtube,long_form,273,758,1312,1471,0,False
PO08851,CA077,CR0060,2025-08-17,youtube,short,174,496,713,833,0,False
PO08852,CA077,CR0012,2025-08-17,youtube,reel,457,1250,2308,2404,0,False
PO08853,CA077,CR1135,2025-08-17,youtube,long_form,100,389,630,710,0,False
PO08854,CA077,CR0342,2025-08-17,youtube,short,7368,15590,38529,39224,1050,False
PO08855,CA077,CR0230,2025-08-17,youtube,short,100,216,337,396,0,False
PO08856,CA077,CR0517,2025-08-17,youtube,short,100,162,247,261,0,False
PO08857,CA077,CR0697,2025-08-17,youtube,reel,100,100,109,117,0,False
PO08858,CA077,CR0724,2025-08-17,youtube,short,100,389,556,625,0,False
PO08859,CA077,CR0902,2025-08-17,youtube,short,241,355,927,972,0,False
PO08860,CA077,CR0617,2025-08-17,youtube,long_form,1029,4211,5363,6049,0,False
PO08861,CA077,CR0893,2025-08-17,youtube,short,219,464,855,937,0,False
PO08862,CA077,CR0580,2025-08-17,youtube,carousel,232,508,811,841,0,False
PO08863,CA077,CR0782,2025-08-17,youtube,reel,115,210,408,419,0,False
PO08864,CA077,CR0325,2025-08-17,youtube,reel,100,100,119,148,0,False
PO08865,CA077,CR0551,2025-08-17,youtube,short,100,101,174,208,0,False
PO08866,CA077,CR1092,2025-08-17,youtube,short,100,222,426,504,0,False
PO08867,CA078,CR0152,2025-08-20,instagram,short,331,1068,1462,1712,0,False
PO08868,CA078,CR0749,2025-08-20,instagram,reel,5622,10214,18571,20465,400,False
PO08869,CA078,CR0907,2025-08-20,instagram,short,419,803,2021,2040,0,False
PO08870,CA078,CR0304,2025-08-20,instagram,reel,138,471,1000,981,0,False
PO08871,CA078,CR0310,2025-08-20,instagram,reel,61638,170459,243313,253626,4000,False
PO08872,CA078,CR0534,2025-08-20,instagram,reel,771,5227,8001,7804,0,False
PO08873,CA078,CR0959,2025-08-20,instagram,reel,1222,3773,7455,7752,0,False
PO08874,CA078,CR0434,2025-08-20,instagram,carousel,12212,30120,41743,46364,1600,False
PO08875,CA078,CR0711,2025-08-20,instagram,reel,100,100,121,119,0,False
PO08876,CA078,CR0536,2025-08-20,instagram,reel,1158,4890,26211,34350,1600,True
PO08877,CA078,CR0828,2025-08-20,instagram,reel,832,5039,7396,8205,400,False
PO08878,CA078,CR0371,2025-08-20,instagram,reel,1077,2690,4127,4844,0,False
PO08879,CA078,CR0673,2025-08-20,instagram,reel,1397,2389,4911,5301,0,False
PO08880,CA078,CR0910,2025-08-20,instagram,short,158,519,1092,1198,0,False
PO08881,CA078,CR0872,2025-08-20,instagram,reel,683,1281,2656,3028,0,False
PO08882,CA078,CR1064,2025-08-20,instagram,carousel,375,1015,1715,1860,0,False
PO08883,CA078,CR0101,2025-08-20,instagram,short,1070,4590,6867,7978,0,False
PO08884,CA078,CR1032,2025-08-20,instagram,reel,755,1746,2888,3511,0,False
PO08885,CA078,CR0333,2025-08-20,instagram,short,212,1598,8578,9295,400,True
PO08886,CA078,CR0627,2025-08-20,instagram,reel,659,3022,4018,4380,0,False
PO08887,CA078,CR0365,2025-08-20,instagram,short,1478,3502,6296,7817,0,False
PO08888,CA078,CR1041,2025-08-20,instagram,reel,822,5490,9115,9746,400,False
PO08889,CA078,CR0618,2025-08-20,instagram,reel,152,501,823,827,0,False
PO08890,CA078,CR1123,2025-08-20,instagram,carousel,60276,179883,328711,325662,13950,False
PO08891,CA078,CR0077,2025-08-20,instagram,reel,1597,4492,8861,10188,400,False
PO08892,CA078,CR0104,2025-08-20,instagram,short,938,1664,4033,4364,0,False
PO08893,CA078,CR1029,2025-08-20,instagram,reel,1380,3689,6662,6899,0,False
PO08894,CA078,CR1047,2025-08-20,instagram,short,5389,13656,30685,37513,1600,False
PO08895,CA078,CR1093,2025-08-20,instagram,short,115,817,3320,4216,0,True
PO08896,CA078,CR0721,2025-08-20,instagram,reel,2448,4208,8348,8842,400,False
PO08897,CA078,CR0876,2025-08-20,instagram,short,2259,6167,10175,10494,400,False
PO08898,CA078,CR0147,2025-08-20,instagram,short,383,538,1514,1477,0,False
PO08899,CA078,CR0430,2025-08-20,instagram,short,895,2842,5037,5678,0,False
PO08900,CA078,CR1118,2025-08-20,instagram,carousel,565,1433,2286,2418,0,False
PO08901,CA078,CR0127,2025-08-20,instagram,reel,100,206,323,382,0,False
PO08902,CA078,CR0076,2025-08-20,instagram,short,994,3739,5587,5534,0,False
PO08903,CA078,CR0024,2025-08-20,instagram,long_form,2082,5917,9056,9911,400,False
PO08904,CA078,CR0176,2025-08-20,instagram,carousel,100,160,283,282,0,False
PO08905,CA078,CR0661,2025-08-20,instagram,reel,8648,24716,50763,60600,1600,False
PO08906,CA078,CR0864,2025-08-20,instagram,reel,100,247,397,417,0,False
PO08907,CA078,CR0061,2025-08-20,instagram,carousel,195,655,1773,1834,0,False
PO08908,CA078,CR0079,2025-08-20,instagram,long_form,189,498,711,735,0,False
PO08909,CA078,CR1027,2025-08-20,instagram,carousel,281,2122,2810,3155,0,False
PO08910,CA078,CR0650,2025-08-20,instagram,reel,100,211,287,302,0,False
PO08911,CA078,CR0599,2025-08-20,instagram,reel,2095,8185,20310,23242,400,False
PO08912,CA078,CR0453,2025-08-20,instagram,reel,5339,18675,26580,30338,400,False
PO08913,CA078,CR0760,2025-08-20,instagram,reel,629,3045,4898,5166,0,False
PO08914,CA078,CR1003,2025-08-20,instagram,reel,137,823,1234,1435,0,False
PO08915,CA078,CR0255,2025-08-20,instagram,long_form,405,1655,3004,2962,0,False
PO08916,CA078,CR1127,2025-08-20,instagram,reel,1223,3926,5854,6396,0,False
PO08917,CA078,CR1165,2025-08-20,instagram,reel,1117,3623,6064,7072,0,False
PO08918,CA078,CR0410,2025-08-20,instagram,reel,245,568,839,932,0,False
PO08919,CA078,CR0868,2025-08-20,instagram,short,1668,7970,12730,14197,400,False
PO08920,CA078,CR0436,2025-08-20,instagram,reel,496,1385,2300,2609,0,False
PO08921,CA078,CR0528,2025-08-20,instagram,reel,15267,60110,77655,89348,4000,False
PO08922,CA078,CR0764,2025-08-20,instagram,reel,122,449,712,735,0,False
PO08923,CA078,CR0423,2025-08-20,instagram,reel,1130,9391,13491,13478,400,False
PO08924,CA078,CR1049,2025-08-20,instagram,reel,427,638,1310,1543,0,False
PO08925,CA078,CR0400,2025-08-20,instagram,short,364,1833,2475,2964,0,False
PO08926,CA078,CR0769,2025-08-20,instagram,short,428,2776,4005,4780,0,False
PO08927,CA078,CR1194,2025-08-20,instagram,reel,931,4822,6903,8253,400,False
PO08928,CA078,CR0506,2025-08-20,instagram,short,2431,10003,19147,19228,400,False
PO08929,CA078,CR0461,2025-08-20,instagram,short,145,415,642,757,0,False
PO08930,CA078,CR1108,2025-08-20,instagram,short,257,650,1099,1157,0,False
PO08931,CA078,CR0041,2025-08-20,instagram,reel,14895,23497,56727,56354,1600,False
PO08932,CA078,CR0331,2025-08-20,instagram,reel,435,1391,3181,3501,0,False
PO08933,CA078,CR1059,2025-08-20,instagram,short,4420,6537,17121,16759,400,False
PO08934,CA078,CR0405,2025-08-20,instagram,reel,2101,5691,7164,8675,400,False
PO08935,CA078,CR0999,2025-08-20,instagram,short,158,480,825,858,0,False
PO08936,CA078,CR0807,2025-08-20,instagram,short,476,1133,1711,1889,0,False
PO08937,CA078,CR1080,2025-08-20,instagram,reel,14318,27664,52282,54897,1600,False
PO08938,CA078,CR0829,2025-08-20,instagram,reel,5725,17666,27236,29905,400,False
PO08939,CA078,CR0260,2025-08-20,instagram,short,2287,5334,10592,11440,400,False
PO08940,CA078,CR0593,2025-08-20,instagram,reel,4565,13498,22815,22289,400,False
PO08941,CA078,CR1133,2025-08-20,instagram,reel,105,331,583,665,0,False
PO08942,CA078,CR0297,2025-08-20,instagram,reel,332,515,1100,1347,0,False
PO08943,CA078,CR0931,2025-08-20,instagram,reel,616,2754,4082,5074,0,False
PO08944,CA078,CR0930,2025-08-20,instagram,reel,626,1068,2280,2719,0,False
PO08945,CA078,CR0735,2025-08-20,instagram,reel,1381,3413,5604,5816,0,False
PO08946,CA078,CR0790,2025-08-20,instagram,reel,2270,5206,11542,13658,400,False
PO08947,CA078,CR0131,2025-08-20,instagram,reel,2108,4508,7623,7642,0,False
PO08948,CA078,CR1042,2025-08-20,instagram,reel,4762,12029,23908,24953,400,False
PO08949,CA078,CR0296,2025-08-20,instagram,short,2219,3947,7000,8582,400,False
PO08950,CA078,CR1020,2025-08-20,instagram,reel,492,2548,4222,4185,0,False
PO08951,CA078,CR1185,2025-08-20,instagram,short,106,543,971,1086,0,False
PO08952,CA078,CR0034,2025-08-20,instagram,reel,60506,181253,247480,271870,4000,False
PO08953,CA078,CR0602,2025-08-20,instagram,long_form,100,173,245,275,0,False
PO08954,CA078,CR0655,2025-08-20,instagram,short,100,281,2164,2312,0,True
PO08955,CA078,CR0778,2025-08-20,instagram,short,1847,3561,5844,7242,0,False
PO08956,CA078,CR1111,2025-08-20,instagram,short,7203,25930,37628,39460,1600,False
PO08957,CA078,CR0685,2025-08-20,instagram,carousel,493,2252,5176,5134,0,False
PO08958,CA078,CR0659,2025-08-20,instagram,carousel,10366,45586,77827,85949,4000,False
PO08959,CA078,CR0520,2025-08-20,instagram,carousel,149,222,614,626,0,False
PO08960,CA078,CR0491,2025-08-20,instagram,short,2029,6371,10781,10499,400,False
PO08961,CA078,CR0422,2025-08-20,instagram,long_form,1679,7149,8916,10885,400,False
PO08962,CA078,CR0404,2025-08-20,instagram,long_form,544,1551,3470,3392,0,False
PO08963,CA078,CR1024,2025-08-20,instagram,short,322,697,1577,1841,0,False
PO08964,CA078,CR0647,2025-08-20,instagram,short,1287,3637,5004,6181,0,False
PO08965,CA078,CR0841,2025-08-20,instagram,reel,2205,5573,9908,10263,400,False
PO08966,CA078,CR0384,2025-08-20,instagram,long_form,1982,4908,11491,11905,400,False
PO08967,CA078,CR0140,2025-08-20,instagram,short,1519,3593,6636,6657,0,False
PO08968,CA078,CR0326,2025-08-20,instagram,long_form,412,2811,3505,4184,0,False
PO08969,CA078,CR0776,2025-08-20,instagram,reel,154,405,898,939,0,False
PO08970,CA078,CR0165,2025-08-20,instagram,reel,678,3312,4715,4749,0,False
PO08971,CA078,CR0356,2025-08-20,instagram,reel,2220,4350,8486,9819,400,False
PO08972,CA078,CR1117,2025-08-20,instagram,short,784,2671,4096,4377,0,False
PO08973,CA078,CR0976,2025-08-20,instagram,long_form,359,799,1653,1766,0,False
PO08974,CA078,CR0028,2025-08-20,instagram,carousel,484,1311,2984,3053,0,False
PO08975,CA078,CR0291,2025-08-20,instagram,short,25797,65639,118082,126323,4000,False
PO08976,CA078,CR1188,2025-08-20,instagram,long_form,842,3769,17228,19074,400,True
PO08977,CA078,CR0858,2025-08-20,instagram,reel,10765,44009,64574,66091,1600,False
PO08978,CA078,CR0272,2025-08-20,instagram,reel,373,1386,2053,2545,0,False
PO08979,CA078,CR0641,2025-08-20,instagram,short,1169,5262,7550,7863,0,False
PO08980,CA078,CR0590,2025-08-20,instagram,reel,431,2099,2782,3393,0,False
PO08981,CA078,CR0204,2025-08-20,instagram,reel,470,1546,2477,2981,0,False
PO08982,CA078,CR0245,2025-08-20,instagram,long_form,1713,4857,6426,6955,0,False
PO08983,CA078,CR1136,2025-08-20,instagram,long_form,158,756,1351,1378,0,False
PO08984,CA078,CR0188,2025-08-20,instagram,short,389,1766,3570,3861,0,False
PO08985,CA078,CR1158,2025-08-20,instagram,reel,1997,4113,7157,8642,400,False
PO08986,CA078,CR0990,2025-08-20,instagram,reel,28740,214468,291526,339025,13950,False
PO08987,CA078,CR0253,2025-08-20,instagram,long_form,100,216,382,376,0,False
PO08988,CA078,CR0774,2025-08-20,instagram,short,435,1153,1903,2261,0,False
PO08989,CA078,CR0804,2025-08-20,instagram,reel,214,323,636,791,0,False
PO08990,CA078,CR0504,2025-08-20,instagram,reel,2994,8873,16253,17967,400,False
PO08991,CA078,CR0424,2025-08-20,instagram,reel,1823,5166,6754,7832,0,False
PO08992,CA078,CR1172,2025-08-20,instagram,reel,1524,5039,8014,8932,400,False
PO08993,CA078,CR0403,2025-08-20,instagram,reel,218,622,808,959,0,False
PO08994,CA078,CR0503,2025-08-20,instagram,long_form,313,1687,3661,3581,0,False
PO08995,CA078,CR0600,2025-08-20,instagram,reel,36990,105697,214635,218312,4000,False
PO08996,CA078,CR0318,2025-08-20,instagram,reel,5877,14762,19160,23244,400,False
PO08997,CA078,CR1052,2025-08-20,instagram,short,193,658,832,989,0,False
PO08998,CA078,CR0741,2025-08-20,instagram,long_form,1866,3204,6393,7634,0,False
PO08999,CA078,CR0814,2025-08-20,instagram,reel,744,1734,2640,2802,0,False
PO09000,CA078,CR0916,2025-08-20,instagram,reel,578,1138,2090,2397,0,False
PO09001,CA078,CR0092,2025-08-20,instagram,long_form,3312,7497,15332,15706,400,False
PO09002,CA078,CR0448,2025-08-20,instagram,short,1724,9187,15291,16625,400,False
PO09003,CA078,CR0472,2025-08-20,instagram,short,972,2211,3594,3976,0,False
PO09004,CA078,CR0545,2025-08-20,instagram,carousel,29474,98998,239841,236899,4000,False
PO09005,CA078,CR0908,2025-08-20,instagram,carousel,244,491,918,1081,0,False
PO09006,CA078,CR0442,2025-08-20,instagram,short,129,280,525,531,0,False
PO09007,CA078,CR0538,2025-08-20,instagram,short,100,176,211,256,0,False
PO09008,CA078,CR0853,2025-08-20,instagram,reel,1404,3813,7967,7804,0,False
PO09009,CA078,CR0873,2025-08-20,instagram,reel,151,304,736,825,0,False
PO09010,CA078,CR1143,2025-08-20,instagram,short,4403,28866,37980,43045,1600,False
PO09011,CA078,CR0319,2025-08-20,instagram,reel,1765,3981,8575,9131,400,False
PO09012,CA078,CR0284,2025-08-20,instagram,reel,914,2197,3156,3313,0,False
PO09013,CA078,CR0707,2025-08-20,instagram,reel,4993,12438,17140,20137,400,False
PO09014,CA078,CR0469,2025-08-20,instagram,reel,116,578,872,894,0,False
PO09015,CA078,CR1170,2025-08-20,instagram,long_form,193,1057,1449,1563,0,False
PO09016,CA078,CR0862,2025-08-20,instagram,short,293,864,1133,1328,0,False
PO09017,CA078,CR1190,2025-08-20,instagram,reel,6150,16933,22979,28282,400,False
PO09018,CA078,CR0694,2025-08-20,instagram,reel,817,3814,5314,5503,0,False
PO09019,CA079,CR1093,2025-08-23,instagram,short,522,884,1623,1994,0,False
PO09020,CA079,CR0014,2025-08-23,instagram,reel,1306,2502,4754,4829,0,False
PO09021,CA079,CR0003,2025-08-23,instagram,carousel,437,1740,3084,3213,0,False
PO09022,CA079,CR0136,2025-08-23,instagram,carousel,420,1028,1352,1592,0,False
PO09023,CA079,CR0868,2025-08-23,instagram,long_form,3280,5381,13509,14033,700,False
PO09024,CA079,CR0720,2025-08-23,instagram,reel,756,3135,6680,7947,0,False
PO09025,CA079,CR0886,2025-08-23,instagram,reel,29696,169872,276813,278153,7000,False
PO09026,CA079,CR0599,2025-08-23,instagram,reel,622,1119,2592,2946,0,False
PO09027,CA079,CR1164,2025-08-23,instagram,carousel,174,409,866,863,0,False
PO09028,CA079,CR0986,2025-08-23,instagram,carousel,100,141,345,349,0,False
PO09029,CA079,CR0299,2025-08-23,instagram,reel,189,852,1142,1267,0,False
PO09030,CA079,CR0909,2025-08-23,instagram,short,9546,34836,83008,82661,2800,False
PO09031,CA079,CR1172,2025-08-23,instagram,reel,505,981,2325,2365,0,False
PO09032,CA079,CR1049,2025-08-23,instagram,short,100,209,501,575,0,False
PO09033,CA079,CR0091,2025-08-23,instagram,reel,1223,2649,5405,5435,0,False
PO09034,CA079,CR0161,2025-08-23,instagram,reel,3846,7128,14468,16940,700,False
PO09035,CA079,CR0140,2025-08-23,instagram,reel,2483,8799,11727,13056,700,False
PO09036,CA079,CR1013,2025-08-23,instagram,short,395,826,2299,2294,0,False
PO09037,CA079,CR1191,2025-08-23,instagram,reel,100,275,438,442,0,False
PO09038,CA079,CR0778,2025-08-23,instagram,long_form,2419,4083,8892,9239,700,False
PO09039,CA079,CR0507,2025-08-23,instagram,reel,4503,9210,15967,18669,700,False
PO09040,CA079,CR0359,2025-08-23,instagram,reel,340,1918,2736,2871,0,False
PO09041,CA079,CR1181,2025-08-23,instagram,short,786,3590,9190,8972,700,False
PO09042,CA079,CR0152,2025-08-23,instagram,reel,907,1757,3890,4307,0,False
PO09043,CA079,CR0416,2025-08-23,instagram,reel,171,554,792,897,0,False
PO09044,CA079,CR0016,2025-08-23,instagram,short,331,684,1287,1460,0,False
PO09045,CA079,CR1123,2025-08-23,instagram,long_form,8054,12692,27274,29644,700,False
PO09046,CA079,CR1129,2025-08-23,instagram,reel,713,2784,5926,6924,0,False
PO09047,CA079,CR0272,2025-08-23,instagram,reel,776,1767,3025,3687,0,False
PO09048,CA079,CR1125,2025-08-23,instagram,short,14262,48287,85939,93452,7000,False
PO09049,CA079,CR0260,2025-08-23,instagram,reel,1598,6968,14522,14639,700,False
PO09050,CA079,CR1136,2025-08-23,instagram,reel,100,126,533,677,0,True
PO09051,CA079,CR0269,2025-08-23,instagram,short,100,716,1016,1092,0,False
PO09052,CA079,CR0333,2025-08-23,instagram,reel,748,3896,4905,5637,0,False
PO09053,CA079,CR0422,2025-08-23,instagram,reel,216,713,1339,1610,0,False
PO09054,CA079,CR0901,2025-08-23,instagram,long_form,100,282,1729,2107,0,True
PO09055,CA079,CR0960,2025-08-23,instagram,short,1246,2395,4266,5013,0,False
PO09056,CA079,CR0339,2025-08-23,instagram,reel,386,1194,2076,2468,0,False
PO09057,CA079,CR0823,2025-08-23,instagram,reel,151,237,525,629,0,False
PO09058,CA079,CR0751,2025-08-23,instagram,reel,124,361,824,892,0,False
PO09059,CA079,CR0174,2025-08-23,instagram,reel,119,546,740,887,0,False
PO09060,CA079,CR0952,2025-08-23,instagram,short,11036,35901,87369,92682,7000,False
PO09061,CA079,CR0266,2025-08-23,instagram,reel,647,3798,6345,7900,0,False
PO09062,CA079,CR0865,2025-08-23,instagram,short,100,294,715,714,0,False
PO09063,CA079,CR0561,2025-08-23,instagram,reel,100,217,498,594,0,False
PO09064,CA079,CR0962,2025-08-23,instagram,reel,230,460,1217,1236,0,False
PO09065,CA079,CR1194,2025-08-23,instagram,reel,1424,4881,7927,8440,0,False
PO09066,CA079,CR0873,2025-08-23,instagram,short,147,642,1529,1579,0,False
PO09067,CA079,CR1190,2025-08-23,instagram,short,217,482,924,902,0,False
PO09068,CA079,CR0807,2025-08-23,instagram,reel,520,5796,28494,32534,700,True
PO09069,CA079,CR0593,2025-08-23,instagram,short,1370,2257,4686,4901,0,False
PO09070,CA079,CR0249,2025-08-23,instagram,reel,4952,8194,17483,20002,700,False
PO09071,CA079,CR0582,2025-08-23,instagram,reel,2480,10747,19493,21450,700,False
PO09072,CA079,CR0899,2025-08-23,instagram,reel,29394,70535,117234,131949,7000,False
PO09073,CA079,CR0509,2025-08-23,instagram,short,481,1191,1991,1952,0,False
PO09074,CA079,CR1179,2025-08-23,instagram,carousel,1203,2534,4657,5050,0,False
PO09075,CA079,CR0942,2025-08-23,instagram,short,592,1848,2952,2897,0,False
PO09076,CA079,CR0774,2025-08-23,instagram,short,890,1903,3896,4239,0,False
PO09077,CA079,CR0647,2025-08-23,instagram,long_form,826,1845,3125,3070,0,False
PO09078,CA079,CR0719,2025-08-23,instagram,short,65260,177844,319557,317563,24450,False
PO09079,CA079,CR1095,2025-08-23,instagram,short,754,5485,7196,8016,0,False
PO09080,CA079,CR0825,2025-08-23,instagram,reel,978,1961,2838,3503,0,False
PO09081,CA079,CR0616,2025-08-23,instagram,reel,1135,5187,5999,7469,0,False
PO09082,CA079,CR0024,2025-08-23,instagram,reel,5471,13915,29653,30134,700,False
PO09083,CA079,CR0743,2025-08-23,instagram,carousel,496,2699,4009,4605,0,False
PO09084,CA079,CR0410,2025-08-23,instagram,reel,2344,7369,11020,12118,700,False
PO09085,CA079,CR0019,2025-08-23,instagram,reel,1860,5688,9200,10033,700,False
PO09086,CA079,CR0035,2025-08-23,instagram,short,296,802,1373,1339,0,False
PO09087,CA079,CR0943,2025-08-23,instagram,reel,1722,3603,6121,6574,0,False
PO09088,CA079,CR0733,2025-08-23,instagram,long_form,117,690,979,1110,0,False
PO09089,CA079,CR0874,2025-08-23,instagram,reel,586,938,2289,2498,0,False
PO09090,CA079,CR0837,2025-08-23,instagram,reel,1059,4712,7025,7001,0,False
PO09091,CA079,CR0109,2025-08-23,instagram,reel,162,307,563,616,0,False
PO09092,CA079,CR0503,2025-08-23,instagram,reel,3429,5919,12538,13047,700,False
PO09093,CA079,CR1112,2025-08-23,instagram,short,223,536,800,864,0,False
PO09094,CA079,CR0131,2025-08-23,instagram,short,1441,3465,4377,5383,0,False
PO09095,CA079,CR0916,2025-08-23,instagram,short,359,1618,3133,3592,0,False
PO09096,CA079,CR1084,2025-08-23,instagram,carousel,100,109,192,203,0,False
PO09097,CA079,CR0178,2025-08-23,instagram,reel,1615,7167,12816,12725,700,False
PO09098,CA079,CR0282,2025-08-23,instagram,short,2623,6143,13471,16165,700,False
PO09099,CA079,CR0810,2025-08-23,instagram,carousel,1607,3499,6949,7808,0,False
PO09100,CA079,CR0349,2025-08-23,instagram,reel,139,755,1465,1702,0,False
PO09101,CA079,CR0405,2025-08-23,instagram,reel,216,870,5552,6689,0,True
PO09102,CA079,CR0304,2025-08-23,instagram,short,441,2060,2629,3085,0,False
PO09103,CA079,CR0430,2025-08-23,instagram,long_form,14968,29803,52236,53970,2800,False
PO09104,CA079,CR1020,2025-08-23,instagram,short,732,1300,2381,2939,0,False
PO09105,CA079,CR0988,2025-08-23,instagram,reel,1214,5261,8704,9453,700,False
PO09106,CA079,CR0424,2025-08-23,instagram,short,416,648,1694,1766,0,False
PO09107,CA079,CR0767,2025-08-23,instagram,reel,10752,50422,65620,72511,2800,False
PO09108,CA079,CR0041,2025-08-23,instagram,reel,1079,3219,5395,5412,0,False
PO09109,CA079,CR0231,2025-08-23,instagram,reel,655,2703,20022,21932,700,True
PO09110,CA079,CR0028,2025-08-23,instagram,short,110,334,718,801,0,False
PO09111,CA079,CR0953,2025-08-23,instagram,reel,1337,3851,6044,6131,0,False
PO09112,CA079,CR0631,2025-08-23,instagram,reel,506,1427,2088,2115,0,False
PO09113,CA079,CR1133,2025-08-23,instagram,short,109,160,381,429,0,False
PO09114,CA079,CR0386,2025-08-23,instagram,reel,439,661,1684,1873,0,False
PO09115,CA079,CR1165,2025-08-23,instagram,reel,3277,10606,23660,25838,700,False
PO09116,CA079,CR0676,2025-08-23,instagram,reel,100,163,313,313,0,False
PO09117,CA079,CR0301,2025-08-23,instagram,long_form,753,3124,3851,4501,0,False
PO09118,CA079,CR0235,2025-08-23,instagram,reel,820,2669,4196,4711,0,False
PO09119,CA079,CR0101,2025-08-23,instagram,reel,476,688,1585,1956,0,False
PO09120,CA079,CR1127,2025-08-23,instagram,long_form,624,2845,5939,6091,0,False
PO09121,CA079,CR0215,2025-08-23,instagram,reel,135,629,791,988,0,False
PO09122,CA079,CR0884,2025-08-23,instagram,reel,264,1295,1950,2236,0,False
PO09123,CA079,CR0606,2025-08-23,instagram,reel,1522,3303,6388,6829,0,False
PO09124,CA079,CR0472,2025-08-23,instagram,long_form,100,263,435,432,0,False
PO09125,CA079,CR0700,2025-08-23,instagram,reel,2479,9068,38964,50913,2800,True
PO09126,CA079,CR0945,2025-08-23,instagram,short,100,195,379,432,0,False
PO09127,CA079,CR0460,2025-08-23,instagram,short,741,1992,3432,3924,0,False
PO09128,CA079,CR1021,2025-08-23,instagram,long_form,592,2310,4729,5295,0,False
PO09129,CA079,CR0534,2025-08-23,instagram,reel,2323,6569,17406,18527,700,False
PO09130,CA079,CR0296,2025-08-23,instagram,carousel,100,424,718,774,0,False
PO09131,CA079,CR0852,2025-08-23,instagram,short,5657,7930,19816,22362,700,False
PO09132,CA079,CR1016,2025-08-23,instagram,reel,997,4005,8438,10195,700,False
PO09133,CA079,CR0771,2025-08-23,instagram,short,100,485,678,726,0,False
PO09134,CA079,CR0590,2025-08-23,instagram,long_form,455,1407,3083,3467,0,False
PO09135,CA079,CR0981,2025-08-23,instagram,reel,1208,5923,11539,11537,700,False
PO09136,CA079,CR0290,2025-08-23,instagram,carousel,100,284,463,476,0,False
PO09137,CA079,CR0224,2025-08-23,instagram,long_form,568,1215,2593,2620,0,False
PO09138,CA079,CR0379,2025-08-23,instagram,long_form,368,1126,1694,1799,0,False
PO09139,CA079,CR0978,2025-08-23,instagram,short,710,2735,3558,4368,0,False
PO09140,CA079,CR1014,2025-08-23,instagram,reel,100,100,182,191,0,False
PO09141,CA079,CR0262,2025-08-23,instagram,short,427,1831,3346,3887,0,False
PO09142,CA079,CR0297,2025-08-23,instagram,reel,2743,10873,20346,25167,700,False
PO09143,CA079,CR0377,2025-08-23,instagram,reel,3001,10511,17811,17965,700,False
PO09144,CA079,CR1193,2025-08-23,instagram,reel,6390,17585,36480,42712,2800,False
PO09145,CA079,CR0294,2025-08-23,instagram,long_form,792,2673,3696,4198,0,False
PO09146,CA079,CR0895,2025-08-23,instagram,reel,1032,1819,4262,4181,0,False
PO09147,CA079,CR0021,2025-08-23,instagram,reel,100,223,400,405,0,False
PO09148,CA079,CR0396,2025-08-23,instagram,long_form,100,481,748,896,0,False
PO09149,CA079,CR0032,2025-08-23,instagram,short,338,2252,3277,3503,0,False
PO09150,CA079,CR0289,2025-08-23,instagram,reel,1744,3191,5704,6988,0,False
PO09151,CA079,CR0872,2025-08-23,instagram,reel,4700,11388,15963,18648,700,False
PO09152,CA079,CR0145,2025-08-23,instagram,reel,716,2395,4412,5231,0,False
PO09153,CA079,CR0092,2025-08-23,instagram,reel,690,1193,2930,3196,0,False
PO09154,CA079,CR1076,2025-08-23,instagram,reel,100,438,654,761,0,False
PO09155,CA079,CR1044,2025-08-23,instagram,reel,100,155,381,371,0,False
PO09156,CA079,CR0352,2025-08-23,instagram,reel,4562,11592,14617,16864,700,False
PO09157,CA079,CR1158,2025-08-23,instagram,reel,1570,7839,11023,11295,700,False
PO09158,CA079,CR0520,2025-08-23,instagram,short,100,228,335,377,0,False
PO09159,CA079,CR0229,2025-08-23,instagram,reel,77423,252505,622443,610172,24450,False
PO09160,CA079,CR0519,2025-08-23,instagram,reel,363,2006,3513,3673,0,False
PO09161,CA079,CR0976,2025-08-23,instagram,reel,1574,2997,8281,8236,0,False
PO09162,CA079,CR0201,2025-08-23,instagram,long_form,187,497,805,789,0,False
PO09163,CA080,CR0789,2025-08-26,youtube,long_form,2065,14650,21358,23160,400,False
PO09164,CA080,CR0368,2025-08-26,youtube,short,1803,4273,8754,10741,400,False
PO09165,CA080,CR0859,2025-08-26,youtube,reel,286,1252,1871,1908,0,False
PO09166,CA080,CR0149,2025-08-26,youtube,short,3214,5545,15555,15485,400,False
PO09167,CA080,CR0549,2025-08-26,youtube,short,193,637,1014,1266,0,False
PO09168,CA080,CR0039,2025-08-26,youtube,reel,3554,10423,20241,22045,400,False
PO09169,CA080,CR0409,2025-08-26,youtube,long_form,714,1502,2590,3029,0,False
PO09170,CA080,CR0742,2025-08-26,youtube,reel,717,1086,2780,2809,0,False
PO09171,CA080,CR0703,2025-08-26,youtube,short,3642,5818,14039,15255,400,False
PO09172,CA080,CR1019,2025-08-26,youtube,reel,2239,5274,10865,11842,400,False
PO09173,CA080,CR0432,2025-08-26,youtube,reel,1700,2931,6039,6582,0,False
PO09174,CA080,CR0162,2025-08-26,youtube,reel,3865,6252,13169,13818,400,False
PO09175,CA080,CR0156,2025-08-26,youtube,carousel,205,330,736,779,0,False
PO09176,CA080,CR0955,2025-08-26,youtube,long_form,672,2510,3272,3853,0,False
PO09177,CA080,CR0723,2025-08-26,youtube,long_form,557,1694,3804,4388,0,False
PO09178,CA080,CR0065,2025-08-26,youtube,short,6080,46901,58862,68669,1700,False
PO09179,CA080,CR0271,2025-08-26,youtube,short,10355,22667,55250,61810,1700,False
PO09180,CA080,CR0123,2025-08-26,youtube,long_form,300,901,1155,1367,0,False
PO09181,CA080,CR0870,2025-08-26,youtube,short,930,1682,4223,4139,0,False
PO09182,CA080,CR1023,2025-08-26,youtube,short,6494,17285,24582,25766,400,False
PO09183,CA080,CR1083,2025-08-26,youtube,short,5027,11568,25158,24609,400,False
PO09184,CA080,CR0411,2025-08-26,youtube,short,1272,7899,14557,15493,400,False
PO09185,CA080,CR0096,2025-08-26,youtube,carousel,708,2179,3542,4235,0,False
PO09186,CA080,CR1078,2025-08-26,youtube,short,100,195,491,477,0,False
PO09187,CA080,CR1038,2025-08-26,youtube,long_form,343,1083,1610,1920,0,False
PO09188,CA080,CR0270,2025-08-26,youtube,short,38401,74492,134580,164105,4200,False
PO09189,CA080,CR0125,2025-08-26,youtube,short,302,1630,2775,2860,0,False
PO09190,CA080,CR1012,2025-08-26,youtube,short,2619,4152,11400,11153,400,False
PO09191,CA080,CR0298,2025-08-26,youtube,short,1191,2466,6049,6073,0,False
PO09192,CA080,CR0675,2025-08-26,youtube,long_form,169,374,967,1063,0,False
PO09193,CA080,CR0827,2025-08-26,youtube,short,439,2168,3107,3521,0,False
PO09194,CA080,CR0562,2025-08-26,youtube,reel,353,1250,1788,2203,0,False
PO09195,CA080,CR0268,2025-08-26,youtube,long_form,11785,22038,46928,52534,1700,False
PO09196,CA080,CR0925,2025-08-26,youtube,short,903,5275,8043,8636,0,False
PO09197,CA080,CR0972,2025-08-26,youtube,carousel,100,100,138,150,0,False
PO09198,CA080,CR0671,2025-08-26,youtube,short,1021,3098,5234,5458,0,False
PO09199,CA080,CR0142,2025-08-26,youtube,short,2177,11608,16219,18917,400,False
PO09200,CA080,CR0108,2025-08-26,youtube,short,641,1100,2303,2577,0,False
PO09201,CA080,CR1162,2025-08-26,youtube,short,2768,13185,34435,34543,400,False
PO09202,CA080,CR0408,2025-08-26,youtube,short,100,310,473,489,0,False
PO09203,CA081,CR0866,2025-08-29,youtube,long_form,257,1577,2534,2766,0,False
PO09204,CA081,CR0354,2025-08-29,youtube,short,1688,3551,8325,8800,400,False
PO09205,CA081,CR0724,2025-08-29,youtube,reel,100,156,246,281,0,False
PO09206,CA081,CR0934,2025-08-29,youtube,short,100,123,987,1084,0,True
PO09207,CA081,CR0782,2025-08-29,youtube,reel,393,1017,2233,2179,0,False
PO09208,CA081,CR0912,2025-08-29,youtube,reel,100,100,405,458,0,True
PO09209,CA081,CR0977,2025-08-29,youtube,carousel,100,100,100,100,0,False
PO09210,CA081,CR0437,2025-08-29,youtube,long_form,138,285,508,609,0,False
PO09211,CA081,CR0124,2025-08-29,youtube,long_form,100,100,130,145,0,False
PO09212,CA081,CR0488,2025-08-29,youtube,short,3595,10229,19210,23778,1650,False
PO09213,CA081,CR0579,2025-08-29,youtube,short,365,890,1177,1339,0,False
PO09214,CA081,CR0935,2025-08-29,youtube,long_form,160,633,863,967,0,False
PO09215,CA081,CR0654,2025-08-29,youtube,short,100,120,186,197,0,False
PO09216,CA081,CR0089,2025-08-29,youtube,short,100,100,100,100,0,False
PO09217,CA081,CR0082,2025-08-29,youtube,reel,3917,8666,19606,21599,400,False
PO09218,CA081,CR0902,2025-08-29,youtube,carousel,100,100,100,100,0,False
PO09219,CA081,CR0281,2025-08-29,youtube,short,100,138,178,208,0,False
PO09220,CA081,CR0913,2025-08-29,youtube,long_form,978,2208,3445,3557,0,False
PO09221,CA081,CR0401,2025-08-29,youtube,reel,100,100,100,100,0,False
PO09222,CA081,CR0818,2025-08-29,youtube,short,100,100,118,137,0,False
PO09223,CA081,CR0728,2025-08-29,youtube,long_form,216,1143,2121,2175,0,False
PO09224,CA081,CR0863,2025-08-29,youtube,short,100,100,100,100,0,False
PO09225,CA081,CR1034,2025-08-29,youtube,carousel,100,100,100,100,0,False
PO09226,CA081,CR0179,2025-08-29,youtube,short,100,464,567,696,0,False
PO09227,CA081,CR0898,2025-08-29,youtube,long_form,217,549,796,800,0,False
PO09228,CA081,CR0613,2025-08-29,youtube,long_form,9391,30878,47837,55886,1650,False
PO09229,CA081,CR0268,2025-08-29,youtube,short,10256,32469,44600,49749,1650,False
PO09230,CA081,CR0012,2025-08-29,youtube,short,100,100,100,100,0,False
PO09231,CA081,CR0939,2025-08-29,youtube,long_form,100,100,121,136,0,False
PO09232,CA081,CR0783,2025-08-29,youtube,short,100,100,186,185,0,False
PO09233,CA081,CR1162,2025-08-29,youtube,long_form,175,1088,1532,1592,0,False
PO09234,CA081,CR0718,2025-08-29,youtube,short,117,262,477,484,0,False
PO09235,CA081,CR0683,2025-08-29,youtube,short,100,100,100,100,0,False
PO09236,CA081,CR1040,2025-08-29,youtube,short,157,906,1425,1466,0,False
PO09237,CA081,CR1137,2025-08-29,youtube,short,100,100,142,146,0,False
PO09238,CA081,CR0090,2025-08-29,youtube,short,100,100,139,153,0,False
PO09239,CA081,CR0951,2025-08-29,youtube,reel,100,167,305,353,0,False
PO09240,CA081,CR1039,2025-08-29,youtube,long_form,7625,27384,48158,47645,1650,False
PO09241,CA081,CR1156,2025-08-29,youtube,long_form,213,314,783,781,0,False
PO09242,CA081,CR0250,2025-08-29,youtube,long_form,100,100,119,143,0,False
PO09243,CA081,CR1107,2025-08-29,youtube,short,270,964,1334,1576,0,False
PO09244,CA081,CR0894,2025-08-29,youtube,short,148,403,982,1115,0,False
PO09245,CA081,CR1046,2025-08-29,youtube,short,100,154,429,438,0,False
PO09246,CA081,CR0617,2025-08-29,youtube,reel,775,1609,2309,2863,0,False
PO09247,CA081,CR0715,2025-08-29,youtube,short,103,260,527,560,0,False
PO09248,CA081,CR0196,2025-08-29,youtube,reel,1003,1730,4310,4517,0,False
PO09249,CA081,CR0571,2025-08-29,youtube,long_form,240,747,1342,1342,0,False
PO09250,CA081,CR0183,2025-08-29,youtube,short,100,189,437,436,0,False
PO09251,CA081,CR0045,2025-08-29,youtube,short,100,141,340,378,0,False
PO09252,CA081,CR0254,2025-08-29,youtube,short,100,146,270,274,0,False
PO09253,CA081,CR1178,2025-08-29,youtube,long_form,125,400,880,1020,0,False
PO09254,CA081,CR0366,2025-08-29,youtube,short,17103,50070,108356,116266,4100,False
PO09255,CA081,CR0598,2025-08-29,youtube,short,3985,11671,23296,25040,1650,False
PO09256,CA081,CR1078,2025-08-29,youtube,short,100,215,338,360,0,False
PO09257,CA081,CR0577,2025-08-29,youtube,short,100,100,126,143,0,False
PO09258,CA081,CR0128,2025-08-29,youtube,reel,153,493,792,903,0,False
PO09259,CA081,CR0236,2025-08-29,youtube,reel,100,224,372,372,0,False
PO09260,CA081,CR0665,2025-08-29,youtube,short,401,1526,2226,2499,0,False
PO09261,CA082,CR0736,2025-09-01,youtube,short,31213,122769,174534,187356,7700,False
PO09262,CA082,CR0871,2025-09-01,youtube,short,2274,7338,15814,19582,750,False
PO09263,CA082,CR0468,2025-09-01,youtube,short,2146,6661,13647,15804,750,False
PO09264,CA082,CR0004,2025-09-01,youtube,short,696,2655,5228,5582,0,False
PO09265,CA082,CR0295,2025-09-01,youtube,short,260,748,1244,1330,0,False
PO09266,CA082,CR0217,2025-09-01,youtube,long_form,7126,17510,39656,41171,750,False
PO09267,CA082,CR0934,2025-09-01,youtube,short,100,141,304,334,0,False
PO09268,CA082,CR0337,2025-09-01,youtube,short,3705,6174,15613,15568,750,False
PO09269,CA082,CR0559,2025-09-01,youtube,short,17050,61030,81134,92756,3100,False
PO09270,CA082,CR0701,2025-09-01,youtube,long_form,218,805,1070,1214,0,False
PO09271,CA082,CR0979,2025-09-01,youtube,short,1730,4120,7768,8165,0,False
PO09272,CA082,CR1015,2025-09-01,youtube,short,8502,21167,42082,41536,750,False
PO09273,CA082,CR0293,2025-09-01,youtube,long_form,1959,4537,8246,10044,0,False
PO09274,CA082,CR1140,2025-09-01,youtube,short,1614,10023,14110,15124,750,False
PO09275,CA082,CR0322,2025-09-01,youtube,carousel,1617,3896,5396,6358,0,False
PO09276,CA082,CR0103,2025-09-01,youtube,short,2088,6396,16768,16969,750,False
PO09277,CA082,CR0295,2025-09-01,youtube,reel,5451,12369,27749,33111,750,False
PO09278,CA082,CR0752,2025-09-01,youtube,short,1323,11016,15012,16325,750,False
PO09279,CA082,CR0575,2025-09-01,youtube,short,2255,7347,11505,13319,750,False
PO09280,CA082,CR0467,2025-09-01,youtube,short,4772,11015,18379,22332,750,False
PO09281,CA082,CR0216,2025-09-01,youtube,short,7297,12127,28567,32103,750,False
PO09282,CA082,CR0838,2025-09-01,youtube,long_form,100,100,100,100,0,False
PO09283,CA082,CR1062,2025-09-01,youtube,short,276,3077,17131,18041,750,True
PO09284,CA082,CR0100,2025-09-01,youtube,short,14231,34738,64714,68571,3100,False
PO09285,CA082,CR0623,2025-09-01,youtube,reel,2015,4323,6960,7465,0,False
PO09286,CA082,CR0102,2025-09-01,youtube,short,24674,63046,97471,95603,3100,False
PO09287,CA082,CR0354,2025-09-01,youtube,short,3957,7755,16444,20214,750,False
PO09288,CA082,CR0693,2025-09-01,youtube,short,4392,6768,13734,16437,750,False
PO09289,CA082,CR1039,2025-09-01,youtube,short,35399,68033,149064,162134,7700,False
PO09290,CA082,CR0008,2025-09-01,youtube,short,5363,13756,17251,20959,750,False
PO09291,CA082,CR0613,2025-09-01,youtube,short,3913,5426,13335,14874,750,False
PO09292,CA082,CR0625,2025-09-01,youtube,reel,19795,43899,65969,71424,3100,False
PO09293,CA082,CR0665,2025-09-01,youtube,long_form,4202,7716,18125,20463,750,False
PO09294,CA082,CR0680,2025-09-01,youtube,short,15923,29121,58113,63825,3100,False
PO09295,CA082,CR1018,2025-09-01,youtube,long_form,1177,1924,4018,4587,0,False
PO09296,CA082,CR0768,2025-09-01,youtube,short,2742,8041,10906,12300,750,False
PO09297,CA082,CR0492,2025-09-01,youtube,short,5672,16850,21162,24816,750,False
PO09298,CA082,CR0797,2025-09-01,youtube,long_form,13436,27008,48161,59981,3100,False
PO09299,CA082,CR0906,2025-09-01,youtube,short,646,3324,23083,26955,750,True
PO09300,CA082,CR0444,2025-09-01,youtube,short,415,704,1611,1738,0,False
PO09301,CA082,CR0348,2025-09-01,youtube,short,3049,20038,25885,29498,750,False
PO09302,CA082,CR0478,2025-09-01,youtube,short,866,1607,3569,4219,0,False
PO09303,CA082,CR0871,2025-09-01,youtube,long_form,6068,8236,22712,22542,750,False
PO09304,CA082,CR1199,2025-09-01,youtube,short,7916,23489,33862,33827,750,False
PO09305,CA082,CR0944,2025-09-01,youtube,reel,5937,25815,38763,43080,750,False
PO09306,CA082,CR0812,2025-09-01,youtube,short,5924,17221,30573,34160,750,False
PO09307,CA082,CR0581,2025-09-01,youtube,short,11862,49881,78099,86486,3100,False
PO09308,CA082,CR0705,2025-09-01,youtube,reel,15563,56878,97363,100050,3100,False
PO09309,CA082,CR0295,2025-09-01,youtube,short,938,2439,3388,3547,0,False
PO09310,CA082,CR0144,2025-09-01,youtube,short,2106,7696,10652,11333,750,False
PO09311,CA082,CR0653,2025-09-01,youtube,short,9760,38269,85482,100299,3100,False
PO09312,CA082,CR1154,2025-09-01,youtube,short,1994,7662,46977,53736,3100,True
PO09313,CA082,CR0454,2025-09-01,youtube,short,405,2101,2657,3255,0,False
PO09314,CA082,CR0429,2025-09-01,youtube,carousel,7436,19824,43626,44071,3100,False
PO09315,CA082,CR0198,2025-09-01,youtube,short,100,167,271,301,0,False
PO09316,CA082,CR0232,2025-09-01,youtube,long_form,22968,78447,116994,115247,7700,False
PO09317,CA082,CR0946,2025-09-01,youtube,reel,3011,15411,25006,28464,750,False
PO09318,CA082,CR0209,2025-09-01,youtube,carousel,347,883,2000,2029,0,False
PO09319,CA082,CR0879,2025-09-01,youtube,reel,210,528,776,789,0,False
PO09320,CA082,CR0089,2025-09-01,youtube,short,100,265,1065,1345,0,True
PO09321,CA082,CR0261,2025-09-01,youtube,short,8660,26951,38526,43034,750,False
PO09322,CA082,CR0095,2025-09-01,youtube,reel,2005,5276,8336,9990,0,False
PO09323,CA082,CR0190,2025-09-01,youtube,short,8076,14568,40167,40926,750,False
PO09324,CA082,CR0898,2025-09-01,youtube,reel,100,203,513,530,0,False
PO09325,CA082,CR0892,2025-09-01,youtube,reel,894,3317,15015,19211,750,True
PO09326,CA082,CR0182,2025-09-01,youtube,short,326,911,2149,2117,0,False
PO09327,CA082,CR0971,2025-09-01,youtube,short,1050,4983,12011,12493,750,False
PO09328,CA082,CR0347,2025-09-01,youtube,short,171,276,595,653,0,False
PO09329,CA082,CR0438,2025-09-01,youtube,long_form,3530,12163,18260,21868,750,False
PO09330,CA082,CR1018,2025-09-01,youtube,short,457,1924,3576,3955,0,False
PO09331,CA082,CR0447,2025-09-01,youtube,short,30206,72865,99622,112007,7700,False
PO09332,CA082,CR0388,2025-09-01,youtube,short,6148,8912,25403,25276,750,False
PO09333,CA082,CR0059,2025-09-01,youtube,short,21724,81394,154528,168786,7700,False
PO09334,CA082,CR0944,2025-09-01,youtube,short,7316,27658,177034,189848,7700,True
PO09335,CA082,CR0670,2025-09-01,youtube,reel,4665,11134,21315,23013,750,False
PO09336,CA082,CR0704,2025-09-01,youtube,long_form,1938,3211,7557,7856,0,False
PO09337,CA082,CR0040,2025-09-01,youtube,long_form,793,1933,3026,3280,0,False
PO09338,CA082,CR1199,2025-09-01,youtube,short,4342,25795,152360,164244,7700,True
PO09339,CA082,CR0615,2025-09-01,youtube,reel,4810,12337,31101,31576,750,False
PO09340,CA082,CR0040,2025-09-01,youtube,reel,1466,2825,5386,5633,0,False
PO09341,CA082,CR1198,2025-09-01,youtube,reel,460,2217,3141,3301,0,False
PO09342,CA082,CR0175,2025-09-01,youtube,short,2872,9970,16238,16752,750,False
PO09343,CA082,CR0699,2025-09-01,youtube,long_form,527,2006,3041,3447,0,False
PO09344,CA082,CR0573,2025-09-01,youtube,long_form,11353,18680,41394,41024,750,False
PO09345,CA082,CR0426,2025-09-01,youtube,long_form,6417,29980,68631,68353,3100,False
PO09346,CA082,CR0946,2025-09-01,youtube,short,21662,63828,113117,118052,7700,False
PO09347,CA082,CR0194,2025-09-01,youtube,long_form,126,260,538,625,0,False
PO09348,CA082,CR0450,2025-09-01,youtube,long_form,8162,15975,30315,34457,750,False
PO09349,CA082,CR1037,2025-09-01,youtube,short,3064,5307,11425,12814,750,False
PO09350,CA082,CR0332,2025-09-01,youtube,short,9189,43310,54938,66638,3100,False
PO09351,CA082,CR0433,2025-09-01,youtube,short,155,881,1287,1288,0,False
PO09352,CA082,CR0936,2025-09-01,youtube,reel,1852,6222,10382,12331,750,False
PO09353,CA082,CR0366,2025-09-01,youtube,short,38646,75758,144903,146529,7700,False
PO09354,CA082,CR0277,2025-09-01,youtube,short,11826,19635,43493,42333,750,False
PO09355,CA082,CR0714,2025-09-01,youtube,carousel,100,100,195,234,0,False
PO09356,CA082,CR0948,2025-09-01,youtube,short,4541,13849,18722,20327,750,False
PO09357,CA082,CR1114,2025-09-01,youtube,long_form,2131,5229,8656,9092,0,False
PO09358,CA082,CR0132,2025-09-01,youtube,short,1426,3697,4518,5470,0,False
PO09359,CA082,CR0454,2025-09-01,youtube,long_form,1060,4091,7234,8089,0,False
PO09360,CA082,CR0664,2025-09-01,youtube,long_form,2594,11123,21988,25738,750,False
PO09361,CA082,CR1031,2025-09-01,youtube,short,19274,78207,111207,112356,7700,False
PO09362,CA082,CR0598,2025-09-01,youtube,short,28952,135576,205449,200407,7700,False
PO09363,CA082,CR0712,2025-09-01,youtube,long_form,814,3686,7037,7508,0,False
PO09364,CA082,CR0498,2025-09-01,youtube,short,2094,9390,13932,15308,750,False
PO09365,CA082,CR0920,2025-09-01,youtube,short,1594,3321,5977,6614,0,False
PO09366,CA082,CR0632,2025-09-01,youtube,short,3504,13151,24691,25835,750,False
PO09367,CA082,CR0869,2025-09-01,youtube,reel,18528,28753,70442,69686,3100,False
PO09368,CA082,CR0275,2025-09-01,youtube,long_form,208,732,1069,1171,0,False
PO09369,CA082,CR0418,2025-09-01,youtube,long_form,2406,5631,9535,10663,0,False
PO09370,CA082,CR0669,2025-09-01,youtube,long_form,686,1761,2329,2634,0,False
PO09371,CA082,CR0288,2025-09-01,youtube,short,276,1773,3395,3305,0,False
PO09372,CA082,CR1075,2025-09-01,youtube,reel,6730,30349,67573,74731,3100,False
PO09373,CA082,CR1154,2025-09-01,youtube,short,2783,5014,11077,11846,750,False
PO09374,CA082,CR0985,2025-09-01,youtube,short,449,1636,2460,2454,0,False
PO09375,CA082,CR0093,2025-09-01,youtube,long_form,940,2925,4273,4521,0,False
PO09376,CA082,CR0286,2025-09-01,youtube,short,1640,4297,8588,8604,0,False
PO09377,CA082,CR0653,2025-09-01,youtube,long_form,67282,188300,271884,289432,7700,False
PO09378,CA082,CR0632,2025-09-01,youtube,short,256,788,1134,1184,0,False
PO09379,CA082,CR0278,2025-09-01,youtube,short,1421,4426,9203,9354,0,False
PO09380,CA082,CR0444,2025-09-01,youtube,long_form,4083,14069,17974,21803,750,False
PO09381,CA082,CR0458,2025-09-01,youtube,short,2163,7885,14346,16417,750,False
PO09382,CA082,CR0699,2025-09-01,youtube,short,6801,14434,31369,32256,750,False
PO09383,CA082,CR0354,2025-09-01,youtube,reel,2273,15076,18652,22823,750,False
PO09384,CA082,CR0885,2025-09-01,youtube,reel,8968,16815,28532,34085,750,False
PO09385,CA082,CR0478,2025-09-01,youtube,short,6461,12669,26833,32366,750,False
PO09386,CA082,CR0008,2025-09-01,youtube,long_form,5288,8521,19660,22187,750,False
PO09387,CA082,CR0902,2025-09-01,youtube,reel,100,100,132,148,0,False
PO09388,CA082,CR0322,2025-09-01,youtube,short,15655,34041,83064,83422,3100,False
PO09389,CA082,CR0592,2025-09-01,youtube,short,931,1685,2927,3572,0,False
PO09390,CA082,CR1140,2025-09-01,youtube,short,3622,11499,20035,22413,750,False
PO09391,CA082,CR0073,2025-09-01,youtube,long_form,8593,33633,53169,59272,3100,False
PO09392,CA082,CR1039,2025-09-01,youtube,short,21268,66161,134406,133521,7700,False
PO09393,CA082,CR0233,2025-09-01,youtube,long_form,1811,4692,11800,12771,750,False
PO09394,CA082,CR1018,2025-09-01,youtube,reel,1870,4078,6701,8173,0,False
PO09395,CA082,CR0141,2025-09-01,youtube,short,1041,5708,9360,9693,0,False
PO09396,CA082,CR0971,2025-09-01,youtube,long_form,11900,25256,52152,51853,3100,False
PO09397,CA082,CR0587,2025-09-01,youtube,long_form,440,924,1653,1689,0,False
PO09398,CA082,CR0402,2025-09-01,youtube,long_form,385,811,1391,1441,0,False
PO09399,CA082,CR1161,2025-09-01,youtube,short,21144,66443,174458,172160,7700,False
PO09400,CA082,CR0888,2025-09-01,youtube,long_form,763,2691,18933,24747,750,True
PO09401,CA082,CR1005,2025-09-01,youtube,long_form,5576,12034,19699,23742,750,False
PO09402,CA082,CR0995,2025-09-01,youtube,long_form,11848,27352,53742,54713,3100,False
PO09403,CA082,CR0752,2025-09-01,youtube,long_form,3177,9788,14894,16718,750,False
PO09404,CA082,CR0560,2025-09-01,youtube,reel,1878,7670,13699,13790,750,False
PO09405,CA082,CR0488,2025-09-01,youtube,carousel,27583,66292,120265,149583,7700,False
PO09406,CA082,CR0087,2025-09-01,youtube,short,2547,8591,11031,12397,750,False
PO09407,CA082,CR0413,2025-09-01,youtube,long_form,3557,17518,28967,30936,750,False
PO09408,CA082,CR0458,2025-09-01,youtube,long_form,4847,16503,39127,40458,750,False
PO09409,CA082,CR0322,2025-09-01,youtube,carousel,2051,9590,48163,56525,3100,True
PO09410,CA082,CR1069,2025-09-01,youtube,short,1255,2553,6719,6964,0,False
PO09411,CA082,CR0388,2025-09-01,youtube,long_form,12564,41279,81576,90431,3100,False
PO09412,CA082,CR1107,2025-09-01,youtube,long_form,3601,10577,15655,16330,750,False
PO09413,CA082,CR0283,2025-09-01,youtube,long_form,3323,10186,15246,14986,750,False
PO09414,CA082,CR0757,2025-09-01,youtube,long_form,3516,7710,16760,18510,750,False
PO09415,CA082,CR1154,2025-09-01,youtube,reel,3500,7628,20003,20052,750,False
PO09416,CA082,CR0288,2025-09-01,youtube,long_form,928,1586,3220,3430,0,False
PO09417,CA082,CR0264,2025-09-01,youtube,long_form,24398,121528,155742,192715,7700,False
PO09418,CA082,CR0883,2025-09-01,youtube,short,5436,16615,25383,27755,750,False
PO09419,CA082,CR0458,2025-09-01,youtube,long_form,1326,7364,11600,11402,750,False
PO09420,CA082,CR0465,2025-09-01,youtube,short,4755,15342,20610,22895,750,False
PO09421,CA082,CR1199,2025-09-01,youtube,short,17285,47059,103811,101839,3100,False
PO09422,CA082,CR0208,2025-09-01,youtube,reel,6911,27570,45003,46530,3100,False
PO09423,CA082,CR0306,2025-09-01,youtube,short,2388,17404,27142,29106,750,False
PO09424,CA083,CR0198,2025-09-04,youtube,long_form,130,355,509,581,0,False
PO09425,CA083,CR0913,2025-09-04,youtube,long_form,208,455,889,1090,0,False
PO09426,CA083,CR0935,2025-09-04,youtube,short,724,1397,2978,2896,0,False
PO09427,CA083,CR0179,2025-09-04,youtube,long_form,617,1074,2548,2941,0,False
PO09428,CA083,CR1079,2025-09-04,youtube,short,611,4407,5858,7025,300,False
PO09429,CA083,CR1177,2025-09-04,youtube,long_form,430,602,1313,1553,0,False
PO09430,CA083,CR0575,2025-09-04,youtube,reel,109329,210978,384334,392730,10450,False
PO09431,CA083,CR0654,2025-09-04,youtube,short,206,500,799,878,0,False
PO09432,CA083,CR0977,2025-09-04,youtube,reel,100,270,486,476,0,False
PO09433,CA083,CR0074,2025-09-04,youtube,short,792,1841,2956,3544,0,False
PO09434,CA083,CR1186,2025-09-04,youtube,long_form,128,675,815,974,0,False
PO09435,CA083,CR0328,2025-09-04,youtube,carousel,862,5094,7660,7979,300,False
PO09436,CA083,CR0551,2025-09-04,youtube,short,100,100,102,114,0,False
PO09437,CA083,CR0617,2025-09-04,youtube,reel,1274,2977,5403,6599,300,False
PO09438,CA083,CR0100,2025-09-04,youtube,short,15437,55922,79923,80801,3000,False
PO09439,CA083,CR0230,2025-09-04,youtube,long_form,136,435,582,692,0,False
PO09440,CA083,CR0756,2025-09-04,youtube,carousel,197,680,1135,1113,0,False
PO09441,CA083,CR0009,2025-09-04,youtube,short,898,2698,5392,5990,0,False
PO09442,CA083,CR0166,2025-09-04,youtube,short,176,437,816,1020,0,False
PO09443,CA083,CR0402,2025-09-04,youtube,short,100,418,1716,2104,0,True
PO09444,CA083,CR0894,2025-09-04,youtube,short,1050,2173,3529,3799,0,False
PO09445,CA083,CR0220,2025-09-04,youtube,short,100,127,330,323,0,False
PO09446,CA083,CR0317,2025-09-04,youtube,long_form,100,207,252,310,0,False
PO09447,CA083,CR0772,2025-09-04,youtube,reel,200,427,672,752,0,False
PO09448,CA083,CR1053,2025-09-04,youtube,short,394,1083,1885,1842,0,False
PO09449,CA083,CR0746,2025-09-04,youtube,short,100,293,539,609,0,False
PO09450,CA083,CR1135,2025-09-04,youtube,long_form,100,244,409,486,0,False
PO09451,CA083,CR0532,2025-09-04,youtube,reel,100,151,310,359,0,False
PO09452,CA083,CR1092,2025-09-04,youtube,short,100,414,677,721,0,False
PO09453,CA083,CR0818,2025-09-04,youtube,short,1141,2313,4332,5367,0,False
PO09454,CA083,CR0111,2025-09-04,youtube,short,333,1011,2167,2189,0,False
PO09455,CA083,CR0885,2025-09-04,youtube,carousel,2215,7478,10498,10803,300,False
PO09456,CA083,CR0250,2025-09-04,youtube,reel,175,929,1533,1580,0,False
PO09457,CA083,CR0241,2025-09-04,youtube,short,1196,1988,3769,4438,0,False
PO09458,CA083,CR0795,2025-09-04,youtube,long_form,579,1369,2381,2418,0,False
PO09459,CA083,CR1178,2025-09-04,youtube,short,2632,7902,10510,12162,300,False
PO09460,CA083,CR0939,2025-09-04,youtube,reel,100,100,178,187,0,False
PO09461,CA083,CR0105,2025-09-04,youtube,carousel,100,100,171,192,0,False
PO09462,CA083,CR0879,2025-09-04,youtube,carousel,100,149,279,282,0,False
PO09463,CA083,CR0921,2025-09-04,youtube,carousel,129,478,782,936,0,False
PO09464,CA083,CR0724,2025-09-04,youtube,short,100,100,110,108,0,False
PO09465,CA083,CR0142,2025-09-04,youtube,short,1574,6698,7822,9697,300,False
PO09466,CA083,CR0183,2025-09-04,youtube,long_form,235,872,1472,1721,0,False
PO09467,CA083,CR0012,2025-09-04,youtube,long_form,105,298,461,555,0,False
PO09468,CA083,CR0759,2025-09-04,youtube,short,137,989,1467,1450,0,False
PO09469,CA083,CR1018,2025-09-04,youtube,short,1650,6134,13278,14388,300,False
PO09470,CA083,CR0209,2025-09-04,youtube,long_form,238,1056,2793,2815,0,False
PO09471,CA083,CR0437,2025-09-04,youtube,short,119,288,577,579,0,False
PO09472,CA083,CR0696,2025-09-04,youtube,short,297,1085,1462,1554,0,False
PO09473,CA083,CR0948,2025-09-04,youtube,short,31499,82300,127830,131013,3000,False
PO09474,CA083,CR0906,2025-09-04,youtube,short,68312,235562,341862,371386,10450,False
PO09475,CA083,CR0598,2025-09-04,youtube,short,7700,21798,38403,41039,1200,False
PO09476,CA083,CR0625,2025-09-04,youtube,long_form,9512,30373,42581,44038,1200,False
PO09477,CA083,CR0517,2025-09-04,youtube,short,100,341,473,537,0,False
PO09478,CA083,CR0056,2025-09-04,youtube,short,100,408,594,699,0,False
PO09479,CA083,CR0577,2025-09-04,youtube,reel,362,1798,2973,3506,0,False
PO09480,CA083,CR0343,2025-09-04,youtube,reel,173,469,1149,1225,0,False
PO09481,CA083,CR0718,2025-09-04,youtube,long_form,100,216,316,310,0,False
PO09482,CA083,CR1000,2025-09-04,youtube,long_form,100,100,186,208,0,False
PO09483,CA084,CR0518,2025-09-07,instagram,long_form,206,826,1154,1332,0,False
PO09484,CA084,CR0374,2025-09-07,instagram,reel,100,147,337,393,0,False
PO09485,CA084,CR0708,2025-09-07,instagram,reel,696,4228,6362,7295,0,False
PO09486,CA084,CR0676,2025-09-07,instagram,reel,1260,2266,4932,4998,0,False
PO09487,CA084,CR0826,2025-09-07,instagram,reel,100,255,1214,1399,0,True
PO09488,CA084,CR0291,2025-09-07,instagram,reel,32509,60108,153877,165957,15150,False
PO09489,CA084,CR0633,2025-09-07,instagram,short,100,181,328,379,0,False
PO09490,CA084,CR0310,2025-09-07,instagram,short,195731,441181,1146231,1257221,53000,False
PO09491,CA084,CR1002,2025-09-07,instagram,reel,202,1281,1668,1964,0,False
PO09492,CA084,CR0005,2025-09-07,instagram,reel,1822,8045,19182,21856,1500,False
PO09493,CA084,CR1068,2025-09-07,instagram,long_form,100,100,128,128,0,False
PO09494,CA084,CR0564,2025-09-07,instagram,reel,381,573,1344,1407,0,False
PO09495,CA084,CR1003,2025-09-07,instagram,reel,100,199,2051,2188,0,True
PO09496,CA084,CR0589,2025-09-07,instagram,reel,162,595,882,1044,0,False
PO09497,CA084,CR0638,2025-09-07,instagram,reel,100,254,380,380,0,False
PO09498,CA084,CR1153,2025-09-07,instagram,reel,408,830,1258,1531,0,False
PO09499,CA084,CR0535,2025-09-07,instagram,reel,737,1880,4945,5210,0,False
PO09500,CA084,CR0176,2025-09-07,instagram,short,444,782,1556,1942,0,False
PO09501,CA084,CR0414,2025-09-07,instagram,carousel,290,1224,1601,1782,0,False
PO09502,CA084,CR1149,2025-09-07,instagram,short,100,217,417,428,0,False
PO09503,CA084,CR0968,2025-09-07,instagram,short,543,2483,4954,5811,0,False
PO09504,CA084,CR0584,2025-09-07,instagram,reel,442,2260,4089,4244,0,False
PO09505,CA084,CR0882,2025-09-07,instagram,long_form,261,928,1351,1408,0,False
PO09506,CA084,CR0547,2025-09-07,instagram,reel,490,803,2019,2129,0,False
PO09507,CA084,CR0251,2025-09-07,instagram,reel,100,237,371,364,0,False
PO09508,CA084,CR1159,2025-09-07,instagram,reel,288,651,1615,1684,0,False
PO09509,CA084,CR0658,2025-09-07,instagram,reel,100,100,100,100,0,False
PO09510,CA084,CR0353,2025-09-07,instagram,reel,6440,40654,62006,61924,6050,False
PO09511,CA084,CR0367,2025-09-07,instagram,short,195,317,785,878,0,False
PO09512,CA084,CR0601,2025-09-07,instagram,reel,100,175,423,451,0,False
PO09513,CA084,CR0967,2025-09-07,instagram,reel,304,537,1106,1090,0,False
PO09514,CA084,CR0548,2025-09-07,instagram,reel,921,3127,4224,5119,0,False
PO09515,CA084,CR0940,2025-09-07,instagram,reel,100,290,516,553,0,False
PO09516,CA084,CR0146,2025-09-07,instagram,short,5987,15342,33199,40952,1500,False
PO09517,CA084,CR0470,2025-09-07,instagram,reel,753,2309,4122,4024,0,False
PO09518,CA084,CR0047,2025-09-07,instagram,carousel,100,362,1646,2137,0,True
PO09519,CA084,CR0246,2025-09-07,instagram,reel,14341,64921,104535,123983,15150,False
PO09520,CA084,CR0730,2025-09-07,instagram,carousel,213,715,1278,1437,0,False
PO09521,CA084,CR0351,2025-09-07,instagram,carousel,100,100,176,228,0,True
PO09522,CA084,CR0107,2025-09-07,instagram,reel,189,1175,1733,2031,0,False
PO09523,CA084,CR1060,2025-09-07,instagram,short,303,787,1958,2150,0,False
PO09524,CA084,CR1170,2025-09-07,instagram,long_form,865,2167,3198,3781,0,False
PO09525,CA084,CR1028,2025-09-07,instagram,reel,100,100,455,563,0,True
PO09526,CA084,CR1081,2025-09-07,instagram,reel,174,740,997,1072,0,False
PO09527,CA084,CR0854,2025-09-07,instagram,reel,935,1600,3418,3973,0,False
PO09528,CA084,CR1055,2025-09-07,instagram,long_form,787,2019,3671,3775,0,False
PO09529,CA084,CR0256,2025-09-07,instagram,reel,415,2765,12211,13849,1500,True
PO09530,CA084,CR1091,2025-09-07,instagram,carousel,100,110,166,188,0,False
PO09531,CA084,CR0476,2025-09-07,instagram,carousel,100,109,317,310,0,False
PO09532,CA084,CR1168,2025-09-07,instagram,long_form,573,1283,1792,2239,0,False
PO09533,CA084,CR0369,2025-09-07,instagram,reel,2249,5876,9309,10127,0,False
PO09534,CA084,CR0215,2025-09-07,instagram,short,181,312,628,702,0,False
PO09535,CA084,CR1088,2025-09-07,instagram,reel,100,172,310,353,0,False
PO09536,CA084,CR0161,2025-09-07,instagram,reel,4078,10688,24177,25603,1500,False
PO09537,CA084,CR0239,2025-09-07,instagram,reel,373,626,1701,1782,0,False
PO09538,CA084,CR0875,2025-09-07,instagram,reel,115,601,1126,1104,0,False
PO09539,CA084,CR0561,2025-09-07,instagram,reel,396,2294,3724,3688,0,False
PO09540,CA084,CR1131,2025-09-07,instagram,reel,100,103,224,223,0,False
PO09541,CA084,CR0924,2025-09-07,instagram,long_form,100,130,933,986,0,True
PO09542,CA084,CR0434,2025-09-07,instagram,short,34983,71899,156201,160531,15150,False
PO09543,CA084,CR0998,2025-09-07,instagram,short,6054,13260,27713,31791,1500,False
PO09544,CA084,CR0982,2025-09-07,instagram,short,100,158,1449,1706,0,True
PO09545,CA084,CR0711,2025-09-07,instagram,reel,203,744,1514,1827,0,False
PO09546,CA084,CR0321,2025-09-07,instagram,long_form,157,292,740,804,0,False
PO09547,CA084,CR0989,2025-09-07,instagram,reel,100,100,222,245,0,False
PO09548,CA084,CR0397,2025-09-07,instagram,reel,647,1610,3057,3387,0,False
PO09549,CA084,CR0740,2025-09-07,instagram,reel,3064,8377,10455,12175,1500,False
PO09550,CA084,CR0017,2025-09-07,instagram,long_form,128,260,489,522,0,False
PO09551,CA084,CR0657,2025-09-07,instagram,reel,645,2960,4935,5065,0,False
PO09552,CA084,CR0855,2025-09-07,instagram,long_form,897,2914,4444,4824,0,False
PO09553,CA084,CR0602,2025-09-07,instagram,reel,100,135,388,384,0,False
PO09554,CA084,CR0612,2025-09-07,instagram,reel,240,765,1691,2068,0,False
PO09555,CA084,CR0392,2025-09-07,instagram,reel,315,746,1559,1669,0,False
PO09556,CA084,CR0177,2025-09-07,instagram,carousel,272,513,953,1073,0,False
PO09557,CA084,CR1115,2025-09-07,instagram,reel,197,381,808,932,0,False
PO09558,CA084,CR0642,2025-09-07,instagram,carousel,16701,62798,141426,174146,15150,False
PO09559,CA084,CR0502,2025-09-07,instagram,short,415,1274,3064,3194,0,False
PO09560,CA084,CR0496,2025-09-07,instagram,reel,394,1075,2582,2728,0,False
PO09561,CA084,CR0482,2025-09-07,instagram,reel,100,207,445,461,0,False
PO09562,CA084,CR0425,2025-09-07,instagram,reel,337,777,1291,1547,0,False
PO09563,CA084,CR0296,2025-09-07,instagram,reel,434,1640,2824,2824,0,False
PO09564,CA084,CR0210,2025-09-07,instagram,reel,12458,44302,102326,101200,6050,False
PO09565,CA084,CR1076,2025-09-07,instagram,short,169,372,617,741,0,False
PO09566,CA084,CR0160,2025-09-07,instagram,reel,13081,30603,75262,76965,6050,False
PO09567,CA084,CR0335,2025-09-07,instagram,reel,241,339,861,909,0,False
PO09568,CA084,CR1132,2025-09-07,instagram,short,188,774,1294,1353,0,False
PO09569,CA084,CR0771,2025-09-07,instagram,long_form,100,237,410,429,0,False
PO09570,CA084,CR0521,2025-09-07,instagram,short,3686,6936,13694,16625,1500,False
PO09571,CA084,CR0766,2025-09-07,instagram,short,100,100,212,227,0,False
PO09572,CA084,CR0791,2025-09-07,instagram,reel,301,527,1295,1462,0,False
PO09573,CA084,CR0225,2025-09-07,instagram,reel,696,1972,3040,3120,0,False
PO09574,CA084,CR0596,2025-09-07,instagram,reel,239,873,1176,1280,0,False
PO09575,CA084,CR0385,2025-09-07,instagram,reel,1174,5149,12216,12798,1500,False
PO09576,CA084,CR0033,2025-09-07,instagram,reel,100,126,319,349,0,False
PO09577,CA084,CR1147,2025-09-07,instagram,reel,389,933,1835,1858,0,False
PO09578,CA084,CR0477,2025-09-07,instagram,reel,719,1223,2687,3210,0,False
PO09579,CA085,CR0378,2025-09-10,youtube,carousel,991,2104,3409,4147,0,False
PO09580,CA085,CR0187,2025-09-10,youtube,reel,9938,16387,35669,40295,1300,False
PO09581,CA085,CR0247,2025-09-10,youtube,short,151,600,3614,4301,0,True
PO09582,CA085,CR0081,2025-09-10,youtube,reel,366,1940,3144,3584,0,False
PO09583,CA085,CR0407,2025-09-10,youtube,reel,100,192,1627,1983,0,True
PO09584,CA085,CR0286,2025-09-10,youtube,reel,13202,39757,54457,62271,1300,False
PO09585,CA085,CR0634,2025-09-10,youtube,short,259,741,1167,1358,0,False
PO09586,CA085,CR1189,2025-09-10,youtube,short,5691,15485,23395,23761,300,False
PO09587,CA085,CR0830,2025-09-10,youtube,short,416,1028,1518,1541,0,False
PO09588,CA085,CR0382,2025-09-10,youtube,short,1290,3355,5823,6507,0,False
PO09589,CA085,CR1162,2025-09-10,youtube,short,428,1618,3839,3996,0,False
PO09590,CA085,CR1001,2025-09-10,youtube,long_form,475,902,2233,2463,0,False
PO09591,CA085,CR0668,2025-09-10,youtube,long_form,375,718,1250,1525,0,False
PO09592,CA085,CR0669,2025-09-10,youtube,short,8674,19101,34646,33986,300,False
PO09593,CA085,CR0703,2025-09-10,youtube,short,1193,3718,5549,6257,0,False
PO09594,CA085,CR0395,2025-09-10,youtube,carousel,377,1919,4407,4342,0,False
PO09595,CA085,CR1098,2025-09-10,youtube,long_form,9780,73323,104663,114553,3200,False
PO09596,CA085,CR0223,2025-09-10,youtube,short,222,780,3731,4651,0,True
PO09597,CA085,CR0531,2025-09-10,youtube,short,383,1229,1639,1799,0,False
PO09598,CA085,CR0263,2025-09-10,youtube,long_form,100,150,591,777,0,True
PO09599,CA085,CR0113,2025-09-10,youtube,long_form,7223,17941,26250,29565,300,False
PO09600,CA085,CR0587,2025-09-10,youtube,reel,232,1633,2252,2738,0,False
PO09601,CA085,CR0200,2025-09-10,youtube,long_form,1641,4275,6102,7177,0,False
PO09602,CA085,CR0859,2025-09-10,youtube,short,770,3598,4854,5367,0,False
PO09603,CA085,CR1094,2025-09-10,youtube,short,3557,12950,17742,20902,300,False
PO09604,CA085,CR0342,2025-09-10,youtube,reel,1517,4020,4740,5835,0,False
PO09605,CA085,CR0827,2025-09-10,youtube,long_form,1458,4338,7074,8348,0,False
PO09606,CA085,CR0209,2025-09-10,youtube,short,257,891,1592,1742,0,False
PO09607,CA085,CR0159,2025-09-10,youtube,short,114,405,2658,3485,0,True
PO09608,CA085,CR0688,2025-09-10,youtube,carousel,2367,9208,12255,14084,300,False
PO09609,CA085,CR0042,2025-09-10,youtube,short,435,716,1700,1848,0,False
PO09610,CA085,CR0870,2025-09-10,youtube,short,3227,10865,15411,18389,300,False
PO09611,CA085,CR0478,2025-09-10,youtube,short,482,3183,14792,17891,300,True
PO09612,CA085,CR0859,2025-09-10,youtube,short,383,770,1412,1419,0,False
PO09613,CA085,CR0271,2025-09-10,youtube,short,4223,13048,20277,21467,300,False
PO09614,CA085,CR0025,2025-09-10,youtube,long_form,448,1152,2282,2502,0,False
PO09615,CA085,CR0164,2025-09-10,youtube,long_form,1246,3969,5688,5863,0,False
PO09616,CA085,CR0283,2025-09-10,youtube,short,1042,6663,8058,9759,300,False
PO09617,CA085,CR0849,2025-09-10,youtube,long_form,2324,7442,12330,12094,300,False
PO09618,CA085,CR0346,2025-09-10,youtube,long_form,5110,11799,29322,29084,300,False
PO09619,CA085,CR0773,2025-09-10,youtube,short,157306,363692,483435,563629,11250,False
PO09620,CA085,CR0675,2025-09-10,youtube,long_form,181,756,1724,1678,0,False
PO09621,CA085,CR0087,2025-09-10,youtube,short,58952,424793,657670,733678,11250,False
PO09622,CA085,CR1128,2025-09-10,youtube,short,911,1649,3268,3514,0,False
PO09623,CA085,CR0421,2025-09-10,youtube,reel,1792,5808,9407,11529,300,False
PO09624,CA085,CR1183,2025-09-10,youtube,long_form,372,1013,1377,1628,0,False
PO09625,CA085,CR0162,2025-09-10,youtube,short,751,1773,2978,2969,0,False
PO09626,CA085,CR0808,2025-09-10,youtube,short,318,1226,2142,2347,0,False
PO09627,CA085,CR0985,2025-09-10,youtube,reel,100,391,3051,3326,0,True
PO09628,CA085,CR0770,2025-09-10,youtube,short,655,2437,7063,6915,0,False
PO09629,CA085,CR0096,2025-09-10,youtube,reel,234,872,5146,5440,0,True
PO09630,CA085,CR0344,2025-09-10,youtube,carousel,100,100,207,245,0,False
PO09631,CA085,CR0775,2025-09-10,youtube,short,293,538,1178,1207,0,False
PO09632,CA085,CR0123,2025-09-10,youtube,reel,2809,8688,11261,12577,300,False
PO09633,CA085,CR0125,2025-09-10,youtube,short,3115,10106,14478,14467,300,False
PO09634,CA085,CR0376,2025-09-10,youtube,carousel,226,944,1624,1677,0,False
PO09635,CA085,CR0734,2025-09-10,youtube,long_form,271,903,2003,2044,0,False
PO09636,CA085,CR0328,2025-09-10,youtube,long_form,100,492,2231,2552,0,True
PO09637,CA085,CR0295,2025-09-10,youtube,short,9253,25359,34340,37209,1300,False
PO09638,CA085,CR0883,2025-09-10,youtube,carousel,15603,23158,47068,58021,1300,False
PO09639,CA085,CR1038,2025-09-10,youtube,reel,125,732,1309,1387,0,False
PO09640,CA085,CR1186,2025-09-10,youtube,short,259,1248,2469,3076,0,False
PO09641,CA085,CR0617,2025-09-10,youtube,short,322,546,1342,1443,0,False
PO09642,CA085,CR0586,2025-09-10,youtube,short,2781,6545,11913,13403,300,False
PO09643,CA085,CR0281,2025-09-10,youtube,short,100,412,536,661,0,False
PO09644,CA085,CR0257,2025-09-10,youtube,short,506,914,1937,2048,0,False
PO09645,CA085,CR0108,2025-09-10,youtube,short,100,305,1270,1589,0,True
PO09646,CA085,CR0257,2025-09-10,youtube,long_form,127,228,462,511,0,False
PO09647,CA085,CR1198,2025-09-10,youtube,short,138,647,890,937,0,False
PO09648,CA085,CR0925,2025-09-10,youtube,short,633,1881,2385,2719,0,False
PO09649,CA085,CR0922,2025-09-10,youtube,reel,5429,7533,19980,21369,300,False
PO09650,CA085,CR1087,2025-09-10,youtube,reel,598,1156,2465,2613,0,False
PO09651,CA085,CR0524,2025-09-10,youtube,short,428,1158,1684,2052,0,False
PO09652,CA085,CR0887,2025-09-10,youtube,reel,7900,42832,64337,66809,1300,False
PO09653,CA085,CR0142,2025-09-10,youtube,short,547,2443,3504,3818,0,False
PO09654,CA085,CR1001,2025-09-10,youtube,short,313,1047,2300,2319,0,False
PO09655,CA085,CR1067,2025-09-10,youtube,reel,39839,161498,239798,271567,3200,False
PO09656,CA085,CR0723,2025-09-10,youtube,short,1108,1598,4099,4038,0,False
PO09657,CA085,CR0358,2025-09-10,youtube,short,985,7662,10808,11089,300,False
PO09658,CA085,CR0030,2025-09-10,youtube,long_form,760,1519,3339,3954,0,False
PO09659,CA085,CR0929,2025-09-10,youtube,long_form,6878,11204,27688,27350,300,False
PO09660,CA085,CR0233,2025-09-10,youtube,long_form,1038,2255,5840,5755,0,False
PO09661,CA085,CR1169,2025-09-10,youtube,short,211,1155,1589,1765,0,False
PO09662,CA085,CR0037,2025-09-10,youtube,short,827,2011,3922,3847,0,False
PO09663,CA085,CR1126,2025-09-10,youtube,short,235,787,1223,1455,0,False
PO09664,CA085,CR0098,2025-09-10,youtube,short,192,820,1137,1216,0,False
PO09665,CA085,CR1026,2025-09-10,youtube,short,285,841,1298,1274,0,False
PO09666,CA085,CR1023,2025-09-10,youtube,reel,436,1963,14666,16906,300,True
PO09667,CA085,CR0409,2025-09-10,youtube,long_form,4407,14985,36753,35851,1300,False
PO09668,CA085,CR0197,2025-09-10,youtube,short,413,1045,1528,1705,0,False
PO09669,CA085,CR0308,2025-09-10,youtube,short,6704,43564,66784,82468,1300,False
PO09670,CA085,CR0781,2025-09-10,youtube,short,188,1190,6799,8487,0,True
PO09671,CA085,CR1200,2025-09-10,youtube,short,2350,5788,7972,8431,0,False
PO09672,CA085,CR1009,2025-09-10,youtube,reel,830,1604,3899,3886,0,False
PO09673,CA085,CR1086,2025-09-10,youtube,long_form,431,1268,1909,1900,0,False
PO09674,CA085,CR0811,2025-09-10,youtube,reel,1742,5348,10803,11770,300,False
PO09675,CA085,CR0258,2025-09-10,youtube,long_form,1291,2645,4439,5151,0,False
PO09676,CA085,CR0926,2025-09-10,youtube,short,408,942,1892,2206,0,False
PO09677,CA085,CR0742,2025-09-10,youtube,reel,241,1033,4580,5295,0,True
PO09678,CA085,CR0390,2025-09-10,youtube,short,7440,17220,27840,27132,300,False
PO09679,CA085,CR1173,2025-09-10,youtube,short,649,1114,2489,2649,0,False
PO09680,CA085,CR0270,2025-09-10,youtube,long_form,674,2383,3846,4271,0,False
PO09681,CA085,CR0866,2025-09-10,youtube,short,273,941,2547,2532,0,False
PO09682,CA085,CR0954,2025-09-10,youtube,short,127,290,529,562,0,False
PO09683,CA085,CR1025,2025-09-10,youtube,reel,202,660,1123,1140,0,False
PO09684,CA085,CR0817,2025-09-10,youtube,short,789,2132,3051,3097,0,False
PO09685,CA085,CR0485,2025-09-10,youtube,short,424,1340,3032,3031,0,False
PO09686,CA085,CR0419,2025-09-10,youtube,long_form,1083,2188,3864,3968,0,False
PO09687,CA085,CR0580,2025-09-10,youtube,reel,422,1466,3162,3175,0,False
PO09688,CA085,CR0232,2025-09-10,youtube,reel,18065,42974,65535,69783,1300,False
PO09689,CA085,CR0541,2025-09-10,youtube,short,2496,5490,11300,11013,300,False
PO09690,CA085,CR0298,2025-09-10,youtube,reel,8722,18674,44583,49139,1300,False
PO09691,CA085,CR0920,2025-09-10,youtube,short,1566,2448,5018,5710,0,False
PO09692,CA085,CR0566,2025-09-10,youtube,short,372,1819,2644,3147,0,False
PO09693,CA085,CR0375,2025-09-10,youtube,short,116,856,1214,1457,0,False
PO09694,CA085,CR1139,2025-09-10,youtube,long_form,16840,42972,65713,75826,1300,False
PO09695,CA085,CR0183,2025-09-10,youtube,short,220,1349,5787,6787,0,True
PO09696,CA085,CR0581,2025-09-10,youtube,short,15309,37114,85750,90368,3200,False
PO09697,CA085,CR0149,2025-09-10,youtube,carousel,1249,4519,8432,9311,300,False
PO09698,CA085,CR0955,2025-09-10,youtube,long_form,1043,4422,12098,12123,300,False
PO09699,CA085,CR1163,2025-09-10,youtube,long_form,903,1967,2971,3277,0,False
PO09700,CA085,CR0923,2025-09-10,youtube,short,874,3764,6882,6825,0,False
PO09701,CA085,CR1174,2025-09-10,youtube,long_form,4499,12837,19183,19324,300,False
PO09702,CA085,CR0366,2025-09-10,youtube,short,9065,21401,44359,49079,1300,False
PO09703,CA085,CR1137,2025-09-10,youtube,long_form,198,424,700,787,0,False
PO09704,CA085,CR0833,2025-09-10,youtube,long_form,56787,302354,368472,449696,11250,False
PO09705,CA085,CR0635,2025-09-10,youtube,short,2426,11402,19871,24274,300,False
PO09706,CA085,CR0439,2025-09-10,youtube,carousel,1342,2059,4711,4822,0,False
PO09707,CA085,CR0114,2025-09-10,youtube,short,195,1412,2013,2031,0,False
PO09708,CA085,CR0480,2025-09-10,youtube,long_form,573,4978,23980,27692,300,True
PO09709,CA085,CR0809,2025-09-10,youtube,reel,5415,12190,16310,19631,300,False
PO09710,CA085,CR0411,2025-09-10,youtube,short,374,1397,1991,2190,0,False
PO09711,CA085,CR0954,2025-09-10,youtube,reel,1214,5220,7997,8953,300,False
PO09712,CA085,CR0549,2025-09-10,youtube,short,373,2218,3087,3670,0,False
PO09713,CA085,CR0996,2025-09-10,youtube,short,965,4531,5966,6658,0,False
PO09714,CA085,CR0066,2025-09-10,youtube,reel,2002,4008,7041,8493,0,False
PO09715,CA085,CR0758,2025-09-10,youtube,long_form,580,2627,12634,13405,300,True
PO09716,CA085,CR0992,2025-09-10,youtube,short,22795,64986,100493,99171,3200,False
PO09717,CA085,CR1012,2025-09-10,youtube,short,100,100,495,522,0,True
PO09718,CA085,CR0154,2025-09-10,youtube,short,485,1979,2704,2992,0,False
PO09719,CA085,CR0355,2025-09-10,youtube,short,452,966,1960,2139,0,False
PO09720,CA085,CR0212,2025-09-10,youtube,long_form,1597,7638,36729,40934,1300,True
PO09721,CA085,CR0208,2025-09-10,youtube,long_form,10415,17681,40405,39703,1300,False
PO09722,CA085,CR0961,2025-09-10,youtube,short,575,1834,2583,2974,0,False
PO09723,CA085,CR0065,2025-09-10,youtube,reel,1126,7340,11579,12640,300,False
PO09724,CA085,CR0012,2025-09-10,youtube,short,110,349,543,580,0,False
PO09725,CA085,CR0433,2025-09-10,youtube,reel,443,1105,1776,1897,0,False
PO09726,CA085,CR0343,2025-09-10,youtube,short,512,1046,1890,2147,0,False
PO09727,CA085,CR1141,2025-09-10,youtube,long_form,508,2435,3656,3756,0,False
PO09728,CA085,CR0689,2025-09-10,youtube,short,3575,6878,15541,18059,300,False
PO09729,CA085,CR1083,2025-09-10,youtube,reel,870,1950,3917,4723,0,False
PO09730,CA085,CR0579,2025-09-10,youtube,reel,313,743,1718,1694,0,False
PO09731,CA085,CR1058,2025-09-10,youtube,short,1314,4142,8579,10210,300,False
PO09732,CA085,CR0311,2025-09-10,youtube,short,41322,68385,137115,157205,3200,False
PO09733,CA085,CR0866,2025-09-10,youtube,carousel,2744,7452,11111,11085,300,False
PO09734,CA085,CR0345,2025-09-10,youtube,short,2234,4421,9666,10035,300,False
PO09735,CA085,CR0023,2025-09-10,youtube,short,1390,2364,5047,5175,0,False
PO09736,CA085,CR0843,2025-09-10,youtube,short,327,988,1386,1552,0,False
PO09737,CA085,CR0558,2025-09-10,youtube,long_form,1692,4645,6736,8304,0,False
PO09738,CA085,CR0039,2025-09-10,youtube,short,12469,21724,44677,45551,1300,False
PO09739,CA085,CR0844,2025-09-10,youtube,short,3261,5738,10115,12060,300,False
PO09740,CA085,CR0268,2025-09-10,youtube,carousel,17304,123284,199775,211792,3200,False
PO09741,CA085,CR0789,2025-09-10,youtube,short,2299,6562,14279,14298,300,False
PO09742,CA085,CR0042,2025-09-10,youtube,short,100,677,912,1126,0,False
PO09743,CA085,CR0668,2025-09-10,youtube,reel,5302,21506,45074,47118,1300,False
PO09744,CA085,CR0150,2025-09-10,youtube,long_form,100,204,352,424,0,False
PO09745,CA085,CR1019,2025-09-10,youtube,reel,2377,5824,8084,10095,300,False
PO09746,CA085,CR0122,2025-09-10,youtube,short,600,1393,2229,2214,0,False
PO09747,CA085,CR0100,2025-09-10,youtube,short,95980,257160,307754,382600,11250,False
PO09748,CA085,CR0671,2025-09-10,youtube,short,1845,2941,6504,7120,0,False
PO09749,CA085,CR1167,2025-09-10,youtube,reel,10364,17461,31827,37778,1300,False
PO09750,CA085,CR0840,2025-09-10,youtube,carousel,1289,3649,5510,5588,0,False
PO09751,CA085,CR0703,2025-09-10,youtube,short,3191,7367,13449,16178,300,False
PO09752,CA085,CR0857,2025-09-10,youtube,short,1403,4038,8516,9058,300,False
PO09753,CA085,CR0827,2025-09-10,youtube,carousel,1746,5705,6749,8202,0,False
PO09754,CA085,CR0368,2025-09-10,youtube,long_form,1588,3094,6181,6900,0,False
PO09755,CA085,CR0198,2025-09-10,youtube,reel,167,258,616,682,0,False
PO09756,CA085,CR0463,2025-09-10,youtube,short,2621,4685,9294,9414,300,False
PO09757,CA085,CR0450,2025-09-10,youtube,short,981,6144,31610,41452,1300,True
PO09758,CA085,CR0432,2025-09-10,youtube,short,6255,17837,35884,43586,1300,False
PO09759,CA085,CR1122,2025-09-10,youtube,short,1653,5487,11652,13173,300,False
PO09760,CA085,CR0725,2025-09-10,youtube,reel,259,1279,1974,2269,0,False
PO09761,CA085,CR0393,2025-09-10,youtube,short,525,1502,2341,2704,0,False
PO09762,CA085,CR0117,2025-09-10,youtube,short,7446,25566,37854,40064,1300,False
PO09763,CA085,CR0212,2025-09-10,youtube,reel,879,1375,2742,3357,0,False
PO09764,CA085,CR0082,2025-09-10,youtube,short,992,1876,5029,5272,0,False
PO09765,CA085,CR1110,2025-09-10,youtube,short,454,739,1685,1798,0,False
PO09766,CA085,CR0972,2025-09-10,youtube,long_form,242,636,924,1121,0,False
PO09767,CA085,CR0562,2025-09-10,youtube,reel,314,564,1358,1575,0,False
PO09768,CA085,CR0052,2025-09-10,youtube,short,8232,23460,35360,36726,1300,False
PO09769,CA085,CR1043,2025-09-10,youtube,reel,877,3742,5429,5664,0,False
PO09770,CA085,CR1138,2025-09-10,youtube,long_form,2451,10699,16879,16997,300,False
PO09771,CA085,CR0373,2025-09-10,youtube,short,1005,4666,7181,8179,0,False
PO09772,CA085,CR0462,2025-09-10,youtube,short,1696,4493,9149,9477,300,False
PO09773,CA086,CR0474,2025-09-13,instagram,reel,2693,13274,18898,19406,600,False
PO09774,CA086,CR0646,2025-09-13,instagram,long_form,3079,5266,11480,13136,600,False
PO09775,CA086,CR0453,2025-09-13,instagram,short,341,636,1078,1226,0,False
PO09776,CA086,CR0204,2025-09-13,instagram,reel,100,212,371,366,0,False
PO09777,CA086,CR0987,2025-09-13,instagram,short,4174,19468,30359,34032,600,False
PO09778,CA086,CR0094,2025-09-13,instagram,reel,922,1866,3076,3437,0,False
PO09779,CA086,CR1179,2025-09-13,instagram,long_form,4020,10578,24920,27798,600,False
PO09780,CA086,CR0545,2025-09-13,instagram,reel,5099,21179,31449,39293,2450,False
PO09781,CA086,CR0825,2025-09-13,instagram,short,3995,11277,20650,22006,600,False
PO09782,CA086,CR0591,2025-09-13,instagram,reel,168,345,574,665,0,False
PO09783,CA086,CR0721,2025-09-13,instagram,reel,1510,6893,10556,10376,600,False
PO09784,CA086,CR0814,2025-09-13,instagram,reel,1096,2244,4637,5284,0,False
PO09785,CA086,CR0748,2025-09-13,instagram,reel,228,1448,2080,2320,0,False
PO09786,CA086,CR0410,2025-09-13,instagram,short,326,1524,2474,2758,0,False
PO09787,CA086,CR0349,2025-09-13,instagram,short,100,217,318,371,0,False
PO09788,CA086,CR1047,2025-09-13,instagram,short,4762,9746,16749,19888,600,False
PO09789,CA086,CR0016,2025-09-13,instagram,reel,529,1733,3396,3887,0,False
PO09790,CA086,CR0600,2025-09-13,instagram,reel,60603,246993,325951,385461,21250,False
PO09791,CA086,CR0976,2025-09-13,instagram,short,183,249,694,705,0,False
PO09792,CA086,CR0874,2025-09-13,instagram,reel,2439,11484,21468,20968,600,False
PO09793,CA086,CR0027,2025-09-13,instagram,reel,16421,42910,55645,67186,2450,False
PO09794,CA086,CR0024,2025-09-13,instagram,reel,152,748,881,1089,0,False
PO09795,CA086,CR0442,2025-09-13,instagram,short,340,1886,3129,3707,0,False
PO09796,CA086,CR1016,2025-09-13,instagram,reel,100,100,154,155,0,False
PO09797,CA086,CR1013,2025-09-13,instagram,short,1067,3866,6786,7259,0,False
PO09798,CA086,CR0333,2025-09-13,instagram,reel,286,813,1185,1386,0,False
PO09799,CA086,CR1097,2025-09-13,instagram,reel,70253,201585,471074,460731,21250,False
PO09800,CA086,CR0058,2025-09-13,instagram,reel,1431,3273,7155,7102,0,False
PO09801,CA086,CR0224,2025-09-13,instagram,reel,1765,5103,10116,11651,600,False
PO09802,CA086,CR0299,2025-09-13,instagram,reel,100,100,230,246,0,False
PO09803,CA086,CR1112,2025-09-13,instagram,short,1550,4896,7589,7405,0,False
PO09804,CA086,CR0881,2025-09-13,instagram,long_form,3252,8094,19847,22458,600,False
PO09805,CA086,CR1007,2025-09-13,instagram,reel,857,2233,3191,3804,0,False
PO09806,CA086,CR0886,2025-09-13,instagram,short,20841,82886,106312,125086,6050,False
PO09807,CA086,CR0318,2025-09-13,instagram,long_form,100,260,455,446,0,False
PO09808,CA086,CR0284,2025-09-13,instagram,reel,238,947,1627,1749,0,False
PO09809,CA086,CR0864,2025-09-13,instagram,reel,462,1815,3459,3744,0,False
PO09810,CA086,CR1157,2025-09-13,instagram,reel,22858,31405,80498,85045,2450,False
PO09811,CA086,CR0406,2025-09-13,instagram,reel,116,242,579,656,0,False
PO09812,CA086,CR0556,2025-09-13,instagram,reel,453,1086,1585,1649,0,False
PO09813,CA086,CR0423,2025-09-13,instagram,carousel,2235,7610,12448,12934,600,False
PO09814,CA086,CR0803,2025-09-13,instagram,short,125,443,780,883,0,False
PO09815,CA086,CR1150,2025-09-13,instagram,short,319,666,1125,1393,0,False
PO09816,CA086,CR0417,2025-09-13,instagram,short,251,1072,2106,2141,0,False
PO09817,CA086,CR0968,2025-09-13,instagram,reel,283,2486,13676,16191,600,True
PO09818,CA086,CR0403,2025-09-13,instagram,reel,2089,4981,7918,8924,0,False
PO09819,CA086,CR0910,2025-09-13,instagram,short,116,847,1206,1425,0,False
PO09820,CA086,CR0747,2025-09-13,instagram,reel,100,165,289,356,0,False
PO09821,CA086,CR0988,2025-09-13,instagram,short,2151,12970,17784,21669,600,False
PO09822,CA086,CR0386,2025-09-13,instagram,reel,1539,6105,14107,14148,600,False
PO09823,CA086,CR0876,2025-09-13,instagram,reel,2382,8393,15608,19467,600,False
PO09824,CA086,CR0049,2025-09-13,instagram,reel,6973,48410,56257,69219,2450,False
PO09825,CA087,CR1038,2025-09-16,youtube,reel,4242,9871,15185,15565,700,False
PO09826,CA087,CR0524,2025-09-16,youtube,reel,1715,10296,43720,52849,2800,True
PO09827,CA087,CR0346,2025-09-16,youtube,short,6540,20304,29260,33075,700,False
PO09828,CA087,CR0925,2025-09-16,youtube,short,257,629,864,1041,0,False
PO09829,CA087,CR1019,2025-09-16,youtube,short,302,1088,2399,2793,0,False
PO09830,CA087,CR0150,2025-09-16,youtube,short,886,1843,3099,3182,0,False
PO09831,CA087,CR0311,2025-09-16,youtube,short,1368,2031,4731,5714,0,False
PO09832,CA087,CR0972,2025-09-16,youtube,short,100,100,107,120,0,False
PO09833,CA087,CR0037,2025-09-16,youtube,long_form,403,1282,2424,2790,0,False
PO09834,CA087,CR0066,2025-09-16,youtube,long_form,724,1702,3748,4019,0,False
PO09835,CA087,CR0558,2025-09-16,youtube,short,498,1591,2860,2967,0,False
PO09836,CA087,CR0125,2025-09-16,youtube,short,915,2323,2915,3514,0,False
PO09837,CA087,CR1009,2025-09-16,youtube,short,351,646,1232,1284,0,False
PO09838,CA087,CR1183,2025-09-16,youtube,short,125,1215,8801,9552,700,True
PO09839,CA087,CR0670,2025-09-16,youtube,short,4373,28780,44493,53714,2800,False
PO09840,CA087,CR1137,2025-09-16,youtube,short,109,196,471,485,0,False
PO09841,CA087,CR0478,2025-09-16,youtube,short,2458,4902,10323,11480,700,False
PO09842,CA087,CR0373,2025-09-16,youtube,reel,430,4281,37277,42103,2800,True
PO09843,CA087,CR0368,2025-09-16,youtube,long_form,323,995,1666,1964,0,False
PO09844,CA087,CR0411,2025-09-16,youtube,short,326,761,1960,2086,0,False
PO09845,CA087,CR0833,2025-09-16,youtube,long_form,58930,149168,192892,224362,6950,False
PO09846,CA087,CR1162,2025-09-16,youtube,short,174,306,668,705,0,False
PO09847,CA087,CR0200,2025-09-16,youtube,long_form,145,755,1279,1489,0,False
PO09848,CA087,CR0809,2025-09-16,youtube,short,990,4138,6906,6794,0,False
PO09849,CA087,CR0817,2025-09-16,youtube,short,150,892,1305,1277,0,False
PO09850,CA087,CR0113,2025-09-16,youtube,short,725,4740,7387,7996,0,False
PO09851,CA087,CR1083,2025-09-16,youtube,reel,257,592,1648,1623,0,False
PO09852,CA087,CR0485,2025-09-16,youtube,long_form,1516,3772,5374,5809,0,False
PO09853,CA087,CR1023,2025-09-16,youtube,short,100,399,539,591,0,False
PO09854,CA087,CR0586,2025-09-16,youtube,reel,3754,12502,17739,17940,700,False
PO09855,CA087,CR0566,2025-09-16,youtube,reel,354,671,1330,1511,0,False
PO09856,CA087,CR0781,2025-09-16,youtube,long_form,152,518,1164,1445,0,False
PO09857,CA087,CR0187,2025-09-16,youtube,long_form,1043,2239,4312,4228,0,False
PO09858,CA087,CR0549,2025-09-16,youtube,reel,2323,5273,7671,8832,0,False
PO09859,CA087,CR0407,2025-09-16,youtube,long_form,1160,2407,4848,4899,0,False
PO09860,CA087,CR1110,2025-09-16,youtube,short,137,385,593,663,0,False
PO09861,CA087,CR0480,2025-09-16,youtube,short,263,1408,2661,2655,0,False
PO09862,CA087,CR0789,2025-09-16,youtube,carousel,518,2893,4843,5100,0,False
PO09863,CA087,CR0025,2025-09-16,youtube,short,265,344,780,966,0,False
PO09864,CA087,CR0042,2025-09-16,youtube,reel,1268,3384,6306,6508,0,False
PO09865,CA087,CR1163,2025-09-16,youtube,short,100,169,256,261,0,False
PO09866,CA087,CR0840,2025-09-16,youtube,short,5875,17761,21636,26814,700,False
PO09867,CA087,CR0232,2025-09-16,youtube,long_form,33360,103941,142911,159668,6950,False
PO09868,CA087,CR0439,2025-09-16,youtube,reel,1649,3216,5683,6014,0,False
PO09869,CA087,CR1005,2025-09-16,youtube,long_form,1433,5807,33213,35862,2800,True
PO09870,CA087,CR0159,2025-09-16,youtube,short,287,1325,2232,2437,0,False
PO09871,CA087,CR0164,2025-09-16,youtube,short,3398,8104,17751,18641,700,False
PO09872,CA087,CR0668,2025-09-16,youtube,carousel,882,2414,3693,3831,0,False
PO09873,CA087,CR0688,2025-09-16,youtube,short,7150,22254,35855,35176,700,False
PO09874,CA087,CR1128,2025-09-16,youtube,short,860,3369,6666,6561,0,False
PO09875,CA087,CR0098,2025-09-16,youtube,carousel,477,1862,2801,2812,0,False
PO09876,CA087,CR0635,2025-09-16,youtube,short,3752,8723,12111,14426,700,False
PO09877,CA087,CR1026,2025-09-16,youtube,long_form,813,2398,3524,4074,0,False
PO09878,CA087,CR0432,2025-09-16,youtube,long_form,283,1097,6450,7576,0,True
PO09879,CA087,CR0922,2025-09-16,youtube,short,1346,7720,38956,49963,2800,True
PO09880,CA087,CR0270,2025-09-16,youtube,short,2159,14832,18108,22275,700,False
PO09881,CA087,CR0166,2025-09-16,youtube,long_form,100,170,345,336,0,False
PO09882,CA087,CR0844,2025-09-16,youtube,carousel,414,2859,5046,5104,0,False
PO09883,CA087,CR0378,2025-09-16,youtube,short,185,700,1035,1082,0,False
PO09884,CA087,CR0849,2025-09-16,youtube,long_form,2236,7140,10928,11182,700,False
PO09885,CA087,CR0689,2025-09-16,youtube,short,415,842,1966,2093,0,False
PO09886,CA087,CR0734,2025-09-16,youtube,short,5528,11940,17401,19953,700,False
PO09887,CA087,CR0393,2025-09-16,youtube,short,162,1003,1442,1710,0,False
PO09888,CA087,CR0081,2025-09-16,youtube,reel,25714,69462,130852,128263,6950,False
PO09889,CA087,CR0463,2025-09-16,youtube,short,278,1174,1530,1679,0,False
PO09890,CA087,CR0923,2025-09-16,youtube,long_form,1226,3597,23144,25269,700,True
PO09891,CA087,CR0830,2025-09-16,youtube,short,1182,2005,4551,5317,0,False
PO09892,CA087,CR0929,2025-09-16,youtube,short,1109,3236,7028,7286,0,False
PO09893,CA087,CR0052,2025-09-16,youtube,short,709,2085,5676,5885,0,False
PO09894,CA087,CR0117,2025-09-16,youtube,short,655,1373,2732,2653,0,False
PO09895,CA087,CR0257,2025-09-16,youtube,reel,989,2666,4663,5018,0,False
PO09896,CA087,CR0342,2025-09-16,youtube,long_form,1706,6507,12672,13720,700,False
PO09897,CA087,CR1122,2025-09-16,youtube,long_form,411,944,1615,1891,0,False
PO09898,CA087,CR0344,2025-09-16,youtube,long_form,107,405,3024,3790,0,True
PO09899,CA087,CR0298,2025-09-16,youtube,long_form,406,1247,1688,2019,0,False
PO09900,CA087,CR1189,2025-09-16,youtube,short,717,1284,2596,2899,0,False
PO09901,CA087,CR1058,2025-09-16,youtube,short,262,609,975,1217,0,False
PO09902,CA087,CR1169,2025-09-16,youtube,reel,418,1304,2012,2058,0,False
PO09903,CA087,CR0562,2025-09-16,youtube,long_form,100,268,655,666,0,False
PO09904,CA087,CR0421,2025-09-16,youtube,short,3938,7707,19323,20479,700,False
PO09905,CA087,CR0541,2025-09-16,youtube,short,1163,4154,7004,8410,0,False
PO09906,CA087,CR1025,2025-09-16,youtube,long_form,100,194,1624,2059,0,True
PO09907,CA087,CR0857,2025-09-16,youtube,short,490,1416,2051,2064,0,False
PO09908,CA087,CR1174,2025-09-16,youtube,long_form,251,981,2101,2200,0,False
PO09909,CA087,CR0675,2025-09-16,youtube,short,138,1047,1491,1604,0,False
PO09910,CA087,CR0108,2025-09-16,youtube,short,270,895,1352,1389,0,False
PO09911,CA087,CR0811,2025-09-16,youtube,long_form,5964,11772,28542,30891,700,False
PO09912,CA087,CR0376,2025-09-16,youtube,reel,6968,12537,25447,27059,700,False
PO09913,CA087,CR0723,2025-09-16,youtube,long_form,338,1550,9968,10932,700,True
PO09914,CA087,CR0128,2025-09-16,youtube,short,1323,2094,5131,5146,0,False
PO09915,CA087,CR0961,2025-09-16,youtube,reel,193,327,696,699,0,False
PO09916,CA087,CR1198,2025-09-16,youtube,short,1713,2556,6426,7129,0,False
PO09917,CA087,CR0773,2025-09-16,youtube,short,2008,8293,18535,19701,700,False
PO09918,CA087,CR1087,2025-09-16,youtube,short,1513,3736,8032,9787,700,False
PO09919,CA087,CR0775,2025-09-16,youtube,short,1146,3937,5755,6220,0,False
PO09920,CA088,CR0611,2025-09-19,instagram,long_form,803,2030,3593,3828,0,False
PO09921,CA088,CR0837,2025-09-19,instagram,reel,5591,20006,25488,29585,850,False
PO09922,CA088,CR0735,2025-09-19,instagram,reel,1226,2192,4989,5369,0,False
PO09923,CA088,CR0269,2025-09-19,instagram,reel,584,2172,2998,3143,0,False
PO09924,CA088,CR0533,2025-09-19,instagram,reel,1986,2944,7070,7333,250,False
PO09925,CA088,CR0989,2025-09-19,instagram,reel,449,1483,2089,2356,0,False
PO09926,CA088,CR0878,2025-09-19,instagram,reel,14944,54885,99088,106992,2100,False
PO09927,CA088,CR0029,2025-09-19,instagram,reel,267,1507,2474,2870,0,False
PO09928,CA088,CR0451,2025-09-19,instagram,long_form,2848,5913,13639,13364,250,False
PO09929,CA088,CR0329,2025-09-19,instagram,reel,4331,5965,14252,16065,250,False
PO09930,CA088,CR1121,2025-09-19,instagram,carousel,782,2687,4046,4248,0,False
PO09931,CA088,CR0764,2025-09-19,instagram,long_form,2714,6200,16664,17063,250,False
PO09932,CA088,CR0024,2025-09-19,instagram,reel,419,1016,1522,1778,0,False
PO09933,CA088,CR0491,2025-09-19,instagram,reel,1709,12121,19007,18608,250,False
PO09934,CA088,CR0988,2025-09-19,instagram,long_form,6603,20192,36000,36123,850,False
PO09935,CA088,CR1127,2025-09-19,instagram,long_form,1706,3243,8529,8924,250,False
PO09936,CA088,CR0406,2025-09-19,instagram,short,4237,8391,16647,18546,250,False
PO09937,CA088,CR0963,2025-09-19,instagram,short,755,3388,5289,5205,0,False
PO09938,CA088,CR0381,2025-09-19,instagram,reel,13580,22242,58103,58025,2100,False
PO09939,CA088,CR0614,2025-09-19,instagram,short,38323,59586,161193,166187,2100,False
PO09940,CA088,CR0294,2025-09-19,instagram,short,365,1080,1806,1965,0,False
PO09941,CA088,CR0556,2025-09-19,instagram,short,213,750,1443,1419,0,False
PO09942,CA088,CR1024,2025-09-19,instagram,reel,1071,4581,6777,6971,250,False
PO09943,CA088,CR0555,2025-09-19,instagram,carousel,612,1967,3421,4066,0,False
PO09944,CA088,CR0177,2025-09-19,instagram,short,223,869,1567,1531,0,False
PO09945,CA088,CR0643,2025-09-19,instagram,reel,5543,13759,19215,20080,250,False
PO09946,CA088,CR0245,2025-09-19,instagram,short,262,673,1361,1378,0,False
PO09947,CA088,CR1042,2025-09-19,instagram,long_form,2373,13652,16508,19744,250,False
PO09948,CA088,CR0464,2025-09-19,instagram,reel,514,1155,2899,3111,0,False
PO09949,CA088,CR1052,2025-09-19,instagram,reel,759,1785,4569,4774,0,False
PO09950,CA088,CR0842,2025-09-19,instagram,short,3536,8591,59831,73755,2100,True
PO09951,CA088,CR0244,2025-09-19,instagram,short,2793,6063,13358,13624,250,False
PO09952,CA088,CR0884,2025-09-19,instagram,reel,5449,22904,32187,33053,850,False
PO09953,CA088,CR1064,2025-09-19,instagram,reel,452,5435,39803,42269,850,True
PO09954,CA088,CR0070,2025-09-19,instagram,reel,312,719,1640,1602,0,False
PO09955,CA088,CR0061,2025-09-19,instagram,carousel,541,1636,3462,3831,0,False
PO09956,CA088,CR1011,2025-09-19,instagram,long_form,1585,4170,6635,6672,250,False
PO09957,CA088,CR0585,2025-09-19,instagram,reel,1452,4179,7865,8081,250,False
PO09958,CA088,CR0574,2025-09-19,instagram,carousel,580,1476,2537,2616,0,False
PO09959,CA088,CR0077,2025-09-19,instagram,reel,1832,6086,10070,12167,250,False
PO09960,CA088,CR0003,2025-09-19,instagram,short,1084,5867,11187,11174,250,False
PO09961,CA088,CR0031,2025-09-19,instagram,long_form,2922,4275,8930,11034,250,False
PO09962,CA088,CR1116,2025-09-19,instagram,short,10629,14197,39034,39765,850,False
PO09963,CA088,CR0694,2025-09-19,instagram,reel,2240,5795,14392,14942,250,False
PO09964,CA088,CR0172,2025-09-19,instagram,reel,1231,3052,5851,7002,250,False
PO09965,CA088,CR0266,2025-09-19,instagram,short,5822,30252,52985,55770,2100,False
PO09966,CA088,CR0360,2025-09-19,instagram,short,845,3658,5831,6911,250,False
PO09967,CA088,CR0207,2025-09-19,instagram,reel,177,829,1613,1747,0,False
PO09968,CA088,CR0667,2025-09-19,instagram,short,1625,3433,5776,5956,250,False
PO09969,CA088,CR0140,2025-09-19,instagram,long_form,5680,20926,34811,39692,850,False
PO09970,CA088,CR0032,2025-09-19,instagram,reel,2089,7280,15845,16760,250,False
PO09971,CA088,CR0092,2025-09-19,instagram,reel,6444,11520,22914,24158,850,False
PO09972,CA088,CR0650,2025-09-19,instagram,reel,100,229,409,469,0,False
PO09973,CA088,CR1129,2025-09-19,instagram,reel,1862,3507,6805,7935,250,False
PO09974,CA088,CR0569,2025-09-19,instagram,reel,100,301,531,518,0,False
PO09975,CA088,CR0855,2025-09-19,instagram,carousel,415,1176,1503,1834,0,False
PO09976,CA088,CR0774,2025-09-19,instagram,reel,5105,13716,19595,21591,250,False
PO09977,CA088,CR0106,2025-09-19,instagram,reel,3430,12050,102864,132448,2100,True
PO09978,CA088,CR1105,2025-09-19,instagram,reel,547,1233,2658,2791,0,False
PO09979,CA088,CR0552,2025-09-19,instagram,reel,298,655,995,1211,0,False
PO09980,CA088,CR0918,2025-09-19,instagram,reel,491,2188,4164,4148,0,False
PO09981,CA088,CR0998,2025-09-19,instagram,reel,11387,54540,68667,83580,2100,False
PO09982,CA088,CR0165,2025-09-19,instagram,short,270,604,1227,1260,0,False
PO09983,CA088,CR0174,2025-09-19,instagram,reel,162,772,5080,5516,0,True
PO09984,CA088,CR0825,2025-09-19,instagram,reel,2605,4364,11865,11578,250,False
PO09985,CA088,CR0684,2025-09-19,instagram,short,441,838,1455,1708,0,False
PO09986,CA088,CR0349,2025-09-19,instagram,short,1201,6052,9846,9871,250,False
PO09987,CA088,CR0645,2025-09-19,instagram,long_form,290,619,942,1092,0,False
PO09988,CA088,CR0318,2025-09-19,instagram,short,484,1788,2590,3158,0,False
PO09989,CA088,CR0453,2025-09-19,instagram,long_form,144,473,1015,1093,0,False
PO09990,CA088,CR0511,2025-09-19,instagram,reel,7438,27508,75847,76567,2100,False
PO09991,CA088,CR1148,2025-09-19,instagram,reel,1960,3491,8810,9773,250,False
PO09992,CA088,CR1120,2025-09-19,instagram,long_form,63166,286459,704241,716658,7300,False
PO09993,CA088,CR0501,2025-09-19,instagram,reel,36823,108926,175335,215220,7300,False
PO09994,CA088,CR1117,2025-09-19,instagram,short,246,819,1575,1968,0,False
PO09995,CA088,CR0542,2025-09-19,instagram,short,515,1608,3133,3528,0,False
PO09996,CA088,CR0528,2025-09-19,instagram,reel,3667,12248,18351,19698,250,False
PO09997,CA088,CR0246,2025-09-19,instagram,reel,8441,21190,26342,31271,850,False
PO09998,CA088,CR0891,2025-09-19,instagram,reel,587,2295,3633,3543,0,False
PO09999,CA088,CR0538,2025-09-19,instagram,reel,667,2138,3840,4068,0,False
PO10000,CA088,CR0145,2025-09-19,instagram,short,2382,9141,58597,68269,2100,True
PO10001,CA088,CR0312,2025-09-19,instagram,reel,1325,2493,5705,6336,250,False
PO10002,CA088,CR0273,2025-09-19,instagram,short,7462,12981,27473,27966,850,False
PO10003,CA088,CR0469,2025-09-19,instagram,reel,14114,27384,54662,55222,850,False
PO10004,CA088,CR0978,2025-09-19,instagram,reel,957,1862,4958,4983,0,False
PO10005,CA088,CR0876,2025-09-19,instagram,reel,50134,187416,461972,521365,7300,False
PO10006,CA088,CR0792,2025-09-19,instagram,reel,16645,39149,62485,68903,2100,False
PO10007,CA088,CR1112,2025-09-19,instagram,reel,1758,6369,13838,14249,250,False
PO10008,CA088,CR0443,2025-09-19,instagram,long_form,3024,16072,29522,31948,850,False
PO10009,CA088,CR0621,2025-09-19,instagram,reel,1793,4011,7497,9266,250,False
PO10010,CA088,CR0396,2025-09-19,instagram,reel,1513,6249,10279,12040,250,False
PO10011,CA088,CR0333,2025-09-19,instagram,reel,1908,4740,9062,8803,250,False
PO10012,CA088,CR0814,2025-09-19,instagram,reel,2939,8312,15898,17210,250,False
PO10013,CA088,CR0794,2025-09-19,instagram,reel,1849,3594,6100,6962,250,False
PO10014,CA088,CR0085,2025-09-19,instagram,reel,579,1462,4206,4119,0,False
PO10015,CA088,CR0303,2025-09-19,instagram,long_form,252275,437715,929533,1024231,7300,False
PO10016,CA088,CR1111,2025-09-19,instagram,reel,18637,96712,170966,175855,2100,False
PO10017,CA088,CR0767,2025-09-19,instagram,reel,34257,94925,127098,152095,2100,False
PO10018,CA088,CR0647,2025-09-19,instagram,short,948,4992,10989,10747,250,False
PO10019,CA088,CR0231,2025-09-19,instagram,short,4441,12718,23757,28145,850,False
PO10020,CA088,CR0968,2025-09-19,instagram,reel,860,2616,3157,3908,0,False
PO10021,CA088,CR1032,2025-09-19,instagram,reel,2742,6722,9908,12262,250,False
PO10022,CA088,CR0962,2025-09-19,instagram,short,2009,4157,6781,8230,250,False
PO10023,CA088,CR0510,2025-09-19,instagram,long_form,3177,12010,24767,29330,850,False
PO10024,CA088,CR0224,2025-09-19,instagram,reel,5129,17349,31980,37113,850,False
PO10025,CA088,CR0831,2025-09-19,instagram,reel,359,2037,2733,3135,0,False
PO10026,CA088,CR0494,2025-09-19,instagram,carousel,400,800,1381,1537,0,False
PO10027,CA088,CR0719,2025-09-19,instagram,reel,35088,96593,198774,234250,7300,False
PO10028,CA088,CR0546,2025-09-19,instagram,long_form,413,2436,3057,3565,0,False
PO10029,CA088,CR0785,2025-09-19,instagram,reel,2383,12292,17123,17732,250,False
PO10030,CA088,CR0865,2025-09-19,instagram,reel,331,1264,1644,1908,0,False
PO10031,CA088,CR0499,2025-09-19,instagram,reel,2854,9015,13652,14950,250,False
PO10032,CA088,CR0721,2025-09-19,instagram,reel,1411,3409,8127,9357,250,False
PO10033,CA088,CR0301,2025-09-19,instagram,reel,3931,9787,18403,22348,850,False
PO10034,CA088,CR0741,2025-09-19,instagram,reel,6437,27207,64052,77164,2100,False
PO10035,CA088,CR0506,2025-09-19,instagram,reel,7267,30369,44746,51446,850,False
PO10036,CA088,CR0914,2025-09-19,instagram,reel,3332,6413,17057,17329,250,False
PO10037,CA088,CR0656,2025-09-19,instagram,reel,1243,3305,5851,6903,250,False
PO10038,CA088,CR0520,2025-09-19,instagram,reel,2552,15700,25721,26150,850,False
PO10039,CA088,CR1124,2025-09-19,instagram,short,104,305,549,581,0,False
PO10040,CA088,CR0171,2025-09-19,instagram,reel,1740,10232,16434,20354,250,False
PO10041,CA088,CR0046,2025-09-19,instagram,reel,16713,56389,91324,89820,2100,False
PO10042,CA088,CR0990,2025-09-19,instagram,reel,89881,446694,709195,796736,7300,False
PO10043,CA088,CR1113,2025-09-19,instagram,reel,273,721,1583,1614,0,False
PO10044,CA089,CR0919,2025-09-22,instagram,long_form,100,662,3489,3739,0,True
PO10045,CA089,CR1014,2025-09-22,instagram,reel,698,1812,2499,2955,0,False
PO10046,CA089,CR0017,2025-09-22,instagram,reel,353,2046,3339,3669,0,False
PO10047,CA089,CR1168,2025-09-22,instagram,short,124,355,430,525,0,False
PO10048,CA089,CR0991,2025-09-22,instagram,reel,1664,4504,7667,8030,500,False
PO10049,CA089,CR1101,2025-09-22,instagram,reel,466,760,1528,1740,0,False
PO10050,CA089,CR0924,2025-09-22,instagram,short,145,545,718,793,0,False
PO10051,CA089,CR0583,2025-09-22,instagram,long_form,108,352,462,513,0,False
PO10052,CA089,CR0945,2025-09-22,instagram,reel,338,962,1491,1720,0,False
PO10053,CA089,CR1003,2025-09-22,instagram,reel,244,756,1116,1124,0,False
PO10054,CA089,CR0285,2025-09-22,instagram,reel,100,224,526,530,0,False
PO10055,CA089,CR1017,2025-09-22,instagram,reel,395,815,1954,2225,0,False
PO10056,CA089,CR0047,2025-09-22,instagram,long_form,100,100,100,100,0,False
PO10057,CA089,CR0471,2025-09-22,instagram,carousel,100,100,104,115,0,False
PO10058,CA089,CR0139,2025-09-22,instagram,long_form,319,1856,3913,3813,0,False
PO10059,CA089,CR0749,2025-09-22,instagram,short,5026,6788,15038,18612,500,False
PO10060,CA089,CR0367,2025-09-22,instagram,reel,100,135,263,277,0,False
PO10061,CA089,CR0970,2025-09-22,instagram,short,100,319,501,499,0,False
PO10062,CA089,CR1153,2025-09-22,instagram,long_form,263,953,1387,1450,0,False
PO10063,CA089,CR1054,2025-09-22,instagram,long_form,568,1255,2038,2343,0,False
PO10064,CA089,CR0722,2025-09-22,instagram,reel,119,364,458,547,0,False
PO10065,CA089,CR0490,2025-09-22,instagram,reel,9602,21763,39394,46970,2050,False
PO10066,CA089,CR0711,2025-09-22,instagram,reel,101,307,494,499,0,False
PO10067,CA089,CR1171,2025-09-22,instagram,short,278,515,992,1186,0,False
PO10068,CA089,CR0520,2025-09-22,instagram,carousel,1409,3060,6481,6459,500,False
PO10069,CA089,CR0048,2025-09-22,instagram,reel,167,317,492,609,0,False
PO10070,CA089,CR0889,2025-09-22,instagram,long_form,118,322,733,893,0,False
PO10071,CA089,CR0027,2025-09-22,instagram,reel,19119,107657,189916,187047,5100,False
PO10072,CA089,CR0007,2025-09-22,instagram,reel,100,263,341,415,0,False
PO10073,CA089,CR0672,2025-09-22,instagram,reel,258,791,1159,1393,0,False
PO10074,CA089,CR0904,2025-09-22,instagram,long_form,203,611,1051,1043,0,False
PO10075,CA089,CR0619,2025-09-22,instagram,reel,147,276,574,661,0,False
PO10076,CA089,CR1088,2025-09-22,instagram,long_form,262,515,1123,1171,0,False
PO10077,CA089,CR0055,2025-09-22,instagram,long_form,854,1375,3171,3138,0,False
PO10078,CA089,CR0176,2025-09-22,instagram,reel,100,100,607,643,0,True
PO10079,CA089,CR1111,2025-09-22,instagram,long_form,1628,8259,10389,11800,500,False
PO10080,CA089,CR0740,2025-09-22,instagram,long_form,245,400,1065,1143,0,False
PO10081,CA089,CR0554,2025-09-22,instagram,reel,1311,3291,5009,5250,0,False
PO10082,CA089,CR0202,2025-09-22,instagram,short,100,307,421,500,0,False
PO10083,CA090,CR0064,2025-09-25,instagram,reel,3919,11186,19789,19428,600,False
PO10084,CA090,CR1097,2025-09-25,instagram,reel,20622,58924,104075,108359,2450,False
PO10085,CA090,CR0473,2025-09-25,instagram,reel,16001,59810,112784,137841,6100,False
PO10086,CA090,CR0036,2025-09-25,instagram,reel,8431,55955,70843,87000,2450,False
PO10087,CA090,CR0106,2025-09-25,instagram,carousel,28066,68853,128037,128862,6100,False
PO10088,CA090,CR0572,2025-09-25,instagram,short,157,773,4043,4429,0,True
PO10089,CA090,CR0607,2025-09-25,instagram,reel,3885,10570,16638,17764,600,False
PO10090,CA090,CR0412,2025-09-25,instagram,short,1846,3825,6329,7285,0,False
PO10091,CA090,CR1187,2025-09-25,instagram,reel,4771,8416,20620,23662,600,False
PO10092,CA090,CR0276,2025-09-25,instagram,short,523,1453,2351,2549,0,False
PO10093,CA090,CR0203,2025-09-25,instagram,short,12825,48811,90205,97714,2450,False
PO10094,CA090,CR0207,2025-09-25,instagram,reel,275,1491,10073,11065,0,True
PO10095,CA090,CR0243,2025-09-25,instagram,reel,137,459,795,987,0,False
PO10096,CA090,CR0583,2025-09-25,instagram,long_form,601,1410,2639,2630,0,False
PO10097,CA090,CR1123,2025-09-25,instagram,short,28827,61099,100605,122077,6100,False
PO10098,CA090,CR0508,2025-09-25,instagram,reel,854,3250,6079,6781,0,False
PO10099,CA090,CR0483,2025-09-25,instagram,short,597,1745,3842,4078,0,False
PO10100,CA090,CR0537,2025-09-25,instagram,reel,2197,3963,10567,11282,0,False
PO10101,CA090,CR1099,2025-09-25,instagram,reel,2674,5147,12499,14358,600,False
PO10102,CA090,CR0597,2025-09-25,instagram,reel,18696,49747,73151,87617,2450,False
PO10103,CA090,CR0495,2025-09-25,instagram,reel,820,4307,5249,6512,0,False
PO10104,CA090,CR0044,2025-09-25,instagram,reel,5451,21465,37050,37612,600,False
PO10105,CA090,CR0928,2025-09-25,instagram,reel,10146,25874,36855,39212,600,False
PO10106,CA090,CR0169,2025-09-25,instagram,short,4928,10551,21010,21071,600,False
PO10107,CA090,CR0083,2025-09-25,instagram,reel,4492,23924,48319,50440,2450,False
PO10108,CA090,CR1103,2025-09-25,instagram,short,14367,86601,111392,125107,6100,False
PO10109,CA090,CR0032,2025-09-25,instagram,reel,1637,3117,5714,5936,0,False
PO10110,CA090,CR0899,2025-09-25,instagram,carousel,15485,33377,59162,59192,2450,False
PO10111,CA090,CR0563,2025-09-25,instagram,short,264,495,1451,1411,0,False
PO10112,CA090,CR0158,2025-09-25,instagram,reel,10946,34288,43575,52136,2450,False
PO10113,CA090,CR0178,2025-09-25,instagram,reel,4717,12036,20225,22282,600,False
PO10114,CA090,CR0130,2025-09-25,instagram,reel,92868,223780,278159,343358,6100,False
PO10115,CA090,CR0118,2025-09-25,instagram,long_form,801,1983,4153,4357,0,False
PO10116,CA090,CR0252,2025-09-25,instagram,long_form,1196,2227,4241,5241,0,False
PO10117,CA090,CR0267,2025-09-25,instagram,reel,1620,4907,6953,7177,0,False
PO10118,CA090,CR0505,2025-09-25,instagram,reel,4307,14818,18050,21465,600,False
PO10119,CA090,CR1004,2025-09-25,instagram,reel,2101,9973,15153,18378,600,False
PO10120,CA090,CR0682,2025-09-25,instagram,short,376,885,2228,2180,0,False
PO10121,CA090,CR0086,2025-09-25,instagram,reel,1788,3973,6481,7348,0,False
PO10122,CA090,CR0170,2025-09-25,instagram,reel,451,1506,3540,3563,0,False
PO10123,CA090,CR0842,2025-09-25,instagram,reel,5252,16931,48751,47446,600,False
PO10124,CA090,CR0115,2025-09-25,instagram,long_form,7851,33500,61336,62888,2450,False
PO10125,CA090,CR0691,2025-09-25,instagram,short,323,1262,2350,2599,0,False
PO10126,CA090,CR0792,2025-09-25,instagram,short,9256,14489,33742,34213,600,False
PO10127,CA090,CR1050,2025-09-25,instagram,reel,1499,4449,7577,8516,0,False
PO10128,CA090,CR0605,2025-09-25,instagram,reel,7697,22181,37681,44521,600,False
PO10129,CA090,CR1104,2025-09-25,instagram,short,350,1442,2996,3672,0,False
PO10130,CA090,CR0493,2025-09-25,instagram,reel,703,1945,3802,3775,0,False
PO10131,CA090,CR0821,2025-09-25,instagram,long_form,1976,6236,10066,10252,0,False
PO10132,CA090,CR1036,2025-09-25,instagram,reel,100,100,107,125,0,False
PO10133,CA090,CR1033,2025-09-25,instagram,short,14978,39206,86697,94743,2450,False
PO10134,CA090,CR0001,2025-09-25,instagram,reel,8175,35678,50338,56535,2450,False
PO10135,CA090,CR0138,2025-09-25,instagram,reel,7562,22041,44895,52501,2450,False
PO10136,CA090,CR0500,2025-09-25,instagram,short,1440,5940,9946,10450,0,False
PO10137,CA090,CR0151,2025-09-25,instagram,short,6310,15918,26259,30067,600,False
PO10138,CA090,CR0319,2025-09-25,instagram,reel,1250,7160,9205,10424,0,False
PO10139,CA090,CR0137,2025-09-25,instagram,reel,466,2093,3463,3585,0,False
PO10140,CA090,CR0398,2025-09-25,instagram,reel,575,1648,3137,3233,0,False
PO10141,CA090,CR1085,2025-09-25,instagram,carousel,1561,4700,6715,8258,0,False
PO10142,CA090,CR0362,2025-09-25,instagram,long_form,2300,15837,22623,26170,600,False
PO10143,CA090,CR0969,2025-09-25,instagram,reel,61517,111082,217741,220422,6100,False
PO10144,CA090,CR0501,2025-09-25,instagram,reel,4092,14869,23338,24635,600,False
PO10145,CA090,CR1157,2025-09-25,instagram,short,3281,6809,13677,16225,600,False
PO10146,CA090,CR1175,2025-09-25,instagram,short,92141,150607,339206,338584,6100,False
PO10147,CA090,CR0886,2025-09-25,instagram,reel,19174,43313,69657,72319,2450,False
PO10148,CA090,CR0341,2025-09-25,instagram,long_form,5275,35994,55058,54650,2450,False
PO10149,CA090,CR0221,2025-09-25,instagram,reel,876,2550,5897,5768,0,False
PO10150,CA090,CR0567,2025-09-25,instagram,reel,3079,10360,19554,19840,600,False
PO10151,CA090,CR0280,2025-09-25,instagram,short,3774,12411,26183,28364,600,False
PO10152,CA090,CR0529,2025-09-25,instagram,reel,1370,2157,4698,4952,0,False
PO10153,CA090,CR0603,2025-09-25,instagram,long_form,212,1655,2345,2416,0,False
PO10154,CA090,CR0349,2025-09-25,instagram,carousel,429,1421,3564,3526,0,False
PO10155,CA090,CR0767,2025-09-25,instagram,reel,174148,347356,620125,654594,21350,False
PO10156,CA090,CR0941,2025-09-25,instagram,short,3342,13925,33600,35244,600,False
PO10157,CA090,CR0511,2025-09-25,instagram,reel,30682,86011,110387,131434,6100,False
PO10158,CA090,CR1002,2025-09-25,instagram,long_form,100,243,361,369,0,False
PO10159,CA090,CR0193,2025-09-25,instagram,carousel,3837,11850,23017,24075,600,False
PO10160,CA090,CR0002,2025-09-25,instagram,reel,8628,24286,29459,36081,600,False
PO10161,CA090,CR0822,2025-09-25,instagram,reel,2660,8439,11327,12122,600,False
PO10162,CA090,CR1008,2025-09-25,instagram,reel,1720,6265,12271,14084,600,False
PO10163,CA090,CR0459,2025-09-25,instagram,reel,22066,54537,75888,79305,2450,False
PO10164,CA090,CR0991,2025-09-25,instagram,short,2041,6825,8353,10188,0,False
PO10165,CA090,CR0964,2025-09-25,instagram,reel,2669,6595,8182,9819,0,False
PO10166,CA090,CR0452,2025-09-25,instagram,reel,2948,8608,12245,13663,600,False
PO10167,CA090,CR0829,2025-09-25,instagram,carousel,5635,13498,23673,25095,600,False
PO10168,CA090,CR0394,2025-09-25,instagram,reel,100,242,367,430,0,False
PO10169,CA090,CR0186,2025-09-25,instagram,short,577,4186,6910,7079,0,False
PO10170,CA090,CR0287,2025-09-25,instagram,reel,2154,12532,83825,99224,2450,True
PO10171,CA090,CR1102,2025-09-25,instagram,carousel,900,7414,10261,10729,0,False
PO10172,CA090,CR0717,2025-09-25,instagram,reel,7977,28142,46375,53647,2450,False
PO10173,CA090,CR0381,2025-09-25,instagram,reel,3190,11273,15479,18248,600,False
PO10174,CA090,CR1180,2025-09-25,instagram,short,13856,99040,149046,160509,6100,False
PO10175,CA090,CR1010,2025-09-25,instagram,reel,603,3155,5774,6693,0,False
PO10176,CA090,CR0228,2025-09-25,instagram,short,5053,11684,19973,21046,600,False
PO10177,CA090,CR0192,2025-09-25,instagram,reel,1803,7113,8949,10376,0,False
PO10178,CA090,CR0489,2025-09-25,instagram,short,1854,8274,13597,13940,600,False
PO10179,CA090,CR1100,2025-09-25,instagram,long_form,1852,8865,13985,14826,600,False
PO10180,CA090,CR0588,2025-09-25,instagram,long_form,435,1215,2976,2924,0,False
PO10181,CA090,CR0167,2025-09-25,instagram,short,255,1146,1635,1920,0,False
PO10182,CA090,CR1055,2025-09-25,instagram,reel,1148,3120,5742,6622,0,False
PO10183,CA090,CR0614,2025-09-25,instagram,long_form,1181,3693,6839,7173,0,False
PO10184,CA090,CR0157,2025-09-25,instagram,long_form,1036,3363,7655,9547,0,False
PO10185,CA090,CR1197,2025-09-25,instagram,long_form,12232,23466,56753,58302,2450,False
PO10186,CA090,CR0431,2025-09-25,instagram,carousel,1814,5123,9252,10713,0,False
PO10187,CA090,CR0847,2025-09-25,instagram,reel,3063,13769,22265,22799,600,False
PO10188,CA090,CR0335,2025-09-25,instagram,reel,100,337,530,535,0,False
PO10189,CA090,CR1146,2025-09-25,instagram,reel,1331,6828,10143,9998,0,False
PO10190,CA090,CR0957,2025-09-25,instagram,short,1784,5681,46474,52791,2450,True
PO10191,CA090,CR0850,2025-09-25,instagram,carousel,107,524,949,1082,0,False
PO10192,CA090,CR0273,2025-09-25,instagram,short,73430,226614,262520,324088,6100,False
PO10193,CA090,CR1108,2025-09-25,instagram,short,3961,9509,13514,16354,600,False
PO10194,CA090,CR0211,2025-09-25,instagram,reel,874,1725,3269,3812,0,False
PO10195,CA090,CR0799,2025-09-25,instagram,reel,9370,41949,61563,72630,2450,False
PO10196,CA090,CR0340,2025-09-25,instagram,reel,1696,8070,11909,14522,600,False
PO10197,CA090,CR0057,2025-09-25,instagram,reel,11412,18999,49573,53520,2450,False
PO10198,CA090,CR0363,2025-09-25,instagram,reel,833,1296,2782,3002,0,False
PO10199,CA090,CR0361,2025-09-25,instagram,reel,3280,13324,20163,19946,600,False
PO10200,CA090,CR0677,2025-09-25,instagram,long_form,4443,12525,27265,30090,600,False
PO10201,CA090,CR0425,2025-09-25,instagram,reel,100,144,317,321,0,False
PO10202,CA090,CR0338,2025-09-25,instagram,long_form,2633,15024,24036,28621,600,False
PO10203,CA090,CR0832,2025-09-25,instagram,short,263,818,1302,1523,0,False
PO10204,CA090,CR0313,2025-09-25,instagram,short,812,2970,5800,5745,0,False
PO10205,CA090,CR0938,2025-09-25,instagram,reel,3482,15468,22150,27446,600,False
PO10206,CA090,CR0049,2025-09-25,instagram,reel,4809,15735,32473,33042,600,False
PO10207,CA090,CR0152,2025-09-25,instagram,long_form,319,854,1741,1698,0,False
PO10208,CA090,CR0578,2025-09-25,instagram,carousel,1893,5424,9631,9916,0,False
PO10209,CA090,CR1052,2025-09-25,instagram,reel,1326,2381,4749,5019,0,False
PO10210,CA090,CR0005,2025-09-25,instagram,reel,1903,5072,7072,7720,0,False
PO10211,CA090,CR0497,2025-09-25,instagram,short,3420,7283,16651,16566,600,False
PO10212,CA090,CR0310,2025-09-25,instagram,short,8494,56076,84645,100926,2450,False
PO10213,CA090,CR0780,2025-09-25,instagram,short,746,2859,4271,4466,0,False
PO10214,CA090,CR0510,2025-09-25,instagram,reel,1075,5706,9937,12001,0,False
PO10215,CA090,CR0027,2025-09-25,instagram,reel,21672,49927,91249,108916,2450,False
PO10216,CA090,CR0514,2025-09-25,instagram,reel,1484,5424,7007,8010,0,False
PO10217,CA090,CR0692,2025-09-25,instagram,reel,1596,2956,6380,7315,0,False
PO10218,CA090,CR0475,2025-09-25,instagram,reel,3947,11073,14376,16344,600,False
PO10219,CA090,CR0994,2025-09-25,instagram,reel,3461,9101,17346,21358,600,False
PO10220,CA090,CR1048,2025-09-25,instagram,reel,17723,31797,68538,85262,2450,False
PO10221,CA090,CR0155,2025-09-25,instagram,reel,3710,14431,24793,26398,600,False
PO10222,CA090,CR0015,2025-09-25,instagram,reel,5422,19483,30996,34934,600,False
PO10223,CA090,CR0274,2025-09-25,instagram,long_form,35162,67995,160233,156031,6100,False
PO10224,CA090,CR0856,2025-09-25,instagram,long_form,262,1389,1967,2192,0,False
PO10225,CA090,CR0881,2025-09-25,instagram,short,5164,12603,20403,21567,600,False
PO10226,CA090,CR0387,2025-09-25,instagram,short,56446,132140,211038,210467,6100,False
PO10227,CA090,CR0943,2025-09-25,instagram,short,2274,8046,14866,17447,600,False
PO10228,CA090,CR0240,2025-09-25,instagram,short,5214,15144,20355,23668,600,False
PO10229,CA090,CR0801,2025-09-25,instagram,short,1056,5189,10106,12012,0,False
PO10230,CA090,CR0815,2025-09-25,instagram,reel,3886,13470,19872,20988,600,False
PO10231,CA090,CR0434,2025-09-25,instagram,short,3656,14048,18253,20447,600,False
PO10232,CA090,CR0608,2025-09-25,instagram,reel,4733,26051,30192,37322,600,False
PO10233,CA090,CR0927,2025-09-25,instagram,reel,592,1899,2580,2857,0,False
PO10234,CA090,CR1195,2025-09-25,instagram,short,423,924,2121,2175,0,False
PO10235,CA090,CR0690,2025-09-25,instagram,reel,13885,61028,107262,117475,2450,False
PO10236,CA090,CR1066,2025-09-25,instagram,reel,159,431,647,804,0,False
PO10237,CA090,CR0146,2025-09-25,instagram,short,3880,10802,14833,17237,600,False
PO10238,CA090,CR0621,2025-09-25,instagram,short,1973,3652,8668,9382,0,False
PO10239,CA090,CR1153,2025-09-25,instagram,short,100,178,263,280,0,False
PO10240,CA090,CR0793,2025-09-25,instagram,reel,100,326,1931,2518,0,True
PO10241,CA090,CR0878,2025-09-25,instagram,carousel,685,2202,3269,3266,0,False
PO10242,CA090,CR0135,2025-09-25,instagram,reel,1135,2289,5219,5291,0,False
PO10243,CA090,CR0763,2025-09-25,instagram,short,3288,13086,17862,19287,600,False
PO10244,CA090,CR0545,2025-09-25,instagram,reel,18598,63956,84917,97433,2450,False
PO10245,CA090,CR0890,2025-09-25,instagram,reel,6820,16568,22587,24460,600,False
PO10246,CA090,CR0246,2025-09-25,instagram,short,8958,34633,47672,51995,2450,False
PO10247,CA090,CR1073,2025-09-25,instagram,reel,1932,5944,11068,11371,0,False
PO10248,CA090,CR0845,2025-09-25,instagram,carousel,717,2254,3126,3482,0,False
PO10249,CA090,CR0513,2025-09-25,instagram,reel,2038,7393,13770,14990,600,False
PO10250,CA090,CR1196,2025-09-25,instagram,long_form,1492,5849,13800,15641,600,False
PO10251,CA090,CR0265,2025-09-25,instagram,reel,542,2770,4185,4399,0,False
PO10252,CA090,CR0565,2025-09-25,instagram,reel,212,3539,17952,18979,600,True
PO10253,CA090,CR1152,2025-09-25,instagram,reel,5922,18073,39147,43227,600,False
PO10254,CA090,CR0370,2025-09-25,instagram,reel,5931,16242,23224,28822,600,False
PO10255,CA090,CR0956,2025-09-25,instagram,reel,9524,15141,35577,42198,600,False
PO10256,CA090,CR0554,2025-09-25,instagram,short,100,232,450,513,0,False
PO10257,CA090,CR0749,2025-09-25,instagram,carousel,930,2734,3274,4051,0,False
PO10258,CA090,CR0582,2025-09-25,instagram,reel,1979,7866,18094,19515,600,False
PO10259,CA090,CR0053,2025-09-25,instagram,reel,38800,97226,161483,158691,6100,False
PO10260,CA090,CR1071,2025-09-25,instagram,short,2532,5654,14343,14445,600,False
PO10261,CA090,CR0069,2025-09-25,instagram,reel,100,342,799,807,0,False
PO10262,CA090,CR0570,2025-09-25,instagram,reel,1145,4669,7471,7485,0,False
PO10263,CA090,CR0238,2025-09-25,instagram,reel,9205,41415,68539,67359,2450,False
PO10264,CA091,CR1063,2025-09-28,youtube,short,100,100,135,158,0,False
PO10265,CA091,CR0830,2025-09-28,youtube,long_form,219,705,1207,1327,0,False
PO10266,CA091,CR0592,2025-09-28,youtube,short,3157,14037,21925,25286,1500,False
PO10267,CA091,CR0194,2025-09-28,youtube,short,7646,23275,46832,52310,1500,False
PO10268,CA091,CR0277,2025-09-28,youtube,long_form,1335,2925,5378,5470,0,False
PO10269,CA091,CR0059,2025-09-28,youtube,long_form,15019,42472,61026,66173,1500,False
PO10270,CA091,CR0468,2025-09-28,youtube,long_form,4978,16198,113799,120702,6100,True
PO10271,CA091,CR0948,2025-09-28,youtube,long_form,2036,5228,12020,12643,0,False
PO10272,CA091,CR1114,2025-09-28,youtube,short,1014,4545,7446,7327,0,False
PO10273,CA091,CR0102,2025-09-28,youtube,short,4282,10489,14772,15340,0,False
PO10274,CA091,CR0885,2025-09-28,youtube,reel,1270,6456,10668,12989,0,False
PO10275,CA091,CR0261,2025-09-28,youtube,long_form,1410,4847,9583,9839,0,False
PO10276,CA091,CR0268,2025-09-28,youtube,reel,10972,38386,53986,67145,1500,False
PO10277,CA091,CR0812,2025-09-28,youtube,short,682,3197,6676,6597,0,False
PO10278,CA091,CR1161,2025-09-28,youtube,short,4814,9207,25445,25639,1500,False
PO10279,CA091,CR0768,2025-09-28,youtube,carousel,1275,3328,6096,6763,0,False
PO10280,CA091,CR0132,2025-09-28,youtube,short,2497,13305,21543,25586,1500,False
PO10281,CA091,CR0004,2025-09-28,youtube,short,1111,2334,3470,4212,0,False
PO10282,CA091,CR1039,2025-09-28,youtube,short,1830,4966,7185,8463,0,False
PO10283,CA091,CR0581,2025-09-28,youtube,short,326,1059,9393,11022,0,True
PO10284,CA091,CR0175,2025-09-28,youtube,short,5705,16824,29751,32788,1500,False
PO10285,CA091,CR0264,2025-09-28,youtube,short,466,2064,3146,3402,0,False
PO10286,CA091,CR1086,2025-09-28,youtube,reel,100,100,100,108,0,False
PO10287,CA091,CR0093,2025-09-28,youtube,long_form,1704,6646,10235,11125,0,False
PO10288,CA091,CR0447,2025-09-28,youtube,short,7016,17790,27551,30548,1500,False
PO10289,CA091,CR0613,2025-09-28,youtube,reel,11840,46700,63580,67297,1500,False
PO10290,CA091,CR0407,2025-09-28,youtube,short,765,2801,4180,4070,0,False
PO10291,CA091,CR0388,2025-09-28,youtube,long_form,7590,16390,22784,28352,1500,False
PO10292,CA091,CR0429,2025-09-28,youtube,short,331,900,1680,1638,0,False
PO10293,CA091,CR0488,2025-09-28,youtube,short,578,3904,31339,35452,1500,True
PO10294,CA091,CR0278,2025-09-28,youtube,long_form,1086,2486,5300,5653,0,False
PO10295,CA091,CR0871,2025-09-28,youtube,reel,2688,7032,12715,12954,0,False
PO10296,CA091,CR1075,2025-09-28,youtube,short,2350,9276,11980,14922,0,False
PO10297,CA091,CR0979,2025-09-28,youtube,long_form,1248,2863,5480,6575,0,False
PO10298,CA091,CR0680,2025-09-28,youtube,long_form,4814,16144,36814,38280,1500,False
PO10299,CA091,CR0712,2025-09-28,youtube,long_form,2101,4871,8073,8245,0,False
PO10300,CA091,CR0073,2025-09-28,youtube,reel,1097,3340,4223,4880,0,False
PO10301,CA091,CR1018,2025-09-28,youtube,short,188,1385,2257,2246,0,False
PO10302,CA091,CR0936,2025-09-28,youtube,short,3007,9249,20760,20757,1500,False
PO10303,CA091,CR0293,2025-09-28,youtube,short,35932,62034,130326,145549,6100,False
PO10304,CA091,CR0458,2025-09-28,youtube,reel,2377,5382,9984,11514,0,False
PO10305,CA091,CR1023,2025-09-28,youtube,short,289,945,1678,1890,0,False
PO10306,CA091,CR0190,2025-09-28,youtube,short,1843,6996,18703,19035,1500,False
PO10307,CA091,CR0797,2025-09-28,youtube,short,1950,10723,16891,16683,0,False
PO10308,CA091,CR1019,2025-09-28,youtube,short,1351,6583,10716,11190,0,False
PO10309,CA091,CR0402,2025-09-28,youtube,long_form,100,348,621,607,0,False
PO10310,CA091,CR0995,2025-09-28,youtube,short,595,1538,3613,3954,0,False
PO10311,CA091,CR1040,2025-09-28,youtube,short,975,2311,4608,4525,0,False
PO10312,CA091,CR0467,2025-09-28,youtube,short,700,3219,15103,19007,1500,True
PO10313,CA091,CR0705,2025-09-28,youtube,short,2466,3107,8911,8809,0,False
PO10314,CA091,CR1199,2025-09-28,youtube,long_form,1495,4656,9296,11433,0,False
PO10315,CA091,CR0664,2025-09-28,youtube,short,720,2264,5310,5630,0,False
PO10316,CA091,CR0141,2025-09-28,youtube,long_form,3731,8604,17418,16951,0,False
PO10317,CA091,CR0653,2025-09-28,youtube,long_form,2860,7890,11817,13275,0,False
PO10318,CA091,CR0699,2025-09-28,youtube,short,638,3130,5488,6554,0,False
PO10319,CA091,CR0892,2025-09-28,youtube,short,161,520,895,895,0,False
PO10320,CA091,CR1126,2025-09-28,youtube,short,150,487,691,811,0,False
PO10321,CA091,CR0888,2025-09-28,youtube,long_form,59399,120244,260628,278791,15200,False
PO10322,CA091,CR0216,2025-09-28,youtube,short,547,2722,12052,14753,0,True
PO10323,CA091,CR1154,2025-09-28,youtube,reel,2846,7919,11940,14389,0,False
PO10324,CA091,CR0322,2025-09-28,youtube,short,682,3966,6041,6216,0,False
PO10325,CA091,CR0575,2025-09-28,youtube,carousel,13060,44653,57033,69773,1500,False
PO10326,CA091,CR0883,2025-09-28,youtube,short,12426,34826,48842,50883,1500,False
PO10327,CA091,CR1062,2025-09-28,youtube,short,1781,7102,10554,12818,0,False
PO10328,CA091,CR1015,2025-09-28,youtube,reel,2484,5444,14780,14998,0,False
PO10329,CA091,CR0288,2025-09-28,youtube,short,1989,4766,7520,9346,0,False
PO10330,CA091,CR0306,2025-09-28,youtube,short,499,1913,12691,13699,0,True
PO10331,CA092,CR0593,2025-10-01,instagram,reel,23390,59617,98989,112773,7900,False
PO10332,CA092,CR1007,2025-10-01,instagram,reel,412,1630,2815,2845,0,False
PO10333,CA092,CR0400,2025-10-01,instagram,short,547,2374,3928,4231,0,False
PO10334,CA092,CR0374,2025-10-01,instagram,reel,896,1353,3634,3759,0,False
PO10335,CA092,CR0620,2025-10-01,instagram,short,16188,42907,53864,65869,3150,False
PO10336,CA092,CR0733,2025-10-01,instagram,reel,1164,4339,6963,7087,0,False
PO10337,CA092,CR0441,2025-10-01,instagram,reel,133,193,428,487,0,False
PO10338,CA092,CR0700,2025-10-01,instagram,reel,4694,9815,21077,24756,800,False
PO10339,CA092,CR0556,2025-10-01,instagram,short,1248,3691,4711,5832,0,False
PO10340,CA092,CR0077,2025-10-01,instagram,reel,5069,14831,27016,32881,800,False
PO10341,CA092,CR0911,2025-10-01,instagram,reel,170151,390049,731749,856020,27600,False
PO10342,CA092,CR0515,2025-10-01,instagram,short,149,526,656,772,0,False
PO10343,CA092,CR0213,2025-10-01,instagram,reel,5335,16706,38047,42233,3150,False
PO10344,CA092,CR0201,2025-10-01,instagram,short,4709,9124,22073,22476,800,False
PO10345,CA092,CR1145,2025-10-01,instagram,short,2797,8328,17486,21006,800,False
PO10346,CA092,CR0422,2025-10-01,instagram,long_form,406,802,1467,1681,0,False
PO10347,CA092,CR0916,2025-10-01,instagram,reel,586,1317,2251,2407,0,False
PO10348,CA092,CR0981,2025-10-01,instagram,reel,11876,33889,62397,72738,3150,False
PO10349,CA092,CR0762,2025-10-01,instagram,reel,116,577,1021,1036,0,False
PO10350,CA092,CR0839,2025-10-01,instagram,reel,452,2393,4638,5134,0,False
PO10351,CA092,CR0282,2025-10-01,instagram,short,2409,4575,8598,9458,800,False
PO10352,CA092,CR0007,2025-10-01,instagram,reel,6709,16229,22410,25193,800,False
PO10353,CA092,CR0215,2025-10-01,instagram,reel,205,729,1407,1429,0,False
PO10354,CA092,CR0330,2025-10-01,instagram,short,941,3476,5432,6654,0,False
PO10355,CA092,CR0136,2025-10-01,instagram,reel,661,1415,2024,2501,0,False
PO10356,CA092,CR0312,2025-10-01,instagram,short,1349,2843,5378,5967,0,False
PO10357,CA092,CR1054,2025-10-01,instagram,short,294,742,1073,1256,0,False
PO10358,CA092,CR0673,2025-10-01,instagram,reel,268,745,1618,1886,0,False
PO10359,CA092,CR0377,2025-10-01,instagram,reel,787,2142,5093,5483,0,False
PO10360,CA092,CR0599,2025-10-01,instagram,long_form,13368,45741,81450,85351,3150,False
PO10361,CA092,CR0880,2025-10-01,instagram,reel,100,440,2032,2228,0,True
PO10362,CA092,CR0536,2025-10-01,instagram,reel,3569,8375,12730,13376,800,False
PO10363,CA092,CR1164,2025-10-01,instagram,short,1795,13517,20403,22165,800,False
PO10364,CA092,CR0443,2025-10-01,instagram,long_form,283,898,1100,1341,0,False
PO10365,CA092,CR1065,2025-10-01,instagram,reel,6328,12381,33731,32862,800,False
PO10366,CA092,CR0633,2025-10-01,instagram,reel,2011,7331,10809,11477,800,False
PO10367,CA092,CR0339,2025-10-01,instagram,carousel,386,812,1352,1474,0,False
PO10368,CA092,CR0487,2025-10-01,instagram,reel,139,457,832,964,0,False
PO10369,CA092,CR0490,2025-10-01,instagram,reel,13299,84417,112980,128496,7900,False
PO10370,CA092,CR0016,2025-10-01,instagram,reel,2944,6418,10363,12114,800,False
PO10371,CA092,CR0872,2025-10-01,instagram,carousel,1170,4607,9322,9717,800,False
PO10372,CA092,CR0874,2025-10-01,instagram,reel,9937,18830,37265,37010,3150,False
PO10373,CA092,CR1165,2025-10-01,instagram,reel,15525,71192,117493,119989,7900,False
PO10374,CA092,CR0641,2025-10-01,instagram,short,2228,5071,8563,8563,0,False
PO10375,CA092,CR0931,2025-10-01,instagram,short,1233,5464,10721,11433,800,False
PO10376,CA092,CR0353,2025-10-01,instagram,reel,23059,55942,75444,87504,3150,False
PO10377,CA092,CR0627,2025-10-01,instagram,reel,470,1214,3084,3400,0,False
PO10378,CA092,CR0469,2025-10-01,instagram,short,938,7637,10245,10998,800,False
PO10379,CA092,CR0928,2025-10-01,instagram,short,1183,3906,7031,7951,0,False
PO10380,CA092,CR0061,2025-10-01,instagram,reel,459,2085,3101,3420,0,False
PO10381,CA092,CR0589,2025-10-01,instagram,carousel,100,271,606,706,0,False
PO10382,CA092,CR1125,2025-10-01,instagram,long_form,3047,23820,37250,37390,3150,False
PO10383,CA092,CR1013,2025-10-01,instagram,reel,1467,4082,9714,9501,800,False
PO10384,CA092,CR1129,2025-10-01,instagram,short,581,1723,3380,3539,0,False
PO10385,CA092,CR0300,2025-10-01,instagram,reel,573,1128,2778,2803,0,False
PO10386,CA092,CR0685,2025-10-01,instagram,short,671,980,2612,2553,0,False
PO10387,CA092,CR0528,2025-10-01,instagram,short,1055,2179,4140,4379,0,False
PO10388,CA092,CR1052,2025-10-01,instagram,reel,3051,4827,9935,10994,800,False
PO10389,CA092,CR0794,2025-10-01,instagram,short,2765,4665,11704,11847,800,False
PO10390,CA092,CR0713,2025-10-01,instagram,long_form,1704,10639,51746,56956,3150,True
PO10391,CA092,CR0918,2025-10-01,instagram,short,5994,30252,49499,50142,3150,False
PO10392,CA092,CR0907,2025-10-01,instagram,reel,258,645,1187,1216,0,False
PO10393,CA092,CR0978,2025-10-01,instagram,reel,672,1441,2532,2535,0,False
PO10394,CA092,CR0533,2025-10-01,instagram,reel,1826,3820,6598,8216,0,False
PO10395,CA092,CR0642,2025-10-01,instagram,reel,258459,733646,1022343,1048156,27600,False
PO10396,CA092,CR0825,2025-10-01,instagram,reel,2702,5171,8691,10438,800,False
PO10397,CA092,CR0231,2025-10-01,instagram,short,2674,6482,10650,12838,800,False
PO10398,CA092,CR0945,2025-10-01,instagram,reel,100,181,900,1188,0,True
PO10399,CA092,CR1193,2025-10-01,instagram,short,28739,102857,142613,167550,7900,False
PO10400,CA092,CR0828,2025-10-01,instagram,reel,1812,5367,11285,12869,800,False
PO10401,CA092,CR1188,2025-10-01,instagram,reel,871,2580,3909,3851,0,False
PO10402,CA092,CR0430,2025-10-01,instagram,short,836,1869,2843,3047,0,False
PO10403,CA092,CR0046,2025-10-01,instagram,reel,755,3201,5824,6530,0,False
PO10404,CA092,CR0031,2025-10-01,instagram,reel,223,887,6635,7643,0,True
PO10405,CA092,CR0814,2025-10-01,instagram,reel,531,1275,2235,2230,0,False
PO10406,CA092,CR0104,2025-10-01,instagram,short,1423,4835,6710,7305,0,False
PO10407,CA092,CR0544,2025-10-01,instagram,reel,261,604,1195,1365,0,False
PO10408,CA092,CR0174,2025-10-01,instagram,carousel,105,244,343,386,0,False
PO10409,CA092,CR0761,2025-10-01,instagram,reel,26206,115510,170134,182471,7900,False
PO10410,CA092,CR0553,2025-10-01,instagram,short,2473,7615,15613,16167,800,False
PO10411,CA092,CR1148,2025-10-01,instagram,reel,1234,3299,4312,5157,0,False
PO10412,CA093,CR1055,2025-10-04,instagram,short,1021,4000,5983,6681,0,False
PO10413,CA093,CR0605,2025-10-04,instagram,reel,3045,15212,30542,33998,650,False
PO10414,CA093,CR0423,2025-10-04,instagram,reel,4392,12848,88484,98195,2650,True
PO10415,CA093,CR0950,2025-10-04,instagram,short,2047,11663,19387,21283,650,False
PO10416,CA093,CR0381,2025-10-04,instagram,long_form,59490,261705,346134,424611,23350,False
PO10417,CA093,CR1074,2025-10-04,instagram,long_form,2749,10494,12493,15576,650,False
PO10418,CA093,CR0711,2025-10-04,instagram,carousel,132,214,402,478,0,False
PO10419,CA093,CR0482,2025-10-04,instagram,reel,202,857,1436,1445,0,False
PO10420,CA093,CR0221,2025-10-04,instagram,reel,5867,15794,24119,25986,650,False
PO10421,CA093,CR0497,2025-10-04,instagram,reel,1810,10066,17538,18665,650,False
PO10422,CA093,CR0420,2025-10-04,instagram,long_form,1143,3389,4936,5888,0,False
PO10423,CA093,CR0829,2025-10-04,instagram,long_form,3281,8828,18736,18199,650,False
PO10424,CA093,CR1176,2025-10-04,instagram,carousel,1059,2676,5909,6043,0,False
PO10425,CA093,CR0386,2025-10-04,instagram,reel,240,1896,15022,17934,650,True
PO10426,CA093,CR0799,2025-10-04,instagram,long_form,1370,8620,16297,15876,650,False
PO10427,CA093,CR0276,2025-10-04,instagram,reel,1926,14358,86800,94045,2650,True
PO10428,CA093,CR0565,2025-10-04,instagram,long_form,2218,5659,11738,11905,650,False
PO10429,CA093,CR0135,2025-10-04,instagram,reel,1628,5941,9760,11922,650,False
PO10430,CA093,CR0018,2025-10-04,instagram,reel,8307,18074,31072,33603,650,False
PO10431,CA093,CR0607,2025-10-04,instagram,carousel,52311,131682,227766,250510,6700,False
PO10432,CA093,CR0956,2025-10-04,instagram,long_form,12012,38756,88462,103222,2650,False
PO10433,CA093,CR0203,2025-10-04,instagram,carousel,11819,29817,56850,57127,2650,False
PO10434,CA093,CR0608,2025-10-04,instagram,reel,1738,4006,6576,7244,0,False
PO10435,CA093,CR0180,2025-10-04,instagram,short,263877,551294,951417,1002208,23350,False
PO10436,CA093,CR0545,2025-10-04,instagram,short,6116,31999,60977,69359,2650,False
PO10437,CA093,CR0932,2025-10-04,instagram,carousel,664,1758,3729,4618,0,False
PO10438,CA093,CR0071,2025-10-04,instagram,reel,42365,68427,151743,152978,6700,False
PO10439,CA093,CR0265,2025-10-04,instagram,long_form,6018,18574,24939,27047,650,False
PO10440,CA093,CR0083,2025-10-04,instagram,reel,5210,16676,33736,39738,650,False
PO10441,CA093,CR0363,2025-10-04,instagram,short,1528,9180,15547,15552,650,False
PO10442,CA093,CR0691,2025-10-04,instagram,long_form,6109,14196,22507,22549,650,False
PO10443,CA093,CR0115,2025-10-04,instagram,carousel,2319,6090,7989,9703,0,False
PO10444,CA093,CR0890,2025-10-04,instagram,long_form,3742,22775,41574,40506,650,False
PO10445,CA093,CR0319,2025-10-04,instagram,short,131,408,664,675,0,False
PO10446,CA093,CR0899,2025-10-04,instagram,short,4735,12188,19239,22387,650,False
PO10447,CA093,CR0151,2025-10-04,instagram,carousel,7962,15984,40101,39544,650,False
PO10448,CA093,CR0824,2025-10-04,instagram,short,3617,10506,13527,15444,650,False
PO10449,CA093,CR0186,2025-10-04,instagram,long_form,13075,27938,40787,50423,2650,False
PO10450,CA093,CR0905,2025-10-04,instagram,reel,29958,147346,200200,233676,6700,False
PO10451,CA093,CR0483,2025-10-04,instagram,reel,2227,15166,22596,27741,650,False
PO10452,CA093,CR0582,2025-10-04,instagram,long_form,8071,14684,29178,35394,650,False
PO10453,CA093,CR0505,2025-10-04,instagram,reel,716,3528,4318,5282,0,False
PO10454,CA093,CR0169,2025-10-04,instagram,reel,17913,36517,70935,72623,2650,False
PO10455,CA093,CR0572,2025-10-04,instagram,long_form,1325,9972,16829,16478,650,False
PO10456,CA093,CR0527,2025-10-04,instagram,reel,5825,15701,27223,27410,650,False
PO10457,CA093,CR0167,2025-10-04,instagram,carousel,289,830,6107,7170,0,True
PO10458,CA093,CR0649,2025-10-04,instagram,reel,2411,9509,11244,13745,650,False
PO10459,CA093,CR0964,2025-10-04,instagram,long_form,11239,28559,74800,80903,2650,False
PO10460,CA093,CR0567,2025-10-04,instagram,carousel,1939,5839,10664,12864,650,False
PO10461,CA093,CR0147,2025-10-04,instagram,reel,100,100,100,100,0,False
PO10462,CA093,CR1097,2025-10-04,instagram,reel,12610,31461,40495,49445,2650,False
PO10463,CA093,CR1146,2025-10-04,instagram,short,5975,22937,33556,34634,650,False
PO10464,CA093,CR0941,2025-10-04,instagram,reel,2852,12437,20739,22401,650,False
PO10465,CA093,CR0340,2025-10-04,instagram,short,8294,26689,35441,41050,650,False
PO10466,CA093,CR0682,2025-10-04,instagram,reel,435,1654,2270,2451,0,False
PO10467,CA093,CR0118,2025-10-04,instagram,short,7370,13881,27035,27060,650,False
PO10468,CA093,CR0057,2025-10-04,instagram,reel,26303,40044,99557,105202,2650,False
PO10469,CA093,CR0878,2025-10-04,instagram,reel,2586,12807,23149,23823,650,False
PO10470,CA093,CR1100,2025-10-04,instagram,reel,4316,13160,24267,26145,650,False
PO10471,CA093,CR0243,2025-10-04,instagram,carousel,3574,7219,11549,14375,650,False
PO10472,CA093,CR0307,2025-10-04,instagram,reel,69757,120420,312116,327040,6700,False
PO10473,CA093,CR0161,2025-10-04,instagram,reel,100,171,1014,1148,0,True
PO10474,CA093,CR0038,2025-10-04,instagram,reel,2096,7155,19021,18803,650,False
PO10475,CA093,CR0578,2025-10-04,instagram,reel,46124,126927,304912,300820,6700,False
PO10476,CA093,CR0189,2025-10-04,instagram,long_form,8012,41339,71371,79749,2650,False
PO10477,CA093,CR0287,2025-10-04,instagram,reel,3829,7491,16741,19737,650,False
PO10478,CA093,CR0313,2025-10-04,instagram,reel,6816,19394,32497,35230,650,False
PO10479,CA093,CR0267,2025-10-04,instagram,reel,17355,32253,58115,68532,2650,False
PO10480,CA093,CR0510,2025-10-04,instagram,reel,1411,2132,4133,5095,0,False
PO10481,CA093,CR0793,2025-10-04,instagram,reel,3936,11438,17235,18294,650,False
PO10482,CA093,CR0900,2025-10-04,instagram,carousel,1723,3396,5322,6229,0,False
PO10483,CA093,CR0397,2025-10-04,instagram,carousel,100,183,262,268,0,False
PO10484,CA093,CR1103,2025-10-04,instagram,short,11505,24963,44097,45856,650,False
PO10485,CA093,CR0193,2025-10-04,instagram,carousel,1513,24948,109852,144694,6700,True
PO10486,CA093,CR0570,2025-10-04,instagram,long_form,4796,9512,15181,18049,650,False
PO10487,CA093,CR0452,2025-10-04,instagram,reel,2117,4015,9877,11017,0,False
PO10488,CA093,CR1152,2025-10-04,instagram,short,1285,6654,12167,15057,650,False
PO10489,CA093,CR0148,2025-10-04,instagram,reel,5129,9238,17182,20299,650,False
PO10490,CA093,CR1187,2025-10-04,instagram,reel,635,1963,3728,4559,0,False
PO10491,CA093,CR1004,2025-10-04,instagram,carousel,315,1287,1895,2368,0,False
PO10492,CA093,CR0049,2025-10-04,instagram,reel,37483,69397,130603,136555,6700,False
PO10493,CA093,CR0316,2025-10-04,instagram,short,3926,17369,29039,29104,650,False
PO10494,CA093,CR0015,2025-10-04,instagram,long_form,6426,18577,38128,37147,650,False
PO10495,CA093,CR0842,2025-10-04,instagram,reel,17447,124458,180784,187823,6700,False
PO10496,CA093,CR0370,2025-10-04,instagram,reel,10522,69430,92559,100973,2650,False
PO10497,CA093,CR0338,2025-10-04,instagram,reel,7117,16618,35893,35808,650,False
PO10498,CA093,CR0406,2025-10-04,instagram,long_form,1287,5074,6524,7388,0,False
PO10499,CA093,CR0387,2025-10-04,instagram,reel,18643,80543,175246,195879,6700,False
PO10500,CA093,CR0064,2025-10-04,instagram,short,11036,27806,38698,43472,650,False
PO10501,CA093,CR0310,2025-10-04,instagram,reel,43462,161584,260548,288632,6700,False
PO10502,CA093,CR0717,2025-10-04,instagram,short,46531,116419,164505,171382,6700,False
PO10503,CA093,CR0053,2025-10-04,instagram,carousel,12087,38737,52868,55614,2650,False
PO10504,CA093,CR1104,2025-10-04,instagram,long_form,113,1792,8577,10574,0,True
PO10505,CA093,CR0679,2025-10-04,instagram,reel,2873,7759,17532,17153,650,False
PO10506,CA093,CR0005,2025-10-04,instagram,carousel,10531,56317,93464,101004,2650,False
PO10507,CA093,CR0130,2025-10-04,instagram,reel,2506,8703,11621,14412,650,False
PO10508,CA093,CR0495,2025-10-04,instagram,long_form,2307,5874,8353,8591,0,False
PO10509,CA093,CR0500,2025-10-04,instagram,short,3218,8445,18250,18090,650,False
PO10510,CA093,CR0994,2025-10-04,instagram,reel,32533,201463,337553,365040,6700,False
PO10511,CA093,CR0280,2025-10-04,instagram,reel,40443,88371,213421,239698,6700,False
PO10512,CA093,CR0044,2025-10-04,instagram,reel,1247,4313,11317,11063,0,False
PO10513,CA093,CR0170,2025-10-04,instagram,reel,1544,6294,13352,13741,650,False
PO10514,CA093,CR0943,2025-10-04,instagram,reel,950,3898,23244,29705,650,True
PO10515,CA093,CR0240,2025-10-04,instagram,reel,2427,10338,14721,15756,650,False
PO10516,CA093,CR0274,2025-10-04,instagram,long_form,33950,105413,259049,275212,6700,False
PO10517,CA093,CR0489,2025-10-04,instagram,reel,947,2748,4169,4552,0,False
PO10518,CA093,CR0138,2025-10-04,instagram,reel,1447,4097,9622,10325,0,False
PO10519,CA093,CR0726,2025-10-04,instagram,reel,26882,91211,113418,133477,6700,False
PO10520,CA093,CR0529,2025-10-04,instagram,reel,90005,270991,485883,522428,23350,False
PO10521,CA093,CR0928,2025-10-04,instagram,short,23677,64546,91696,104303,2650,False
PO10522,CA093,CR0020,2025-10-04,instagram,short,3738,12372,16398,19852,650,False
PO10523,CA093,CR0157,2025-10-04,instagram,short,992,3908,6146,6830,0,False
PO10524,CA093,CR0514,2025-10-04,instagram,long_form,73749,375965,699619,750626,23350,False
PO10525,CA093,CR0563,2025-10-04,instagram,short,2235,8476,11672,13168,650,False
PO10526,CA093,CR0036,2025-10-04,instagram,short,4134,8161,19506,19826,650,False
PO10527,CA093,CR0511,2025-10-04,instagram,reel,487,2151,3476,3758,0,False
PO10528,CA093,CR0686,2025-10-04,instagram,short,164,297,632,661,0,False
PO10529,CA093,CR1125,2025-10-04,instagram,short,26649,100115,258980,258023,6700,False
PO10530,CA093,CR0493,2025-10-04,instagram,short,3358,5875,14482,16473,650,False
PO10531,CA093,CR1008,2025-10-04,instagram,short,9922,34670,55458,57180,2650,False
PO10532,CA093,CR0362,2025-10-04,instagram,short,2306,12726,17821,20654,650,False
PO10533,CA093,CR0792,2025-10-04,instagram,reel,1565,3726,7321,8299,0,False
PO10534,CA093,CR0001,2025-10-04,instagram,carousel,2187,7846,14140,14286,650,False
PO10535,CA093,CR0969,2025-10-04,instagram,long_form,8726,29561,36660,44794,650,False
PO10536,CA093,CR0219,2025-10-04,instagram,carousel,2327,7900,9730,11500,0,False
PO10537,CA093,CR0501,2025-10-04,instagram,carousel,3268,23596,31841,39455,650,False
PO10538,CA093,CR1010,2025-10-04,instagram,reel,1745,7980,37407,41914,650,True
PO10539,CA093,CR0845,2025-10-04,instagram,reel,782,1694,3145,3112,0,False
PO10540,CA093,CR0431,2025-10-04,instagram,long_form,5228,9726,19904,20349,650,False
PO10541,CA093,CR1068,2025-10-04,instagram,reel,156,675,973,1025,0,False
PO10542,CA093,CR0927,2025-10-04,instagram,reel,362,1775,2585,2816,0,False
PO10543,CA093,CR0391,2025-10-04,instagram,reel,8154,62915,77588,93569,2650,False
PO10544,CA093,CR0473,2025-10-04,instagram,reel,8016,51296,80572,83814,2650,False
PO10545,CA093,CR0415,2025-10-04,instagram,reel,27689,68568,96450,101319,2650,False
PO10546,CA093,CR0601,2025-10-04,instagram,reel,102,387,760,843,0,False
PO10547,CA093,CR0155,2025-10-04,instagram,short,4696,12396,16630,18014,650,False
PO10548,CA093,CR0227,2025-10-04,instagram,short,2540,4046,9727,10024,0,False
PO10549,CA093,CR0305,2025-10-04,instagram,reel,9557,19280,37189,37603,650,False
PO10550,CA093,CR1042,2025-10-04,instagram,short,385,2580,4036,4783,0,False
PO10551,CA093,CR0588,2025-10-04,instagram,short,103598,154869,328884,386870,6700,False
PO10552,CA093,CR0192,2025-10-04,instagram,short,2893,5651,11911,13348,650,False
PO10553,CA093,CR0443,2025-10-04,instagram,long_form,5659,12911,20557,20919,650,False
PO10554,CA093,CR0603,2025-10-04,instagram,reel,4143,14525,21326,24505,650,False
PO10555,CA093,CR0146,2025-10-04,instagram,reel,7383,16662,31922,38257,650,False
PO10556,CA093,CR0810,2025-10-04,instagram,reel,1111,4473,7577,8116,0,False
PO10557,CA093,CR0412,2025-10-04,instagram,reel,4298,15610,21478,22908,650,False
PO10558,CA093,CR0513,2025-10-04,instagram,reel,33455,155590,687216,876495,23350,True
PO10559,CA093,CR0998,2025-10-04,instagram,reel,61066,229017,456888,449098,23350,False
PO10560,CA093,CR0034,2025-10-04,instagram,reel,7453,21873,29062,32302,650,False
PO10561,CA093,CR0361,2025-10-04,instagram,long_form,1071,7353,10520,10668,0,False
PO10562,CA093,CR0850,2025-10-04,instagram,short,9640,33445,61834,65471,2650,False
PO10563,CA093,CR0537,2025-10-04,instagram,reel,4558,10212,16858,16405,650,False
PO10564,CA093,CR1180,2025-10-04,instagram,reel,36278,88893,156396,187695,6700,False
PO10565,CA093,CR0137,2025-10-04,instagram,reel,732,1389,2732,3162,0,False
PO10566,CA093,CR0740,2025-10-04,instagram,reel,146,377,737,793,0,False
PO10567,CA093,CR0553,2025-10-04,instagram,reel,421,1464,3260,3188,0,False
PO10568,CA093,CR1066,2025-10-04,instagram,reel,13245,32775,39436,47460,2650,False
PO10569,CA093,CR1196,2025-10-04,instagram,short,2638,7678,13160,14910,650,False
PO10570,CA093,CR0692,2025-10-04,instagram,short,11006,37455,57022,55768,2650,False
PO10571,CA093,CR0621,2025-10-04,instagram,reel,1046,2350,4717,5233,0,False
PO10572,CA093,CR0238,2025-10-04,instagram,reel,105742,397410,733031,733037,23350,False
PO10573,CA093,CR0252,2025-10-04,instagram,long_form,2336,9376,18964,21711,650,False
PO10574,CA093,CR0106,2025-10-04,instagram,short,11514,26515,63515,74031,2650,False
PO10575,CA093,CR1197,2025-10-04,instagram,reel,4521,15601,28461,28527,650,False
PO10576,CA093,CR1155,2025-10-04,instagram,short,828,4092,5727,5975,0,False
PO10577,CA093,CR0822,2025-10-04,instagram,short,799,7601,44531,51094,2650,True
PO10578,CA093,CR0249,2025-10-04,instagram,reel,2681,11021,17629,18740,650,False
PO10579,CA093,CR0471,2025-10-04,instagram,reel,653,1187,2348,2431,0,False
PO10580,CA093,CR0662,2025-10-04,instagram,reel,146,248,485,538,0,False
PO10581,CA093,CR0207,2025-10-04,instagram,reel,833,4543,7665,8015,0,False
PO10582,CA093,CR1099,2025-10-04,instagram,reel,20849,69624,101120,110726,2650,False
PO10583,CA093,CR0614,2025-10-04,instagram,reel,9669,20989,42976,46422,2650,False
PO10584,CA093,CR0341,2025-10-04,instagram,long_form,11956,18965,44587,52604,2650,False
PO10585,CA093,CR0273,2025-10-04,instagram,reel,24286,124056,198442,223831,6700,False
PO10586,CA093,CR0070,2025-10-04,instagram,reel,1440,3197,5186,5295,0,False
PO10587,CA093,CR0856,2025-10-04,instagram,long_form,6629,13137,20063,24171,650,False
PO10588,CA093,CR0597,2025-10-04,instagram,carousel,1633,3751,7088,7924,0,False
PO10589,CA093,CR0002,2025-10-04,instagram,reel,4186,15399,30616,30922,650,False
PO10590,CA093,CR0259,2025-10-04,instagram,reel,4293,18437,25199,26621,650,False
PO10591,CA093,CR0815,2025-10-04,instagram,carousel,1486,8906,11673,13300,650,False
PO10592,CA093,CR0027,2025-10-04,instagram,reel,6980,24817,42793,51324,2650,False
PO10593,CA093,CR1157,2025-10-04,instagram,reel,2551,10317,60725,71052,2650,True
PO10594,CA094,CR1153,2025-10-07,instagram,reel,109,372,610,682,0,False
PO10595,CA094,CR0304,2025-10-07,instagram,reel,440,934,8475,10381,600,True
PO10596,CA094,CR0914,2025-10-07,instagram,reel,8378,27416,40668,46899,2350,False
PO10597,CA094,CR1143,2025-10-07,instagram,reel,2173,5182,7433,7781,0,False
PO10598,CA094,CR0574,2025-10-07,instagram,short,7148,18215,38642,38444,2350,False
PO10599,CA094,CR1129,2025-10-07,instagram,short,1844,4282,8709,9484,600,False
PO10600,CA094,CR0834,2025-10-07,instagram,reel,496,2153,3388,4165,0,False
PO10601,CA094,CR0735,2025-10-07,instagram,reel,1046,3745,6980,6923,0,False
PO10602,CA094,CR0472,2025-10-07,instagram,reel,657,1684,2194,2421,0,False
PO10603,CA094,CR1052,2025-10-07,instagram,reel,284,704,1306,1490,0,False
PO10604,CA094,CR0224,2025-10-07,instagram,reel,647,1439,2271,2645,0,False
PO10605,CA094,CR0776,2025-10-07,instagram,short,1484,10775,15325,16492,600,False
PO10606,CA094,CR0301,2025-10-07,instagram,reel,247,1261,1910,1873,0,False
PO10607,CA094,CR0248,2025-10-07,instagram,short,206,831,2319,2266,0,False
PO10608,CA094,CR0214,2025-10-07,instagram,reel,1239,3382,4578,5321,0,False
PO10609,CA094,CR0998,2025-10-07,instagram,reel,8850,143551,678951,807124,20550,True
PO10610,CA094,CR0282,2025-10-07,instagram,short,264,1235,3172,3131,0,False
PO10611,CA094,CR0841,2025-10-07,instagram,long_form,3540,6874,12556,15624,600,False
PO10612,CA094,CR0636,2025-10-07,instagram,short,326,1573,2446,2870,0,False
PO10613,CA094,CR1022,2025-10-07,instagram,short,2422,9057,15567,16948,600,False
PO10614,CA094,CR0761,2025-10-07,instagram,reel,37259,155047,232688,289370,5850,False
PO10615,CA094,CR0360,2025-10-07,instagram,reel,2268,5717,8410,10039,600,False
PO10616,CA094,CR0471,2025-10-07,instagram,reel,100,231,307,332,0,False
PO10617,CA094,CR0727,2025-10-07,instagram,carousel,3788,5867,14703,14320,600,False
PO10618,CA094,CR0546,2025-10-07,instagram,reel,398,2311,3878,4135,0,False
PO10619,CA094,CR0865,2025-10-07,instagram,reel,100,170,1306,1547,0,True
PO10620,CA094,CR0895,2025-10-07,instagram,short,939,2161,4550,4550,0,False
PO10621,CA094,CR0828,2025-10-07,instagram,reel,305,1375,2357,2921,0,False
PO10622,CA094,CR0988,2025-10-07,instagram,reel,505,1420,2637,2832,0,False
PO10623,CA094,CR1045,2025-10-07,instagram,reel,100,487,740,896,0,False
PO10624,CA094,CR0061,2025-10-07,instagram,short,108,854,5526,6193,0,True
PO10625,CA094,CR1176,2025-10-07,instagram,reel,801,2249,3271,3336,0,False
PO10626,CA094,CR0110,2025-10-07,instagram,reel,1111,2434,3693,4003,0,False
PO10627,CA094,CR0024,2025-10-07,instagram,short,2123,3744,6960,7908,0,False
PO10628,CA094,CR0400,2025-10-07,instagram,reel,551,1976,4186,4833,0,False
PO10629,CA094,CR0627,2025-10-07,instagram,reel,1623,3076,5767,6376,0,False
PO10630,CA094,CR0930,2025-10-07,instagram,carousel,360,1139,2035,1990,0,False
PO10631,CA094,CR0681,2025-10-07,instagram,reel,2104,5090,10351,12330,600,False
PO10632,CA094,CR0729,2025-10-07,instagram,reel,100,100,100,100,0,False
PO10633,CA094,CR0606,2025-10-07,instagram,reel,2353,7752,11825,13440,600,False
PO10634,CA094,CR1188,2025-10-07,instagram,reel,401,1763,7028,9011,600,True
PO10635,CA094,CR0084,2025-10-07,instagram,reel,307,974,1507,1511,0,False
PO10636,CA094,CR0336,2025-10-07,instagram,long_form,269,742,1565,1797,0,False
PO10637,CA094,CR0760,2025-10-07,instagram,reel,181,725,921,1134,0,False
PO10638,CA094,CR0593,2025-10-07,instagram,long_form,5847,14411,23742,28782,600,False
PO10639,CA094,CR0484,2025-10-07,instagram,carousel,100,100,100,100,0,False
PO10640,CA094,CR0038,2025-10-07,instagram,long_form,197,719,1082,1246,0,False
PO10641,CA094,CR0464,2025-10-07,instagram,short,100,114,171,188,0,False
PO10642,CA094,CR0167,2025-10-07,instagram,reel,452,654,1685,1777,0,False
PO10643,CA094,CR0645,2025-10-07,instagram,reel,1508,5182,10644,10958,600,False
PO10644,CA095,CR0366,2025-10-10,youtube,long_form,269103,413809,1005931,1092012,8600,False
PO10645,CA095,CR0728,2025-10-10,youtube,short,273,1415,2848,2814,0,False
PO10646,CA095,CR0893,2025-10-10,youtube,reel,871,2131,3051,3397,0,False
PO10647,CA095,CR0577,2025-10-10,youtube,short,287,980,1482,1592,0,False
PO10648,CA095,CR0894,2025-10-10,youtube,short,3250,6905,17638,17930,250,False
PO10649,CA095,CR1098,2025-10-10,youtube,short,34961,108419,284341,294393,8600,False
PO10650,CA095,CR0581,2025-10-10,youtube,short,3073,12476,20173,21744,250,False
PO10651,CA095,CR1083,2025-10-10,youtube,short,3988,16921,77542,102609,2450,True
PO10652,CA095,CR0754,2025-10-10,youtube,long_form,100,317,415,495,0,False
PO10653,CA095,CR0308,2025-10-10,youtube,long_form,23806,60223,88994,94059,2450,False
PO10654,CA095,CR0772,2025-10-10,youtube,short,117,571,1182,1165,0,False
PO10655,CA095,CR0879,2025-10-10,youtube,long_form,196,1253,1865,2126,0,False
PO10656,CA095,CR0902,2025-10-10,youtube,short,1474,3692,4525,5393,0,False
PO10657,CA095,CR0674,2025-10-10,youtube,carousel,150,933,1592,1815,0,False
PO10658,CA095,CR0045,2025-10-10,youtube,short,148,380,659,720,0,False
PO10659,CA095,CR0706,2025-10-10,youtube,long_form,138,607,843,971,0,False
PO10660,CA095,CR0827,2025-10-10,youtube,short,1236,2246,5094,5408,0,False
PO10661,CA095,CR0129,2025-10-10,youtube,short,100,302,572,687,0,False
PO10662,CA095,CR0437,2025-10-10,youtube,carousel,100,100,100,100,0,False
PO10663,CA095,CR1015,2025-10-10,youtube,short,12720,51582,73907,77000,2450,False
PO10664,CA095,CR1151,2025-10-10,youtube,long_form,17888,77236,105593,120014,2450,False
PO10665,CA095,CR0947,2025-10-10,youtube,short,458,1731,2290,2634,0,False
PO10666,CA095,CR0863,2025-10-10,youtube,short,100,162,370,426,0,False
PO10667,CA095,CR0892,2025-10-10,youtube,short,100,100,107,127,0,False
PO10668,CA095,CR0746,2025-10-10,youtube,short,152,285,616,621,0,False
PO10669,CA095,CR0683,2025-10-10,youtube,short,139,402,964,1069,0,False
PO10670,CA095,CR1063,2025-10-10,youtube,short,118,724,1040,1142,0,False
PO10671,CA095,CR0782,2025-10-10,youtube,reel,1832,6723,10926,12764,250,False
PO10672,CA095,CR0402,2025-10-10,youtube,short,100,150,241,296,0,False
PO10673,CA095,CR0074,2025-10-10,youtube,short,751,3032,4421,5014,0,False
PO10674,CA095,CR0343,2025-10-10,youtube,long_form,944,5137,7592,7603,250,False
PO10675,CA095,CR0012,2025-10-10,youtube,reel,1126,2768,5069,4933,0,False
PO10676,CA095,CR0073,2025-10-10,youtube,short,2846,7185,14270,15815,250,False
PO10677,CA095,CR1135,2025-10-10,youtube,carousel,537,3120,4536,5270,0,False
PO10678,CA095,CR0575,2025-10-10,youtube,carousel,16820,36871,54806,60103,1000,False
PO10679,CA095,CR0270,2025-10-10,youtube,short,1673,4463,9271,9463,250,False
PO10680,CA095,CR0965,2025-10-10,youtube,short,132,260,2611,3039,0,True
PO10681,CA095,CR0012,2025-10-10,youtube,short,100,304,699,710,0,False
PO10682,CA095,CR0867,2025-10-10,youtube,short,228,1078,1608,1991,0,False
PO10683,CA095,CR0551,2025-10-10,youtube,short,100,116,252,279,0,False
PO10684,CA095,CR1046,2025-10-10,youtube,short,314,480,1026,1151,0,False
PO10685,CA095,CR0765,2025-10-10,youtube,reel,150,482,961,994,0,False
PO10686,CA095,CR0921,2025-10-10,youtube,long_form,329,918,1706,2045,0,False
PO10687,CA095,CR0196,2025-10-10,youtube,short,162,801,1075,1311,0,False
PO10688,CA095,CR0898,2025-10-10,youtube,short,910,4384,5465,6656,250,False
PO10689,CA095,CR0450,2025-10-10,youtube,long_form,5645,19057,45851,53204,1000,False
PO10690,CA095,CR0295,2025-10-10,youtube,short,32623,90917,179451,207589,2450,False
PO10691,CA095,CR0325,2025-10-10,youtube,long_form,330,1262,2286,2659,0,False
PO10692,CA095,CR0961,2025-10-10,youtube,long_form,793,1621,2921,3585,0,False
PO10693,CA095,CR1178,2025-10-10,youtube,short,1190,3722,7674,7595,250,False
PO10694,CA095,CR0742,2025-10-10,youtube,short,498,1032,1954,1994,0,False
PO10695,CA095,CR0640,2025-10-10,youtube,short,100,216,528,562,0,False
PO10696,CA095,CR0099,2025-10-10,youtube,long_form,154730,403304,578512,592151,8600,False
PO10697,CA095,CR1119,2025-10-10,youtube,short,1913,3221,5982,7161,250,False
PO10698,CA095,CR0408,2025-10-10,youtube,reel,100,100,145,147,0,False
PO10699,CA095,CR0166,2025-10-10,youtube,short,100,206,488,515,0,False
PO10700,CA095,CR1186,2025-10-10,youtube,reel,384,1351,2312,2583,0,False
PO10701,CA095,CR0395,2025-10-10,youtube,carousel,101,266,412,428,0,False
PO10702,CA095,CR1040,2025-10-10,youtube,short,1057,3653,4849,5854,0,False
PO10703,CA095,CR1177,2025-10-10,youtube,short,231,1124,1816,1915,0,False
PO10704,CA095,CR0939,2025-10-10,youtube,short,100,457,567,665,0,False
PO10705,CA095,CR0184,2025-10-10,youtube,short,897,1890,3582,3898,0,False
PO10706,CA095,CR1086,2025-10-10,youtube,long_form,1704,5295,12085,14462,250,False
PO10707,CA095,CR1160,2025-10-10,youtube,short,377,965,1411,1409,0,False
PO10708,CA095,CR0128,2025-10-10,youtube,short,774,1578,2755,2837,0,False
PO10709,CA095,CR0714,2025-10-10,youtube,reel,100,170,220,269,0,False
PO10710,CA095,CR1000,2025-10-10,youtube,reel,682,4572,5981,6749,250,False
PO10711,CA095,CR0917,2025-10-10,youtube,long_form,156,604,1436,1663,0,False
PO10712,CA095,CR0756,2025-10-10,youtube,short,244,686,1295,1449,0,False
PO10713,CA095,CR0912,2025-10-10,youtube,long_form,140,572,996,1034,0,False
PO10714,CA095,CR0190,2025-10-10,youtube,carousel,1417,3651,9832,10011,250,False
PO10715,CA095,CR0580,2025-10-10,youtube,short,120,313,791,788,0,False
PO10716,CA095,CR0097,2025-10-10,youtube,reel,386,1457,2737,2818,0,False
PO10717,CA095,CR0977,2025-10-10,youtube,short,100,246,524,548,0,False
PO10718,CA095,CR0522,2025-10-10,youtube,reel,472,1137,2357,2477,0,False
PO10719,CA095,CR0090,2025-10-10,youtube,long_form,1122,3278,5231,5679,0,False
PO10720,CA095,CR0478,2025-10-10,youtube,reel,1391,5083,6939,7639,250,False
PO10721,CA095,CR0124,2025-10-10,youtube,short,128,241,475,484,0,False
PO10722,CA095,CR0089,2025-10-10,youtube,short,100,173,274,273,0,False
PO10723,CA095,CR0697,2025-10-10,youtube,short,100,290,548,549,0,False
PO10724,CA095,CR0105,2025-10-10,youtube,long_form,100,456,872,985,0,False
PO10725,CA095,CR0912,2025-10-10,youtube,short,183,928,1335,1587,0,False
PO10726,CA095,CR1092,2025-10-10,youtube,short,100,479,907,1007,0,False
PO10727,CA095,CR0644,2025-10-10,youtube,short,833,2432,3676,3998,0,False
PO10728,CA095,CR1156,2025-10-10,youtube,short,201,409,912,952,0,False
PO10729,CA095,CR0934,2025-10-10,youtube,short,626,3470,4529,5029,0,False
PO10730,CA095,CR0234,2025-10-10,youtube,short,184,329,768,856,0,False
PO10731,CA095,CR0230,2025-10-10,youtube,short,165,385,632,702,0,False
PO10732,CA095,CR0718,2025-10-10,youtube,short,110,541,1004,1193,0,False
PO10733,CA095,CR0438,2025-10-10,youtube,short,29477,107865,157420,171672,2450,False
PO10734,CA095,CR0532,2025-10-10,youtube,long_form,100,173,206,250,0,False
PO10735,CA095,CR0902,2025-10-10,youtube,long_form,135,502,858,1040,0,False
PO10736,CA095,CR0059,2025-10-10,youtube,reel,267536,730288,1357489,1334241,8600,False
PO10737,CA095,CR0715,2025-10-10,youtube,long_form,269,1796,2765,2962,0,False
PO10738,CA095,CR1079,2025-10-10,youtube,short,2891,9167,13389,15541,250,False
PO10739,CA095,CR1082,2025-10-10,youtube,reel,1680,5765,13341,13727,250,False
PO10740,CA095,CR0455,2025-10-10,youtube,short,100,100,134,144,0,False
PO10741,CA095,CR0116,2025-10-10,youtube,short,229,632,1272,1312,0,False
PO10742,CA095,CR0696,2025-10-10,youtube,short,1368,2730,7269,7666,250,False
PO10743,CA095,CR1186,2025-10-10,youtube,short,100,185,436,499,0,False
PO10744,CA095,CR1034,2025-10-10,youtube,short,104,176,379,445,0,False
PO10745,CA095,CR0849,2025-10-10,youtube,long_form,839,5391,8736,9527,250,False
PO10746,CA095,CR0060,2025-10-10,youtube,long_form,100,216,322,385,0,False
PO10747,CA095,CR0784,2025-10-10,youtube,long_form,100,143,183,214,0,False
PO10748,CA095,CR0347,2025-10-10,youtube,long_form,920,2086,4404,4592,0,False
PO10749,CA095,CR0724,2025-10-10,youtube,short,135,324,566,646,0,False
PO10750,CA095,CR1135,2025-10-10,youtube,long_form,100,385,690,783,0,False
PO10751,CA095,CR0951,2025-10-10,youtube,long_form,100,206,260,316,0,False
PO10752,CA095,CR0233,2025-10-10,youtube,carousel,21350,68064,100901,104297,2450,False
PO10753,CA095,CR0009,2025-10-10,youtube,long_form,100,201,283,322,0,False
PO10754,CA095,CR0617,2025-10-10,youtube,short,566,1635,1986,2345,0,False
PO10755,CA095,CR0467,2025-10-10,youtube,long_form,30684,101128,160787,170356,2450,False
PO10756,CA095,CR0892,2025-10-10,youtube,short,100,694,3649,4416,0,True
PO10757,CA095,CR0571,2025-10-10,youtube,short,563,1933,2963,3314,0,False
PO10758,CA095,CR0728,2025-10-10,youtube,reel,4195,10524,13011,15650,250,False
PO10759,CA095,CR0701,2025-10-10,youtube,short,770,2154,4020,4007,0,False
PO10760,CA095,CR0317,2025-10-10,youtube,short,100,126,250,266,0,False
PO10761,CA095,CR0023,2025-10-10,youtube,long_form,133,248,537,622,0,False
PO10762,CA095,CR0746,2025-10-10,youtube,short,100,304,1177,1545,0,True
PO10763,CA095,CR0275,2025-10-10,youtube,short,219,406,771,888,0,False
PO10764,CA095,CR0364,2025-10-10,youtube,short,117,779,1240,1240,0,False
PO10765,CA095,CR0401,2025-10-10,youtube,short,100,213,468,528,0,False
PO10766,CA095,CR1053,2025-10-10,youtube,short,533,1098,1737,2123,0,False
PO10767,CA095,CR0072,2025-10-10,youtube,short,100,339,519,597,0,False
PO10768,CA095,CR0838,2025-10-10,youtube,reel,257,1209,1584,1945,0,False
PO10769,CA095,CR1137,2025-10-10,youtube,short,100,225,410,490,0,False
PO10770,CA095,CR0173,2025-10-10,youtube,carousel,100,100,270,307,0,True
PO10771,CA095,CR0254,2025-10-10,youtube,short,657,1481,2735,3311,0,False
PO10772,CA095,CR0179,2025-10-10,youtube,reel,338,574,1607,1571,0,False
PO10773,CA095,CR0236,2025-10-10,youtube,short,169,252,549,666,0,False
PO10774,CA095,CR0913,2025-10-10,youtube,long_form,190,1134,1654,1918,0,False
PO10775,CA095,CR0818,2025-10-10,youtube,long_form,100,501,707,739,0,False
PO10776,CA095,CR0097,2025-10-10,youtube,reel,142,563,840,959,0,False
PO10777,CA095,CR0060,2025-10-10,youtube,short,100,493,679,799,0,False
PO10778,CA095,CR0759,2025-10-10,youtube,short,213,459,852,1029,0,False
PO10779,CA095,CR0517,2025-10-10,youtube,short,685,2866,3885,4212,0,False
PO10780,CA095,CR0644,2025-10-10,youtube,short,237,409,908,1110,0,False
PO10781,CA095,CR0250,2025-10-10,youtube,carousel,127,765,1079,1121,0,False
PO10782,CA095,CR0674,2025-10-10,youtube,short,291,655,1033,1127,0,False
PO10783,CA095,CR0281,2025-10-10,youtube,long_form,200,445,948,1103,0,False
PO10784,CA095,CR1056,2025-10-10,youtube,short,4590,9708,15585,16813,250,False
PO10785,CA095,CR0075,2025-10-10,youtube,short,131,241,415,503,0,False
PO10786,CA095,CR1067,2025-10-10,youtube,short,6528,23870,44502,50895,1000,False
PO10787,CA095,CR0860,2025-10-10,youtube,short,585,1205,2470,2967,0,False
PO10788,CA095,CR0654,2025-10-10,youtube,carousel,152,309,753,880,0,False
PO10789,CA095,CR0522,2025-10-10,youtube,short,1264,6871,12900,14668,250,False
PO10790,CA095,CR0492,2025-10-10,youtube,long_form,38113,133347,235341,232713,8600,False
PO10791,CA095,CR0795,2025-10-10,youtube,long_form,193,566,928,1138,0,False
PO10792,CA095,CR0892,2025-10-10,youtube,long_form,183,599,1314,1545,0,False
PO10793,CA095,CR1082,2025-10-10,youtube,short,2128,3676,6534,7676,250,False
PO10794,CA095,CR0056,2025-10-10,youtube,short,1252,4624,5850,7281,250,False
PO10795,CA095,CR0111,2025-10-10,youtube,short,100,100,150,165,0,False
PO10796,CA095,CR0236,2025-10-10,youtube,short,150,641,1358,1336,0,False
PO10797,CA095,CR0773,2025-10-10,youtube,short,8388,32954,168765,213536,2450,True
PO10798,CA095,CR0965,2025-10-10,youtube,short,1826,3706,7186,7903,250,False
PO10799,CA095,CR1156,2025-10-10,youtube,long_form,100,167,263,315,0,False
PO10800,CA095,CR0522,2025-10-10,youtube,short,2046,4444,9558,10099,250,False
PO10801,CA095,CR0241,2025-10-10,youtube,reel,293,1267,1799,2054,0,False
PO10802,CA095,CR1186,2025-10-10,youtube,long_form,100,249,980,1275,0,True
PO10803,CA095,CR0323,2025-10-10,youtube,reel,209,1103,1450,1601,0,False
PO10804,CA095,CR1078,2025-10-10,youtube,short,100,253,368,373,0,False
PO10805,CA095,CR0220,2025-10-10,youtube,reel,122,408,647,647,0,False
PO10806,CA095,CR0974,2025-10-10,youtube,short,165,600,1371,1703,0,False
PO10807,CA095,CR0183,2025-10-10,youtube,long_form,100,483,719,762,0,False
PO10808,CA095,CR0198,2025-10-10,youtube,short,172,417,565,697,0,False
PO10809,CA095,CR0156,2025-10-10,youtube,short,116,430,825,1004,0,False
PO10810,CA095,CR0715,2025-10-10,youtube,short,187,683,1396,1697,0,False
PO10811,CA095,CR0103,2025-10-10,youtube,short,7649,67822,304858,405889,8600,True
PO10812,CA095,CR1119,2025-10-10,youtube,short,267,1097,1678,1773,0,False
PO10813,CA095,CR1056,2025-10-10,youtube,short,858,2752,4561,4915,0,False
PO10814,CA095,CR0323,2025-10-10,youtube,short,353,1228,1987,2221,0,False
PO10815,CA095,CR1079,2025-10-10,youtube,long_form,100,562,963,1090,0,False
PO10816,CA095,CR0783,2025-10-10,youtube,reel,100,218,308,325,0,False
PO10817,CA095,CR1046,2025-10-10,youtube,long_form,100,443,624,676,0,False
PO10818,CA095,CR0250,2025-10-10,youtube,short,100,185,370,393,0,False
PO10819,CA095,CR1062,2025-10-10,youtube,short,7444,20360,26082,32444,1000,False
PO10820,CA095,CR0116,2025-10-10,youtube,carousel,660,1283,2564,2658,0,False
PO10821,CA095,CR0456,2025-10-10,youtube,short,1301,1982,4366,5352,0,False
PO10822,CA095,CR0409,2025-10-10,youtube,short,745,3589,7136,7033,250,False
PO10823,CA095,CR0935,2025-10-10,youtube,long_form,139,362,526,522,0,False
PO10824,CA095,CR0654,2025-10-10,youtube,short,218,779,1519,1645,0,False
PO10825,CA096,CR0766,2025-10-13,instagram,short,131,336,596,707,0,False
PO10826,CA096,CR0911,2025-10-13,instagram,reel,2257,11752,55792,63520,3000,True
PO10827,CA096,CR0642,2025-10-13,instagram,carousel,1815,7223,12781,15230,750,False
PO10828,CA096,CR0043,2025-10-13,instagram,reel,100,100,118,119,0,False
PO10829,CA096,CR0545,2025-10-13,instagram,carousel,2936,7968,14915,16559,750,False
PO10830,CA096,CR0160,2025-10-13,instagram,reel,18180,40259,80266,87420,3000,False
PO10831,CA096,CR0886,2025-10-13,instagram,reel,321239,983556,1380623,1724980,26050,False
PO10832,CA096,CR0246,2025-10-13,instagram,reel,77007,168503,349680,339623,7450,False
PO10833,CA096,CR1123,2025-10-13,instagram,reel,29756,44147,90831,111770,3000,False
PO10834,CA096,CR0210,2025-10-13,instagram,short,15551,35723,77170,87373,3000,False
PO10835,CA096,CR0545,2025-10-13,instagram,short,5015,24045,46484,48234,750,False
PO10836,CA096,CR0121,2025-10-13,instagram,reel,176,720,1871,1994,0,False
PO10837,CA096,CR0353,2025-10-13,instagram,carousel,4006,15289,25632,32000,750,False
PO10838,CA096,CR0246,2025-10-13,instagram,reel,59082,176812,335967,351493,7450,False
PO10839,CA096,CR0852,2025-10-13,instagram,carousel,9794,25995,36055,37368,750,False
PO10840,CA096,CR0246,2025-10-13,instagram,long_form,6587,28783,39775,47458,750,False
PO10841,CA096,CR0310,2025-10-13,instagram,reel,30978,105514,185573,185795,7450,False
PO10842,CA096,CR1111,2025-10-13,instagram,reel,23883,83863,115836,125665,3000,False
PO10843,CA096,CR0300,2025-10-13,instagram,reel,2945,6719,8803,10587,0,False
PO10844,CA096,CR0340,2025-10-13,instagram,reel,900,5133,8856,10451,0,False
PO10845,CA096,CR1042,2025-10-13,instagram,reel,1054,9271,41553,51394,3000,True
PO10846,CA096,CR0987,2025-10-13,instagram,reel,5996,26680,32284,38654,750,False
PO10847,CA096,CR1051,2025-10-13,instagram,long_form,83093,168735,320454,385087,7450,False
PO10848,CA096,CR0210,2025-10-13,instagram,reel,73481,96730,243460,275277,7450,False
PO10849,CA096,CR0307,2025-10-13,instagram,short,3592,22772,40379,42423,750,False
PO10850,CA096,CR0767,2025-10-13,instagram,short,117875,217063,471780,541491,26050,False
PO10851,CA096,CR1131,2025-10-13,instagram,reel,636,1860,3233,3739,0,False
PO10852,CA096,CR0847,2025-10-13,instagram,reel,93037,200712,290231,339781,7450,False
PO10853,CA096,CR0659,2025-10-13,instagram,long_form,49615,126413,304650,341953,7450,False
PO10854,CA096,CR0434,2025-10-13,instagram,long_form,3225,19600,166330,189271,7450,True
PO10855,CA096,CR0905,2025-10-13,instagram,reel,9850,57107,73524,86457,3000,False
PO10856,CA096,CR0905,2025-10-13,instagram,long_form,1994,6808,9682,11301,0,False
PO10857,CA096,CR0847,2025-10-13,instagram,reel,44234,98932,152833,187606,7450,False
PO10858,CA096,CR0927,2025-10-13,instagram,short,25577,83153,110548,132818,7450,False
PO10859,CA096,CR1111,2025-10-13,instagram,reel,19115,46354,67675,83102,3000,False
PO10860,CA096,CR0600,2025-10-13,instagram,long_form,17549,32186,59841,68130,3000,False
PO10861,CA096,CR0303,2025-10-13,instagram,reel,4339,16564,81516,98783,3000,True
PO10862,CA096,CR1130,2025-10-13,instagram,reel,19189,99726,131644,153661,7450,False
PO10863,CA096,CR0987,2025-10-13,instagram,long_form,55205,121760,233530,289801,7450,False
PO10864,CA096,CR0990,2025-10-13,instagram,reel,19552,53563,370588,472010,26050,True
PO10865,CA096,CR0353,2025-10-13,instagram,long_form,8334,18827,40469,46447,750,False
PO10866,CA096,CR0886,2025-10-13,instagram,reel,278623,1360555,3136984,3094549,26050,False
PO10867,CA096,CR0987,2025-10-13,instagram,long_form,9537,35777,56891,56793,3000,False
PO10868,CA096,CR0886,2025-10-13,instagram,reel,26276,95592,182444,207074,7450,False
PO10869,CA096,CR1051,2025-10-13,instagram,carousel,8651,30107,51356,51081,750,False
PO10870,CA096,CR0210,2025-10-13,instagram,reel,3956,10227,16118,16806,750,False
PO10871,CA096,CR1124,2025-10-13,instagram,reel,1293,2084,4476,5049,0,False
PO10872,CA096,CR1042,2025-10-13,instagram,reel,2242,5349,8537,9160,0,False
PO10873,CA096,CR0310,2025-10-13,instagram,reel,175192,587198,747956,920943,26050,False
PO10874,CA096,CR0911,2025-10-13,instagram,reel,1439,6254,7789,9411,0,False
PO10875,CA096,CR0722,2025-10-13,instagram,short,723,4086,5655,6633,0,False
PO10876,CA096,CR0160,2025-10-13,instagram,short,3453,27279,140688,162989,7450,True
PO10877,CA096,CR0847,2025-10-13,instagram,reel,117534,286407,496679,616636,26050,False
PO10878,CA096,CR1109,2025-10-13,instagram,short,141,921,1306,1400,0,False
PO10879,CA096,CR0719,2025-10-13,instagram,long_form,11280,36918,51627,55052,3000,False
PO10880,CA096,CR0976,2025-10-13,instagram,reel,309,1556,2233,2405,0,False
PO10881,CA096,CR0291,2025-10-13,instagram,reel,7156,22244,30902,34447,750,False
PO10882,CA096,CR0545,2025-10-13,instagram,long_form,2979,5591,11826,11786,0,False
PO10883,CA096,CR0177,2025-10-13,instagram,reel,684,1540,2494,2583,0,False
PO10884,CA096,CR0886,2025-10-13,instagram,carousel,38734,73949,155889,168318,7450,False
PO10885,CA096,CR0266,2025-10-13,instagram,carousel,38215,75403,170048,167095,7450,False
PO10886,CA096,CR0658,2025-10-13,instagram,reel,100,114,183,199,0,False
PO10887,CA096,CR0852,2025-10-13,instagram,carousel,37220,97228,134466,144327,7450,False
PO10888,CA096,CR0905,2025-10-13,instagram,carousel,6135,17259,30433,33156,750,False
PO10889,CA096,CR0229,2025-10-13,instagram,reel,25587,47726,90636,110707,3000,False
PO10890,CA096,CR0896,2025-10-13,instagram,reel,2348,8053,14348,14499,750,False
PO10891,CA096,CR1125,2025-10-13,instagram,reel,2135,6200,9843,11357,0,False
PO10892,CA096,CR0990,2025-10-13,instagram,reel,35731,142030,221347,231982,7450,False
PO10893,CA096,CR1097,2025-10-13,instagram,reel,19549,51293,116655,123969,3000,False
PO10894,CA096,CR1097,2025-10-13,instagram,carousel,4425,7205,15952,17168,750,False
PO10895,CA096,CR0545,2025-10-13,instagram,reel,11772,25944,43961,46869,750,False
PO10896,CA096,CR0303,2025-10-13,instagram,reel,9448,60185,90999,106548,3000,False
PO10897,CA096,CR1102,2025-10-13,instagram,reel,4704,13211,20471,22377,750,False
PO10898,CA096,CR0067,2025-10-13,instagram,reel,51677,240982,387759,395050,7450,False
PO10899,CA096,CR0905,2025-10-13,instagram,long_form,12990,24030,48036,55182,3000,False
PO10900,CA096,CR1179,2025-10-13,instagram,reel,6979,20983,29007,34305,750,False
PO10901,CA096,CR0998,2025-10-13,instagram,reel,111631,338743,775696,897805,26050,False
PO10902,CA096,CR0307,2025-10-13,instagram,reel,11643,20282,44522,52590,3000,False
PO10903,CA096,CR1130,2025-10-13,instagram,reel,80157,202779,250974,293134,7450,False
PO10904,CA096,CR0852,2025-10-13,instagram,carousel,5517,11756,20179,21074,750,False
PO10905,CA096,CR0434,2025-10-13,instagram,reel,33155,202143,285965,290579,7450,False
PO10906,CA096,CR1123,2025-10-13,instagram,reel,4594,20159,89270,114743,3000,True
PO10907,CA096,CR1125,2025-10-13,instagram,short,105440,330380,610320,637798,26050,False
PO10908,CA096,CR0246,2025-10-13,instagram,reel,9441,13814,32898,36051,750,False
PO10909,CA096,CR0303,2025-10-13,instagram,reel,11816,57851,98570,104455,3000,False
PO10910,CA096,CR0973,2025-10-13,instagram,carousel,4865,11219,25991,28276,750,False
PO10911,CA096,CR0852,2025-10-13,instagram,reel,111133,442893,704399,718881,26050,False
PO10912,CA096,CR1175,2025-10-13,instagram,reel,7023,28728,133220,170755,7450,True
PO10913,CA096,CR0246,2025-10-13,instagram,short,14138,59052,95995,113803,3000,False
PO10914,CA096,CR0987,2025-10-13,instagram,reel,79237,169325,370455,399521,7450,False
PO10915,CA096,CR1175,2025-10-13,instagram,reel,66988,183732,267297,283276,7450,False
PO10916,CA096,CR0659,2025-10-13,instagram,reel,265759,695691,1766574,1767095,26050,False
PO10917,CA096,CR0847,2025-10-13,instagram,reel,6478,13561,22386,26097,750,False
PO10918,CA096,CR0998,2025-10-13,instagram,reel,8881,35931,53141,65831,3000,False
PO10919,CA096,CR0067,2025-10-13,instagram,short,6186,31112,43480,50111,750,False
PO10920,CA096,CR0490,2025-10-13,instagram,short,5205,30378,58112,59429,3000,False
PO10921,CA096,CR1097,2025-10-13,instagram,short,9731,29380,51577,52199,3000,False
PO10922,CA096,CR1130,2025-10-13,instagram,short,86348,199023,401284,466094,26050,False
PO10923,CA096,CR0659,2025-10-13,instagram,short,7558,27043,43275,51197,750,False
PO10924,CA096,CR0847,2025-10-13,instagram,short,295850,725399,1782063,1977029,26050,False
PO10925,CA096,CR0847,2025-10-13,instagram,reel,230015,423586,740063,829590,26050,False
PO10926,CA096,CR0600,2025-10-13,instagram,short,107460,281814,433872,448214,7450,False
PO10927,CA096,CR0490,2025-10-13,instagram,reel,7967,22192,32870,36909,750,False
PO10928,CA096,CR0160,2025-10-13,instagram,short,2844,7936,11912,12795,0,False
PO10929,CA096,CR0911,2025-10-13,instagram,short,75418,129679,257174,288429,7450,False
PO10930,CA096,CR1111,2025-10-13,instagram,short,25641,36533,84063,98217,3000,False
PO10931,CA096,CR0307,2025-10-13,instagram,short,3628,16202,21373,25504,750,False
PO10932,CA096,CR1125,2025-10-13,instagram,reel,17891,37736,74112,73480,3000,False
PO10933,CA096,CR0600,2025-10-13,instagram,reel,21871,34950,81896,93060,3000,False
PO10934,CA096,CR0905,2025-10-13,instagram,reel,109031,203318,517982,576493,26050,False
PO10935,CA096,CR0545,2025-10-13,instagram,reel,21801,53317,92351,114583,3000,False
PO10936,CA096,CR1111,2025-10-13,instagram,reel,14298,77304,140384,141790,7450,False
PO10937,CA096,CR0291,2025-10-13,instagram,reel,30993,78794,102977,116053,3000,False
PO10938,CA096,CR1042,2025-10-13,instagram,reel,25921,115754,193998,212531,7450,False
PO10939,CA096,CR0303,2025-10-13,instagram,reel,18717,56926,125063,138549,7450,False
PO10940,CA096,CR1111,2025-10-13,instagram,carousel,14141,36761,60106,59132,3000,False
PO10941,CA096,CR0600,2025-10-13,instagram,short,12985,34652,79527,87327,3000,False
PO10942,CA096,CR0434,2025-10-13,instagram,carousel,12223,50699,70331,83577,3000,False
PO10943,CA096,CR1051,2025-10-13,instagram,reel,14212,20023,53148,55250,3000,False
PO10944,CA096,CR0905,2025-10-13,instagram,reel,5419,42841,58471,61574,3000,False
PO10945,CA096,CR0266,2025-10-13,instagram,long_form,8315,33599,84634,84540,3000,False
PO10946,CA096,CR0490,2025-10-13,instagram,reel,5226,40454,55301,59690,3000,False
PO10947,CA096,CR0434,2025-10-13,instagram,short,28143,69277,88501,103174,3000,False
PO10948,CA096,CR0229,2025-10-13,instagram,short,41502,108475,271628,295058,7450,False
PO10949,CA096,CR0606,2025-10-13,instagram,reel,7813,16342,29916,29148,750,False
PO10950,CA096,CR0761,2025-10-13,instagram,reel,67659,364655,714857,776239,26050,False
PO10951,CA096,CR0761,2025-10-13,instagram,reel,70550,215803,311058,316081,7450,False
PO10952,CA096,CR0600,2025-10-13,instagram,reel,36464,115541,254396,295419,7450,False
PO10953,CA096,CR0310,2025-10-13,instagram,reel,33957,141197,250546,258907,7450,False
PO10954,CA096,CR0545,2025-10-13,instagram,carousel,22226,98894,151856,176835,7450,False
PO10955,CA096,CR0998,2025-10-13,instagram,reel,96444,467324,708134,731659,26050,False
PO10956,CA096,CR1130,2025-10-13,instagram,reel,7293,14206,34757,35416,750,False
PO10957,CA096,CR0034,2025-10-13,instagram,reel,4755,7880,15496,17871,750,False
PO10958,CA096,CR0719,2025-10-13,instagram,long_form,3806,19375,40413,41022,750,False
PO10959,CA096,CR0719,2025-10-13,instagram,reel,1506,10204,15103,17391,750,False
PO10960,CA096,CR0886,2025-10-13,instagram,reel,59301,160035,319660,395409,7450,False
PO10961,CA096,CR0310,2025-10-13,instagram,reel,405653,592745,1535432,1623719,26050,False
PO10962,CA096,CR0911,2025-10-13,instagram,reel,10970,27876,73915,73643,3000,False
PO10963,CA096,CR0353,2025-10-13,instagram,reel,14265,47684,118712,117539,3000,False
PO10964,CA096,CR0719,2025-10-13,instagram,reel,31291,79037,191697,189569,7450,False
PO10965,CA096,CR0160,2025-10-13,instagram,reel,27862,87864,142917,149720,7450,False
PO10966,CA096,CR1042,2025-10-13,instagram,long_form,5640,10558,19371,22835,750,False
PO10967,CA096,CR0681,2025-10-13,instagram,reel,401,1271,2938,3452,0,False
PO10968,CA096,CR0547,2025-10-13,instagram,long_form,1843,4295,6469,7675,0,False
PO10969,CA096,CR0552,2025-10-13,instagram,short,1399,2508,4591,5032,0,False
PO10970,CA096,CR0291,2025-10-13,instagram,reel,56474,125595,209724,206426,7450,False
PO10971,CA096,CR0067,2025-10-13,instagram,short,31686,126244,617610,710906,26050,True
PO10972,CA096,CR1042,2025-10-13,instagram,short,13234,22502,40729,49442,750,False
PO10973,CA096,CR0761,2025-10-13,instagram,short,53653,191096,264428,274109,7450,False
PO10974,CA096,CR1108,2025-10-13,instagram,short,239,1693,2696,2766,0,False
PO10975,CA096,CR0266,2025-10-13,instagram,reel,88063,247166,349915,388116,7450,False
PO10976,CA096,CR0446,2025-10-13,instagram,short,483244,831983,1704356,2119323,26050,False
PO10977,CA096,CR1125,2025-10-13,instagram,short,8140,36789,62422,69877,3000,False
PO10978,CA096,CR0490,2025-10-13,instagram,carousel,3751,11016,19534,23507,750,False
PO10979,CA096,CR0266,2025-10-13,instagram,short,8006,30579,41224,49465,750,False
PO10980,CA096,CR0600,2025-10-13,instagram,short,15379,23816,46461,57383,3000,False
PO10981,CA096,CR1190,2025-10-13,instagram,reel,502,1265,12835,13609,750,True
PO10982,CA096,CR0310,2025-10-13,instagram,long_form,81795,209365,371759,377102,7450,False
PO10983,CA096,CR1112,2025-10-13,instagram,reel,293,1697,2044,2450,0,False
PO10984,CA096,CR1175,2025-10-13,instagram,short,33428,106906,159104,156087,7450,False
PO10985,CA096,CR1003,2025-10-13,instagram,reel,342,1491,3317,3735,0,False
PO10986,CA096,CR0310,2025-10-13,instagram,reel,96727,198466,357626,432090,7450,False
PO10987,CA096,CR0314,2025-10-13,instagram,reel,100,100,146,155,0,False
PO10988,CA096,CR1097,2025-10-13,instagram,reel,16024,67071,120363,130560,7450,False
PO10989,CA096,CR0973,2025-10-13,instagram,short,9727,20471,46126,56815,3000,False
PO10990,CA096,CR0717,2025-10-13,instagram,reel,16717,84042,111051,132134,7450,False
PO10991,CA096,CR0719,2025-10-13,instagram,short,9067,32514,63943,67401,3000,False
PO10992,CA096,CR0973,2025-10-13,instagram,reel,3433,10867,17762,17834,750,False
PO10993,CA096,CR0266,2025-10-13,instagram,reel,42397,199844,306041,333304,7450,False
PO10994,CA096,CR0266,2025-10-13,instagram,long_form,4370,15130,22222,24182,750,False
PO10995,CA096,CR0034,2025-10-13,instagram,reel,17981,53308,88890,86650,3000,False
PO10996,CA096,CR0852,2025-10-13,instagram,reel,7254,39568,56533,57618,3000,False
PO10997,CA096,CR0303,2025-10-13,instagram,reel,53077,144180,335787,406579,7450,False
PO10998,CA096,CR0911,2025-10-13,instagram,reel,29352,65926,132113,135789,7450,False
PO10999,CA096,CR0303,2025-10-13,instagram,reel,566,6912,50517,55015,3000,True
PO11000,CA096,CR1097,2025-10-13,instagram,reel,10290,19317,53021,53516,3000,False
PO11001,CA096,CR0210,2025-10-13,instagram,short,7368,22560,39920,39544,750,False
PO11002,CA096,CR0291,2025-10-13,instagram,reel,25378,176321,261009,279725,7450,False
PO11003,CA096,CR0160,2025-10-13,instagram,reel,12097,28805,75809,75443,3000,False
PO11004,CA096,CR0210,2025-10-13,instagram,carousel,17611,108943,188555,190104,7450,False
PO11005,CA096,CR0067,2025-10-13,instagram,carousel,30465,98685,177254,179065,7450,False
PO11006,CA096,CR1051,2025-10-13,instagram,carousel,5309,10978,18539,21476,750,False
PO11007,CA096,CR0987,2025-10-13,instagram,reel,4231,34014,45636,49297,750,False
PO11008,CA096,CR0229,2025-10-13,instagram,long_form,17107,50825,100457,103857,3000,False
PO11009,CA097,CR0658,2025-10-16,instagram,reel,446,1249,2726,2812,0,False
PO11010,CA097,CR0708,2025-10-16,instagram,reel,226,639,824,935,0,False
PO11011,CA097,CR0796,2025-10-16,instagram,reel,100,211,266,307,0,False
PO11012,CA097,CR0048,2025-10-16,instagram,short,120,794,1106,1228,0,False
PO11013,CA097,CR0080,2025-10-16,instagram,long_form,814,2705,5252,6543,450,False
PO11014,CA097,CR0622,2025-10-16,instagram,reel,189,877,1920,2047,0,False
PO11015,CA097,CR0351,2025-10-16,instagram,short,100,100,107,124,0,False
PO11016,CA097,CR0852,2025-10-16,instagram,long_form,9972,12791,34115,36430,1850,False
PO11017,CA097,CR1060,2025-10-16,instagram,short,175,417,754,810,0,False
PO11018,CA097,CR0050,2025-10-16,instagram,short,100,358,533,651,0,False
PO11019,CA097,CR0526,2025-10-16,instagram,reel,100,386,615,630,0,False
PO11020,CA097,CR0604,2025-10-16,instagram,short,100,100,135,152,0,False
PO11021,CA097,CR0945,2025-10-16,instagram,reel,448,974,1794,1895,0,False
PO11022,CA097,CR0744,2025-10-16,instagram,carousel,281,1420,1774,2142,0,False
PO11023,CA097,CR0279,2025-10-16,instagram,long_form,216,719,2003,1983,0,False
PO11024,CA097,CR0397,2025-10-16,instagram,carousel,245,1413,2050,2065,0,False
PO11025,CA097,CR0034,2025-10-16,instagram,long_form,2513,11978,15308,17170,450,False
PO11026,CA097,CR1175,2025-10-16,instagram,carousel,97703,227713,441827,513914,16300,False
PO11027,CA097,CR0737,2025-10-16,instagram,short,184,413,859,994,0,False
PO11028,CA097,CR0327,2025-10-16,instagram,reel,100,428,585,680,0,False
PO11029,CA097,CR0477,2025-10-16,instagram,long_form,100,345,566,590,0,False
PO11030,CA097,CR0787,2025-10-16,instagram,reel,100,172,420,439,0,False
PO11031,CA097,CR1091,2025-10-16,instagram,reel,885,2157,5041,5810,0,False
PO11032,CA097,CR0078,2025-10-16,instagram,reel,567,819,1984,2163,0,False
PO11033,CA097,CR0428,2025-10-16,instagram,reel,294,1225,2057,2081,0,False
PO11034,CA097,CR0007,2025-10-16,instagram,short,100,108,197,200,0,False
PO11035,CA097,CR0107,2025-10-16,instagram,carousel,100,197,351,417,0,False
PO11036,CA097,CR0131,2025-10-16,instagram,short,766,2839,4996,5275,0,False
PO11037,CA097,CR1153,2025-10-16,instagram,short,338,1272,2229,2418,0,False
PO11038,CA097,CR0584,2025-10-16,instagram,carousel,102,325,2184,2560,0,True
PO11039,CA097,CR0766,2025-10-16,instagram,carousel,100,310,381,449,0,False
PO11040,CA097,CR1033,2025-10-16,instagram,reel,7557,46949,74510,84206,4650,False
PO11041,CA097,CR0676,2025-10-16,instagram,reel,100,100,211,213,0,False
PO11042,CA097,CR0441,2025-10-16,instagram,reel,465,946,1973,2261,0,False
PO11043,CA097,CR0177,2025-10-16,instagram,short,342,555,1061,1313,0,False
PO11044,CA097,CR0903,2025-10-16,instagram,long_form,100,548,721,860,0,False
PO11045,CA097,CR0161,2025-10-16,instagram,reel,100,114,283,316,0,False
PO11046,CA097,CR0516,2025-10-16,instagram,reel,1056,1641,3593,4085,0,False
PO11047,CA097,CR0638,2025-10-16,instagram,reel,1592,4259,5258,6516,450,False
PO11048,CA097,CR0738,2025-10-16,instagram,carousel,229,564,934,1103,0,False
PO11049,CA097,CR0656,2025-10-16,instagram,reel,100,191,1056,1201,0,True
PO11050,CA097,CR0543,2025-10-16,instagram,short,100,196,285,326,0,False
PO11051,CA097,CR0069,2025-10-16,instagram,long_form,100,133,263,287,0,False
PO11052,CA097,CR0719,2025-10-16,instagram,reel,21031,34054,80558,90171,4650,False
PO11053,CA097,CR0398,2025-10-16,instagram,reel,5173,24325,38151,39755,1850,False
PO11054,CA097,CR0791,2025-10-16,instagram,reel,341,1209,1797,1868,0,False
PO11055,CA097,CR0698,2025-10-16,instagram,reel,100,100,140,169,0,True
PO11056,CA097,CR0482,2025-10-16,instagram,reel,100,363,492,538,0,False
PO11057,CA097,CR0854,2025-10-16,instagram,reel,241,1163,1612,1723,0,False
PO11058,CA097,CR0062,2025-10-16,instagram,reel,100,222,316,337,0,False
PO11059,CA097,CR0055,2025-10-16,instagram,short,100,211,257,303,0,False
PO11060,CA097,CR0904,2025-10-16,instagram,short,743,1856,5205,5078,0,False
PO11061,CA097,CR0225,2025-10-16,instagram,short,577,1985,2790,2953,0,False
PO11062,CA097,CR0227,2025-10-16,instagram,reel,3287,19163,37941,40764,1850,False
PO11063,CA097,CR0449,2025-10-16,instagram,long_form,425,1118,2724,3098,0,False
PO11064,CA097,CR1134,2025-10-16,instagram,short,139,854,1533,1489,0,False
PO11065,CA097,CR0324,2025-10-16,instagram,reel,1953,6732,11140,13511,450,False
PO11066,CA097,CR0218,2025-10-16,instagram,short,208,770,1150,1125,0,False
PO11067,CA097,CR0185,2025-10-16,instagram,short,308,629,1531,1530,0,False
PO11068,CA097,CR0470,2025-10-16,instagram,short,287,841,1250,1320,0,False
PO11069,CA097,CR1136,2025-10-16,instagram,carousel,100,100,153,154,0,False
PO11070,CA097,CR0487,2025-10-16,instagram,reel,252,1009,2236,2392,0,False
PO11071,CA097,CR1147,2025-10-16,instagram,reel,107,291,487,559,0,False
PO11072,CA097,CR1090,2025-10-16,instagram,short,124,385,907,1027,0,False
PO11073,CA097,CR0022,2025-10-16,instagram,long_form,100,100,100,100,0,False
PO11074,CA097,CR0611,2025-10-16,instagram,short,158,232,491,577,0,False
PO11075,CA097,CR0597,2025-10-16,instagram,carousel,4502,9939,16065,17329,450,False
PO11076,CA097,CR0163,2025-10-16,instagram,short,472,1400,2353,2864,0,False
PO11077,CA097,CR0548,2025-10-16,instagram,reel,686,1603,2370,2629,0,False
PO11078,CA097,CR0253,2025-10-16,instagram,reel,100,100,120,134,0,False
PO11079,CA097,CR0427,2025-10-16,instagram,reel,100,243,2480,2791,0,True
PO11080,CA097,CR0379,2025-10-16,instagram,long_form,120,557,1415,1443,0,False
PO11081,CA097,CR0805,2025-10-16,instagram,short,303,743,1368,1415,0,False
PO11082,CA097,CR1076,2025-10-16,instagram,short,206,462,770,837,0,False
PO11083,CA097,CR0561,2025-10-16,instagram,long_form,326,612,1146,1223,0,False
PO11084,CA097,CR0933,2025-10-16,instagram,short,263,757,1028,1190,0,False
PO11085,CA097,CR0819,2025-10-16,instagram,reel,137,301,545,593,0,False
PO11086,CA097,CR0416,2025-10-16,instagram,reel,110,211,365,402,0,False
PO11087,CA097,CR1088,2025-10-16,instagram,reel,289,750,1717,1668,0,False
PO11088,CA097,CR0975,2025-10-16,instagram,short,100,197,297,340,0,False
PO11089,CA097,CR0967,2025-10-16,instagram,reel,291,1040,1421,1558,0,False
PO11090,CA097,CR0321,2025-10-16,instagram,reel,110,246,410,462,0,False
PO11091,CA097,CR1070,2025-10-16,instagram,reel,570,2184,3588,3832,0,False
PO11092,CA097,CR0330,2025-10-16,instagram,reel,162,302,590,643,0,False
PO11093,CA097,CR1054,2025-10-16,instagram,reel,163,388,751,775,0,False
PO11094,CA097,CR0033,2025-10-16,instagram,short,215,551,1077,1319,0,False
PO11095,CA097,CR0717,2025-10-16,instagram,reel,16589,32882,72538,79500,4650,False
PO11096,CA097,CR0235,2025-10-16,instagram,short,270,1280,2029,2537,0,False
PO11097,CA097,CR0134,2025-10-16,instagram,short,102,287,809,815,0,False
PO11098,CA097,CR0602,2025-10-16,instagram,reel,531,1493,1886,2182,0,False
PO11099,CA097,CR1068,2025-10-16,instagram,reel,100,204,351,342,0,False
PO11100,CA097,CR0875,2025-10-16,instagram,reel,100,263,503,492,0,False
PO11101,CA097,CR1170,2025-10-16,instagram,reel,1033,2485,3762,3954,0,False
PO11102,CA097,CR0686,2025-10-16,instagram,reel,882,2918,5973,5967,0,False
PO11103,CA097,CR0372,2025-10-16,instagram,carousel,100,131,372,374,0,False
PO11104,CA097,CR0335,2025-10-16,instagram,reel,100,396,623,717,0,False
PO11105,CA097,CR1048,2025-10-16,instagram,reel,8826,16031,31735,34028,1850,False
PO11106,CA097,CR0475,2025-10-16,instagram,reel,3589,16255,27740,27468,1850,False
PO11107,CA097,CR0539,2025-10-16,instagram,reel,100,103,183,185,0,False
PO11108,CA097,CR1077,2025-10-16,instagram,short,151,328,564,606,0,False
PO11109,CA097,CR0998,2025-10-16,instagram,short,4779,9743,17924,21883,450,False
PO11110,CA097,CR0982,2025-10-16,instagram,reel,101,219,318,387,0,False
PO11111,CA097,CR0518,2025-10-16,instagram,reel,267,846,1062,1247,0,False
PO11112,CA097,CR0026,2025-10-16,instagram,reel,100,279,410,436,0,False
PO11113,CA097,CR1168,2025-10-16,instagram,short,100,207,309,359,0,False
PO11114,CA097,CR0905,2025-10-16,instagram,reel,1676,3899,7643,9243,450,False
PO11115,CA097,CR0652,2025-10-16,instagram,reel,100,225,459,459,0,False
PO11116,CA097,CR0596,2025-10-16,instagram,short,103,667,1188,1161,0,False
PO11117,CA097,CR0889,2025-10-16,instagram,reel,143,383,891,884,0,False
PO11118,CA097,CR0315,2025-10-16,instagram,reel,100,100,126,147,0,False
PO11119,CA097,CR0068,2025-10-16,instagram,long_form,250,1282,1566,1868,0,False
PO11120,CA097,CR0512,2025-10-16,instagram,carousel,100,125,204,233,0,False
PO11121,CA097,CR0970,2025-10-16,instagram,reel,141,556,807,986,0,False
PO11122,CA097,CR0711,2025-10-16,instagram,reel,272,818,1295,1341,0,False
PO11123,CA097,CR1028,2025-10-16,instagram,reel,100,108,170,181,0,False
PO11124,CA097,CR0206,2025-10-16,instagram,reel,370,1112,8225,10002,450,True
PO11125,CA097,CR0126,2025-10-16,instagram,long_form,119,331,783,787,0,False
PO11126,CA097,CR1089,2025-10-16,instagram,reel,976,3277,5839,5974,0,False
PO11127,CA097,CR0949,2025-10-16,instagram,reel,3585,21579,32448,36656,1850,False
PO11128,CA097,CR0554,2025-10-16,instagram,reel,317,1814,3694,3810,0,False
PO11129,CA097,CR0612,2025-10-16,instagram,reel,100,180,337,344,0,False
PO11130,CA097,CR0940,2025-10-16,instagram,reel,100,111,1034,1305,0,True
PO11131,CA097,CR0851,2025-10-16,instagram,reel,100,118,251,285,0,False
PO11132,CA097,CR0535,2025-10-16,instagram,reel,321,701,1152,1220,0,False
PO11133,CA097,CR0657,2025-10-16,instagram,carousel,100,225,369,438,0,False
PO11134,CA097,CR0826,2025-10-16,instagram,reel,103,348,519,541,0,False
PO11135,CA097,CR0256,2025-10-16,instagram,carousel,1480,4291,5719,7045,450,False
PO11136,CA097,CR0242,2025-10-16,instagram,reel,100,267,407,494,0,False
PO11137,CA097,CR0394,2025-10-16,instagram,reel,114,454,673,667,0,False
PO11138,CA097,CR1006,2025-10-16,instagram,reel,1227,5119,8530,9630,450,False
PO11139,CA097,CR0290,2025-10-16,instagram,reel,147,500,1104,1094,0,False
PO11140,CA097,CR1014,2025-10-16,instagram,long_form,223,569,781,940,0,False
PO11141,CA097,CR0350,2025-10-16,instagram,reel,527,2997,4969,5251,0,False
PO11142,CA097,CR0357,2025-10-16,instagram,short,100,100,173,208,0,True
PO11143,CA097,CR0777,2025-10-16,instagram,reel,100,134,301,343,0,False
PO11144,CA097,CR0251,2025-10-16,instagram,long_form,494,972,2702,2737,0,False
PO11145,CA097,CR0877,2025-10-16,instagram,reel,100,162,207,255,0,False
PO11146,CA097,CR0882,2025-10-16,instagram,reel,100,392,2731,3052,0,True
PO11147,CA097,CR0588,2025-10-16,instagram,reel,9513,23965,36096,35074,1850,False
PO11148,CA097,CR0292,2025-10-16,instagram,long_form,100,100,100,100,0,False
PO11149,CA097,CR0745,2025-10-16,instagram,short,100,112,204,242,0,False
PO11150,CA097,CR1101,2025-10-16,instagram,carousel,100,100,100,100,0,False
PO11151,CA097,CR0771,2025-10-16,instagram,carousel,100,100,100,100,0,False
PO11152,CA097,CR0915,2025-10-16,instagram,carousel,100,129,249,259,0,False
PO11153,CA097,CR0678,2025-10-16,instagram,reel,715,1022,2408,2870,0,False
PO11154,CA097,CR0624,2025-10-16,instagram,long_form,113,721,1241,1301,0,False
PO11155,CA097,CR0919,2025-10-16,instagram,reel,743,1679,3828,3918,0,False
PO11156,CA097,CR0302,2025-10-16,instagram,reel,100,116,235,254,0,False
PO11157,CA097,CR1003,2025-10-16,instagram,short,100,166,278,274,0,False
PO11158,CA097,CR0237,2025-10-16,instagram,carousel,100,100,100,100,0,False
PO11159,CA097,CR0569,2025-10-16,instagram,short,100,165,313,390,0,False
PO11160,CA097,CR0731,2025-10-16,instagram,reel,100,607,950,1100,0,False
PO11161,CA097,CR0013,2025-10-16,instagram,reel,301,482,964,1145,0,False
PO11162,CA097,CR0702,2025-10-16,instagram,short,105,300,508,535,0,False
PO11163,CA097,CR0722,2025-10-16,instagram,long_form,347,648,1054,1315,0,False
PO11164,CA097,CR0392,2025-10-16,instagram,short,147,930,1699,1741,0,False
PO11165,CA097,CR0828,2025-10-16,instagram,reel,6679,26798,69234,73131,4650,False
PO11166,CA097,CR0595,2025-10-16,instagram,reel,157,460,882,894,0,False
PO11167,CA097,CR0496,2025-10-16,instagram,short,689,1011,2249,2656,0,False
PO11168,CA097,CR0788,2025-10-16,instagram,reel,250,589,1020,1192,0,False
PO11169,CA097,CR1042,2025-10-16,instagram,long_form,11815,24827,43157,48146,1850,False
PO11170,CA097,CR0303,2025-10-16,instagram,short,78348,207972,295789,297968,16300,False
PO11171,CA097,CR0802,2025-10-16,instagram,short,449,1058,1888,2061,0,False
PO11172,CA097,CR0619,2025-10-16,instagram,short,230,787,1147,1141,0,False
PO11173,CA097,CR0672,2025-10-16,instagram,reel,649,3329,4341,4832,0,False
PO11174,CA097,CR0848,2025-10-16,instagram,short,100,100,153,164,0,False
PO11175,CA097,CR0525,2025-10-16,instagram,reel,697,1649,3285,3872,0,False
PO11176,CA097,CR0314,2025-10-16,instagram,reel,100,147,339,333,0,False
PO11177,CA097,CR0466,2025-10-16,instagram,long_form,100,100,100,100,0,False
PO11178,CA097,CR0139,2025-10-16,instagram,reel,266,736,1785,1830,0,False
PO11179,CA097,CR0047,2025-10-16,instagram,short,313,605,1370,1641,0,False
PO11180,CA097,CR0191,2025-10-16,instagram,reel,100,100,343,457,0,True
PO11181,CA097,CR0800,2025-10-16,instagram,short,100,152,332,403,0,False
PO11182,CA097,CR1081,2025-10-16,instagram,reel,102,226,466,498,0,False
PO11183,CA097,CR0966,2025-10-16,instagram,reel,1144,2603,4119,4854,0,False
PO11184,CA097,CR0753,2025-10-16,instagram,short,100,119,224,223,0,False
PO11185,CA097,CR0502,2025-10-16,instagram,reel,453,1364,2832,2907,0,False
PO11186,CA097,CR0385,2025-10-16,instagram,reel,1081,2081,3285,3923,0,False
PO11187,CA097,CR0989,2025-10-16,instagram,reel,692,2060,2781,3106,0,False
PO11188,CA097,CR0285,2025-10-16,instagram,carousel,100,100,163,163,0,False
PO11189,CA097,CR0021,2025-10-16,instagram,reel,427,2206,3161,3170,0,False
PO11190,CA097,CR0425,2025-10-16,instagram,short,100,232,407,420,0,False
PO11191,CA097,CR1061,2025-10-16,instagram,reel,2472,5788,8041,9706,450,False
PO11192,CA097,CR0239,2025-10-16,instagram,carousel,109,879,1355,1346,0,False
PO11193,CA097,CR1159,2025-10-16,instagram,reel,914,2515,3543,3677,0,False
PO11194,CA097,CR0741,2025-10-16,instagram,reel,4526,10571,20399,20480,450,False
PO11195,CA097,CR0639,2025-10-16,instagram,short,248,726,1124,1106,0,False
PO11196,CA097,CR0610,2025-10-16,instagram,long_form,112,214,438,504,0,False
PO11197,CA097,CR0716,2025-10-16,instagram,short,100,100,123,142,0,False
PO11198,CA097,CR0901,2025-10-16,instagram,reel,125,241,478,548,0,False
PO11199,CA097,CR1182,2025-10-16,instagram,short,918,1962,3432,3855,0,False
PO11200,CA097,CR0043,2025-10-16,instagram,short,100,270,385,461,0,False
PO11201,CA098,CR1175,2025-10-19,instagram,reel,57612,306640,601624,716174,17600,False
PO11202,CA098,CR0642,2025-10-19,instagram,short,6151,33936,58265,57858,1750,False
PO11203,CA098,CR0490,2025-10-19,instagram,reel,99625,321552,717884,776357,17600,False
PO11204,CA098,CR0067,2025-10-19,instagram,reel,22044,113699,165328,204213,7050,False
PO11205,CA098,CR0761,2025-10-19,instagram,short,55435,175504,353415,353991,17600,False
PO11206,CA098,CR1117,2025-10-19,instagram,reel,2633,6582,11469,12431,0,False
PO11207,CA098,CR1097,2025-10-19,instagram,reel,4598,14712,21337,22580,1750,False
PO11208,CA098,CR1022,2025-10-19,instagram,short,2312,4050,8711,10340,0,False
PO11209,CA098,CR0682,2025-10-19,instagram,reel,48499,195752,314836,332222,17600,False
PO11210,CA098,CR0034,2025-10-19,instagram,reel,4995,15242,40241,40062,1750,False
PO11211,CA098,CR0719,2025-10-19,instagram,reel,2206,10261,15655,16510,0,False
PO11212,CA098,CR1051,2025-10-19,instagram,reel,47345,136802,196918,226721,17600,False
PO11213,CA098,CR1111,2025-10-19,instagram,carousel,569,1047,1757,2155,0,False
PO11214,CA098,CR0160,2025-10-19,instagram,reel,9771,27534,54106,53062,1750,False
PO11215,CA098,CR0853,2025-10-19,instagram,reel,1378,7057,14975,14981,0,False
PO11216,CA098,CR0291,2025-10-19,instagram,reel,22349,47738,98768,99711,7050,False
PO11217,CA098,CR0425,2025-10-19,instagram,reel,228,768,1472,1460,0,False
PO11218,CA098,CR0973,2025-10-19,instagram,reel,23696,60146,110722,137623,7050,False
PO11219,CA098,CR0684,2025-10-19,instagram,short,266,1003,1814,1808,0,False
PO11220,CA098,CR0911,2025-10-19,instagram,short,4234,16151,34079,36382,1750,False
PO11221,CA098,CR0593,2025-10-19,instagram,short,3872,9395,17428,17031,0,False
PO11222,CA098,CR0905,2025-10-19,instagram,reel,4993,28546,49952,61914,1750,False
PO11223,CA098,CR0434,2025-10-19,instagram,long_form,22029,66430,82663,100367,7050,False
PO11224,CA098,CR0545,2025-10-19,instagram,reel,12723,83318,137754,154472,7050,False
PO11225,CA098,CR1130,2025-10-19,instagram,long_form,1959,5204,12661,13032,0,False
PO11226,CA098,CR0990,2025-10-19,instagram,short,11741,70519,103863,122814,7050,False
PO11227,CA098,CR0303,2025-10-19,instagram,reel,26566,87746,125937,142761,7050,False
PO11228,CA098,CR0767,2025-10-19,instagram,reel,6707,30895,58424,63794,1750,False
PO11229,CA098,CR0919,2025-10-19,instagram,long_form,865,2199,4257,4328,0,False
PO11230,CA098,CR0899,2025-10-19,instagram,reel,16212,27195,50572,60250,1750,False
PO11231,CA098,CR0353,2025-10-19,instagram,reel,19396,49108,90429,93060,7050,False
PO11232,CA099,CR0175,2025-10-22,youtube,reel,24445,36213,93339,102977,2250,False
PO11233,CA099,CR0580,2025-10-22,youtube,long_form,4665,10470,18279,18256,250,False
PO11234,CA099,CR1160,2025-10-22,youtube,long_form,514,2640,4236,4477,0,False
PO11235,CA099,CR0577,2025-10-22,youtube,short,1093,1380,3877,3912,0,False
PO11236,CA099,CR0728,2025-10-22,youtube,short,261,608,1088,1075,0,False
PO11237,CA099,CR0012,2025-10-22,youtube,carousel,100,279,427,452,0,False
PO11238,CA099,CR0922,2025-10-22,youtube,short,375,1018,1660,1703,0,False
PO11239,CA099,CR1000,2025-10-22,youtube,short,214,928,1383,1344,0,False
PO11240,CA099,CR0935,2025-10-22,youtube,long_form,100,100,145,142,0,False
PO11241,CA099,CR0913,2025-10-22,youtube,reel,412,1869,3665,4410,0,False
PO11242,CA099,CR0060,2025-10-22,youtube,long_form,287,765,1105,1227,0,False
PO11243,CA099,CR0995,2025-10-22,youtube,short,24709,50100,97351,99073,2250,False
PO11244,CA099,CR0948,2025-10-22,youtube,carousel,21496,101644,142519,166594,2250,False
PO11245,CA099,CR0934,2025-10-22,youtube,short,100,235,409,454,0,False
PO11246,CA099,CR1067,2025-10-22,youtube,short,14680,60814,113607,115417,2250,False
PO11247,CA099,CR0075,2025-10-22,youtube,short,329,1200,1730,1757,0,False
PO11248,CA099,CR0892,2025-10-22,youtube,short,108,256,578,672,0,False
PO11249,CA099,CR1151,2025-10-22,youtube,long_form,174,2125,12778,16849,250,True
PO11250,CA099,CR1173,2025-10-22,youtube,short,2814,6470,12179,12985,250,False
PO11251,CA099,CR0697,2025-10-22,youtube,short,100,159,302,372,0,False
PO11252,CA099,CR0894,2025-10-22,youtube,reel,1027,2643,5481,5747,250,False
PO11253,CA099,CR0758,2025-10-22,youtube,reel,377,723,1868,1845,0,False
PO11254,CA099,CR0382,2025-10-22,youtube,reel,1593,3040,6784,7086,250,False
PO11255,CA099,CR0090,2025-10-22,youtube,long_form,100,248,325,359,0,False
PO11256,CA099,CR0783,2025-10-22,youtube,long_form,100,108,896,967,0,True
PO11257,CA099,CR0413,2025-10-22,youtube,long_form,12041,36015,56656,65121,2250,False
PO11258,CA099,CR0654,2025-10-22,youtube,long_form,299,680,1183,1473,0,False
PO11259,CA099,CR0784,2025-10-22,youtube,short,687,2328,3545,3934,0,False
PO11260,CA099,CR1135,2025-10-22,youtube,short,865,1952,2994,3195,0,False
PO11261,CA099,CR0818,2025-10-22,youtube,reel,100,100,348,444,0,True
PO11262,CA099,CR0715,2025-10-22,youtube,carousel,1351,1944,4187,4894,0,False
PO11263,CA099,CR0099,2025-10-22,youtube,short,2759,4676,11048,13003,250,False
PO11264,CA099,CR0674,2025-10-22,youtube,short,706,1287,2797,3063,0,False
PO11265,CA099,CR0714,2025-10-22,youtube,carousel,100,215,427,433,0,False
PO11266,CA100,CR0083,2025-10-25,instagram,carousel,4373,6476,17181,17952,450,False
PO11267,CA100,CR1010,2025-10-25,instagram,reel,1829,3786,7367,8709,0,False
PO11268,CA100,CR0682,2025-10-25,instagram,reel,2308,15798,23251,25417,450,False
PO11269,CA100,CR0501,2025-10-25,instagram,short,9168,22432,41495,45711,1850,False
PO11270,CA100,CR0567,2025-10-25,instagram,short,58830,145873,295733,361558,4600,False
PO11271,CA100,CR0801,2025-10-25,instagram,short,586,2203,3320,3289,0,False
PO11272,CA100,CR0994,2025-10-25,instagram,reel,5523,23711,45573,52948,1850,False
PO11273,CA100,CR0146,2025-10-25,instagram,reel,10111,62650,95068,111920,4600,False
PO11274,CA100,CR1157,2025-10-25,instagram,reel,2923,8504,75600,80270,1850,True
PO11275,CA100,CR0475,2025-10-25,instagram,reel,10400,27702,59806,64268,1850,False
PO11276,CA100,CR0679,2025-10-25,instagram,long_form,87719,152271,370655,405700,16150,False
PO11277,CA100,CR0856,2025-10-25,instagram,reel,8582,20929,55340,54208,1850,False
PO11278,CA100,CR0361,2025-10-25,instagram,reel,381,769,1903,1981,0,False
PO11279,CA100,CR1055,2025-10-25,instagram,reel,7238,10503,24097,27670,450,False
PO11280,CA100,CR0338,2025-10-25,instagram,short,27789,199774,309783,334161,4600,False
PO11281,CA100,CR0907,2025-10-25,instagram,carousel,125,816,1378,1500,0,False
PO11282,CA100,CR0537,2025-10-25,instagram,long_form,3582,4601,10421,12826,450,False
PO11283,CA100,CR0505,2025-10-25,instagram,reel,1791,4448,6932,8456,0,False
PO11284,CA100,CR0381,2025-10-25,instagram,reel,12634,33607,77861,95557,1850,False
PO11285,CA100,CR0189,2025-10-25,instagram,reel,1213,6949,52016,57018,1850,True
PO11286,CA100,CR0986,2025-10-25,instagram,short,3692,4798,12469,13638,450,False
PO11287,CA100,CR0363,2025-10-25,instagram,short,2784,6753,10431,12092,450,False
PO11288,CA100,CR0410,2025-10-25,instagram,long_form,1061,4021,6468,7197,0,False
PO11289,CA100,CR1176,2025-10-25,instagram,reel,282,750,1302,1426,0,False
PO11290,CA100,CR0510,2025-10-25,instagram,reel,10164,22599,48764,56939,1850,False
PO11291,CA100,CR0748,2025-10-25,instagram,long_form,662,3475,5606,5548,0,False
PO11292,CA100,CR0713,2025-10-25,instagram,short,12791,20196,40628,50100,1850,False
PO11293,CA100,CR1064,2025-10-25,instagram,long_form,2176,12218,18798,20221,450,False
PO11294,CA100,CR1102,2025-10-25,instagram,reel,2650,3637,8246,10042,0,False
PO11295,CA100,CR0287,2025-10-25,instagram,reel,2814,8712,13329,13846,450,False
PO11296,CA100,CR0002,2025-10-25,instagram,reel,43571,98896,181404,208395,4600,False
PO11297,CA100,CR0238,2025-10-25,instagram,reel,2860,6975,13022,13007,450,False
PO11298,CA100,CR0167,2025-10-25,instagram,reel,50820,92154,187001,214136,4600,False
PO11299,CA100,CR0792,2025-10-25,instagram,reel,24647,113485,169260,170046,4600,False
PO11300,CA100,CR0169,2025-10-25,instagram,reel,13134,27677,49597,49364,1850,False
PO11301,CA100,CR0049,2025-10-25,instagram,reel,875,4781,7874,8470,0,False
PO11302,CA100,CR0578,2025-10-25,instagram,long_form,2899,5742,14966,15743,450,False
PO11303,CA100,CR1084,2025-10-25,instagram,reel,384,1700,8177,10494,0,True
PO11304,CA100,CR0192,2025-10-25,instagram,reel,6502,23811,30161,37658,450,False
PO11305,CA100,CR0523,2025-10-25,instagram,reel,136,825,1075,1322,0,False
PO11306,CA100,CR0950,2025-10-25,instagram,reel,11243,22063,46845,49111,1850,False
PO11307,CA100,CR1004,2025-10-25,instagram,short,688,3744,6216,7740,0,False
PO11308,CA100,CR0841,2025-10-25,instagram,reel,4301,9172,17025,16911,450,False
PO11309,CA100,CR0542,2025-10-25,instagram,carousel,4338,7497,14805,16912,450,False
PO11310,CA100,CR0570,2025-10-25,instagram,short,1845,3853,9635,9665,0,False
PO11311,CA100,CR0017,2025-10-25,instagram,long_form,386,1577,2311,2845,0,False
PO11312,CA100,CR0158,2025-10-25,instagram,reel,24502,64005,79210,96308,1850,False
PO11313,CA100,CR1196,2025-10-25,instagram,reel,8091,43105,224120,270770,4600,True
PO11314,CA100,CR0018,2025-10-25,instagram,reel,24554,65568,95661,102034,1850,False
PO11315,CA100,CR0550,2025-10-25,instagram,reel,2409,5414,13136,13786,450,False
PO11316,CA100,CR0969,2025-10-25,instagram,reel,591,2958,5158,5297,0,False
PO11317,CA100,CR0252,2025-10-25,instagram,short,11230,32650,46861,51419,1850,False
PO11318,CA100,CR0071,2025-10-25,instagram,reel,18370,114482,142857,169846,4600,False
PO11319,CA100,CR0015,2025-10-25,instagram,reel,6737,16403,22747,27258,450,False
PO11320,CA100,CR1066,2025-10-25,instagram,carousel,878,5528,7842,8360,0,False
PO11321,CA100,CR0964,2025-10-25,instagram,reel,16243,127401,1039762,1244890,16150,True
PO11322,CA100,CR0692,2025-10-25,instagram,short,3928,16578,33326,32808,450,False
PO11323,CA100,CR0763,2025-10-25,instagram,short,462,3710,32121,36676,450,True
PO11324,CA100,CR0320,2025-10-25,instagram,reel,4334,23900,34295,34738,450,False
PO11325,CA100,CR0106,2025-10-25,instagram,long_form,14043,30328,69520,79691,1850,False
PO11326,CA100,CR0489,2025-10-25,instagram,reel,6082,17481,40182,46781,1850,False
PO11327,CA100,CR0572,2025-10-25,instagram,reel,6842,17725,25884,27861,450,False
PO11328,CA100,CR0138,2025-10-25,instagram,reel,16457,36189,60702,60784,1850,False
PO11329,CA100,CR0753,2025-10-25,instagram,short,360,967,2154,2214,0,False
PO11330,CA100,CR1042,2025-10-25,instagram,reel,15156,108515,146725,163860,4600,False
PO11331,CA100,CR0038,2025-10-25,instagram,reel,843,3676,10540,10255,0,False
PO11332,CA100,CR0219,2025-10-25,instagram,short,9896,22026,48603,53145,1850,False
PO11333,CA100,CR0151,2025-10-25,instagram,short,4301,12057,17783,17640,450,False
PO11334,CA100,CR0130,2025-10-25,instagram,reel,1087,7200,10194,11239,450,False
PO11335,CA100,CR0053,2025-10-25,instagram,reel,8834,26699,52310,58009,1850,False
PO11336,CA100,CR0203,2025-10-25,instagram,reel,12897,18233,50622,49478,1850,False
PO11337,CA100,CR0810,2025-10-25,instagram,reel,1265,2089,4285,5170,0,False
PO11338,CA100,CR0565,2025-10-25,instagram,reel,17608,56836,99810,97502,1850,False
PO11339,CA100,CR0265,2025-10-25,instagram,reel,15009,24099,58574,66753,1850,False
